height,years,reward_base_units,supply_base_units
1,0.0000,1383764049,1383764049
2630,0.0100,1381368172,3636147960685
5260,0.0200,1378975535,7265997830117
7890,0.0300,1376587042,10889560517078
10520,0.0400,1374202686,14506846911420
13150,0.0500,1371822460,18117867884167
15780,0.0600,1369446357,21722634287605
18410,0.0700,1367074369,25321156955284
21040,0.0800,1364706490,28913446701782
23670,0.0900,1362342712,32499514322828
26300,0.1000,1359983028,36079370595645
28930,0.1100,1357627432,39653026278722
31560,0.1200,1355275915,43220492112117
34190,0.1300,1352928473,46781778817101
36820,0.1400,1350585095,50336897096405
39450,0.1500,1348245777,53885857634256
42080,0.1600,1345910510,57428671096192
44710,0.1700,1343579288,60965348129447
47340,0.1800,1341252105,64495899362853
49970,0.1900,1338928952,68020335406859
52600,0.2000,1336609822,71538666853527
55230,0.2100,1334294710,75050904276307
57860,0.2200,1331983608,78557058230563
60490,0.2300,1329676509,82057139253222
63120,0.2400,1327373405,85551157863167
65750,0.2500,1325074291,89039124560954
68380,0.2600,1322779159,92521049828717
71010,0.2700,1320488003,95996944130977
73640,0.2800,1318200815,99466817913769
76270,0.2900,1315917589,102930681605083
78900,0.3000,1313638317,106388545614862
81530,0.3100,1311362993,109840420335138
84160,0.3200,1309091611,113286316139977
86790,0.3300,1306824162,116726243385148
89420,0.3400,1304560641,120160212408642
92050,0.3500,1302301040,123588233530452
94680,0.3600,1300045353,127010317052871
97310,0.3700,1297793574,130426473260347
99940,0.3800,1295545694,133836712419487
102570,0.3900,1293301708,137241044779041
105200,0.4000,1291061609,140639480570055
107830,0.4100,1288825390,144032030005732
110460,0.4200,1286593044,147418703281728
113090,0.4300,1284364565,150799510576114
115720,0.4400,1282139945,154174462049186
118350,0.4500,1279919179,157543567843845
120980,0.4600,1277702260,160906838085094
123610,0.4700,1275489180,164264282880536
126240,0.4800,1273279933,167615912320215
128870,0.4900,1271074513,170961736476832
131500,0.5000,1268872913,174301765405591
134130,0.5100,1266675127,177636009143979
136760,0.5200,1264481147,180964477712782
139390,0.5300,1262290967,184287181114959
142020,0.5400,1260104581,187604129336187
144650,0.5500,1257921982,190915332344951
147280,0.5600,1255743162,194220800092403
149910,0.5700,1253568118,197520542512755
152540,0.5800,1251396840,200814569522456
155170,0.5900,1249229324,204102891021039
157800,0.6000,1247065561,207385516890764
160430,0.6100,1244905547,210662456997074
163060,0.6200,1242749274,213933721188064
165690,0.6300,1240596735,217199319294981
168320,0.6400,1238447925,220459261131886
170950,0.6500,1236302837,223713556495825
173580,0.6601,1234161464,226962215166911
176210,0.6701,1232023801,230205246908277
178840,0.6801,1229889839,233442661466341
181470,0.6901,1227759575,236674468570536
184100,0.7001,1225632999,239900677933442
186730,0.7101,1223510107,243121299250695
189360,0.7201,1221390893,246336342201148
191990,0.7301,1219275349,249545816446943
194620,0.7401,1217163469,252749731633557
197250,0.7501,1215055247,255948097389705
199880,0.7601,1212950677,259140923327202
202510,0.7701,1210849752,262328219041785
205140,0.7801,1208752466,265509994112121
207770,0.7901,1206658812,268686258100323
210400,0.8001,1204568785,271857020552146
213030,0.8101,1202482379,275022290996646
215660,0.8201,1200399586,278182078946670
218290,0.8301,1198320400,281336393898031
220920,0.8401,1196244816,284485245330419
223550,0.8501,1194172827,287628642707015
226180,0.8601,1192104426,290766595474707
228810,0.8701,1190039609,293899113063998
231440,0.8801,1187978367,297026204889132
234070,0.8901,1185920697,300147880347916
236700,0.9001,1183866590,303264148821832
239330,0.9101,1181816040,306375019676222
241960,0.9201,1179769043,309480502260153
244590,0.9301,1177725592,312580605906555
247220,0.9401,1175685679,315675339932331
249850,0.9501,1173649300,318764713638028
252480,0.9601,1171616448,321848736308112
255110,0.9701,1169587117,324927417210833
257740,0.9801,1167561301,328000765598574
260370,0.9901,1165538994,331068790707790
263000,1.0001,1163520190,334131501758572
265630,1.0101,1161504882,337188907955289
268260,1.0201,1159493066,340241018486513
270890,1.0301,1157484733,343287842524787
273520,1.0401,1155479880,346329389226630
276150,1.0501,1153478499,349365667732926
278780,1.0601,1151480585,352396687168528
281410,1.0701,1149486130,355422456642831
284040,1.0801,1147495131,358442985248960
286670,1.0901,1145507580,361458282064463
289300,1.1001,1143523471,364468356151154
291930,1.1101,1141542800,367473216555233
294560,1.1201,1139565559,370472872307291
297190,1.1301,1137591743,373467332422221
299820,1.1401,1135621345,376456605899227
302450,1.1501,1133654361,379440701721921
305080,1.1601,1131690783,382419628858346
307710,1.1701,1129730607,385393396261152
310340,1.1801,1127773825,388362012867376
312970,1.1901,1125820433,391325487598749
315600,1.2001,1123870424,394283829361348
318230,1.2101,1121923794,397237047045836
320860,1.2201,1119980534,400185149527390
323490,1.2301,1118040641,403128145665994
326120,1.2401,1116104108,406066044306250
328750,1.2501,1114170928,408998854277317
331380,1.2601,1112241098,411926584393156
334010,1.2701,1110314609,414849243452595
336640,1.2801,1108391458,417766840239086
339270,1.2901,1106471638,420679383520821
341900,1.3001,1104555143,423586882050957
344530,1.3101,1102641967,426489344567397
347160,1.3201,1100732106,429386779793057
349790,1.3301,1098825552,432279196435477
352420,1.3401,1096922301,435166603187102
355050,1.3501,1095022346,438049008725500
357680,1.3601,1093125682,440926421713165
360310,1.3701,1091232303,443798850797590
362940,1.3801,1089342204,446666304611429
365570,1.3901,1087455378,449528791772078
368200,1.4001,1085571821,452386320882223
370830,1.4101,1083691527,455238900529502
373460,1.4201,1081814488,458086539286845
376090,1.4301,1079940701,460929245712248
378720,1.4401,1078070160,463767028349036
381350,1.4501,1076202859,466599895725529
383980,1.4601,1074338791,469427856355258
386610,1.4701,1072477954,472250918737054
389240,1.4801,1070620338,475069091355059
391870,1.4901,1068765940,477882382678793
394500,1.5001,1066914754,480690801162830
397130,1.5101,1065066775,483494355247347
399760,1.5201,1063221996,486293053358039
402390,1.5301,1061380413,489086903905738
405020,1.5401,1059542020,491875915286836
407650,1.5501,1057706810,494660095883153
410280,1.5601,1055874780,497439454062029
412910,1.5701,1054045923,500213998176437
415540,1.5801,1052220233,502983736564533
418170,1.5901,1050397706,505748677550187
420800,1.6001,1048578335,508508829442789
423430,1.6101,1046762115,511264200537508
426060,1.6201,1044949042,514014799115039
428690,1.6301,1043139109,516760633441907
431320,1.6401,1041332311,519501711770037
433950,1.6501,1039528643,522238042337159
436580,1.6601,1037728098,524969633366731
439210,1.6701,1035930672,527696493068071
441840,1.6801,1034136360,530418629636219
444470,1.6901,1032345155,533136051252141
447100,1.7001,1030557053,535848766082400
449730,1.7101,1028772048,538556782279424
452360,1.7201,1026990135,541260107981639
454990,1.7301,1025211308,543958751313325
457620,1.7401,1023435562,546652720384733
460250,1.7501,1021662892,549342023291967
462880,1.7601,1019893292,552026668117143
465510,1.7701,1018126758,554706662928599
468140,1.7801,1016363283,557382015780428
470770,1.7901,1014602863,560052734712889
473400,1.8001,1012845492,562718827752314
476030,1.8101,1011091164,565380302911171
478660,1.8201,1009339876,568037168188067
481290,1.8301,1007591621,570689431567511
483920,1.8401,1005846394,573337101020383
486550,1.8501,1004104190,575980184503657
489180,1.8601,1002365003,578618689960661
491810,1.8701,1000628829,581252625320875
494440,1.8801,998895661,583881998500153
497070,1.8901,997165496,586506817400485
499700,1.9001,995438328,589127089910155
502330,1.9101,993714152,591742823903913
504960,1.9201,991992961,594354027242784
507590,1.9301,990274752,596960707774249
510220,1.9401,988559520,599562873332352
512850,1.9501,986847257,602160531737252
515480,1.9601,985137961,604753690795630
518110,1.9701,983431626,607342358300645
520740,1.9802,981728245,609926542032082
523370,1.9902,980027816,612506249756208
526000,2.0002,978330331,615081489225443
528630,2.0102,976635787,617652268179225
531260,2.0202,974944177,620218594343835
533890,2.0302,973255498,622780475431738
536520,2.0402,971569744,625337919142167
539150,2.0502,969886909,627890933161118
541780,2.0602,968206990,630439525161150
544410,2.0702,966529980,632983702801639
547040,2.0802,964855875,635523473728476
549670,2.0902,963184670,638058845574375
552300,2.1002,961516359,640589825958893
554930,2.1102,959850938,643116422488411
557560,2.1202,958188401,645638642756142
560190,2.1302,956528744,648156494342155
562820,2.1402,954871962,650669984813288
565450,2.1502,953218050,653179121723267
568080,2.1602,951567002,655683912612809
570710,2.1702,949918814,658184365009594
573340,2.1802,948273481,660680486428255
575970,2.1902,946630997,663172284370539
578600,2.2002,944991358,665659766324867
581230,2.2102,943354560,668142939766882
583860,2.2202,941720597,670621812159197
586490,2.2302,940089463,673096390951617
589120,2.2402,938461155,675566683580976
591750,2.2502,936835667,678032697471103
594380,2.2602,935212995,680494440033240
597010,2.2702,933593133,682951918665656
599640,2.2802,931976077,685405140753824
602270,2.2902,930361822,687854113670374
604900,2.3002,928750363,690298844775278
607530,2.3102,927141695,692739341415737
610160,2.3202,925535813,695175610926178
612790,2.3302,923932714,697607660628223
615420,2.3402,922332390,700035497830857
618050,2.3502,920734839,702459129830500
620680,2.3602,919140054,704878563910880
623310,2.3702,917548032,707293807343199
625940,2.3802,915958768,709704867386008
628570,2.3902,914372256,712111751285174
631200,2.4002,912788492,714514466274096
633830,2.4102,911207471,716913019573612
636460,2.4202,909629189,719307418392222
639090,2.4302,908053641,721697669925686
641720,2.4402,906480821,724083781357656
644350,2.4502,904910725,726465759858943
646980,2.4602,903343349,728843612588090
649610,2.4702,901778689,731217346691197
652240,2.4802,900216737,733586969302080
654870,2.4902,898657492,735952487542213
657500,2.5002,897100947,738313908520430
660130,2.5102,895547099,740671239333717
662760,2.5202,893995942,743024487066563
665390,2.5302,892447471,745373658791163
668020,2.5402,890901683,747718761567498
670650,2.5502,889358571,750059802443300
673280,2.5602,887818133,752396788454262
675910,2.5702,886280363,754729726623645
678540,2.5802,884745256,757058623962577
681170,2.5902,883212809,759383487470029
683800,2.6002,881683015,761704324132916
686430,2.6102,880155872,764021140926118
689060,2.6202,878631374,766333944812338
691690,2.6302,877109515,768642742742273
694320,2.6402,875590294,770947541654523
696950,2.6502,874073703,773248348475693
699580,2.6602,872559740,775545170120343
702210,2.6702,871048398,777838013491168
704840,2.6802,869539674,780126885478848
707470,2.6902,868033564,782411792962280
710100,2.7002,866530062,784692742808153
712730,2.7102,865029165,786969741871358
715360,2.7202,863530867,789242796994951
717990,2.7302,862035164,791511915010111
720620,2.7402,860542052,793777102736332
723250,2.7502,859051526,796038366980943
725880,2.7602,857563582,798295714539907
728510,2.7702,856078216,800549152197221
731140,2.7802,854595421,802798686725089
733770,2.7902,853115196,805044324884117
736400,2.8002,851637534,807286073423065
739030,2.8102,850162431,809523939079195
741660,2.8202,848689884,811757928577918
744290,2.8302,847219887,813988048633001
746920,2.8402,845752436,816214305946536
749550,2.8502,844287527,818436707209075
752180,2.8602,842825156,820655259099749
754810,2.8702,841365317,822869968285904
757440,2.8802,839908007,825080841423429
760070,2.8902,838453220,827287885156643
762700,2.9002,837000954,829491106118319
765330,2.9102,835551203,831690510929800
767960,2.9202,834103963,833886106200964
770590,2.9302,832659231,836077898530342
773220,2.9402,831217000,838265894504922
775850,2.9502,829777268,840450100700219
778480,2.9602,828340029,842630523680341
781110,2.9702,826905280,844807169998178
783740,2.9802,825473015,846980046195209
786370,2.9902,824043232,849149158801545
789000,3.0002,822615924,851314514335793
791630,3.0102,821191090,853476119305733
794260,3.0202,819768723,855633980207679
796890,3.0302,818348820,857788103526528
799520,3.0402,816931376,859938495736112
802150,3.0502,815516387,862085163299072
804780,3.0602,814103849,864228112666865
807410,3.0702,812693758,866367350279676
810040,3.0802,811286109,868502882566443
812670,3.0902,809880898,870634715945025
815300,3.1002,808478122,872762856822273
817930,3.1102,807077774,874887311593935
820560,3.1202,805679853,877008086644618
823190,3.1302,804284353,879125188347913
825820,3.1402,802891270,881238623066320
828450,3.1502,801500600,883348397151266
831080,3.1602,800112338,885454516943281
833710,3.1702,798726482,887556988771923
836340,3.1802,797343025,889655818955801
838970,3.1902,795961965,891751013802582
841600,3.2002,794583296,893842579608794
844230,3.2102,793207017,895930522660277
846860,3.2202,791833120,898014849231863
849490,3.2302,790461604,900095565587619
852120,3.2402,789092463,902172677980673
854750,3.2502,787725693,904246192653318
857380,3.2602,786361291,906316115837160
860010,3.2702,784999252,908382453752931
862640,3.2802,783639572,910445212610609
865270,3.2903,782282248,912504398609372
867900,3.3003,780927274,914560017937768
870530,3.3103,779574647,916612076773652
873160,3.3203,778224363,918660581283931
875790,3.3303,776876418,920705537624978
878420,3.3403,775530808,922746951942468
881050,3.3503,774187528,924784830371473
883680,3.3603,772846575,926819179036431
886310,3.3703,771507944,928850004051236
888940,3.3803,770171633,930877311519091
891570,3.3903,768837636,932901107532664
894200,3.4003,767505949,934921398174028
896830,3.4103,766176569,936938189514732
899460,3.4203,764849491,938951487615892
902090,3.4303,763524713,940961298528100
904720,3.4403,762202228,942967628291520
907350,3.4503,760882034,944970482935643
909980,3.4603,759564128,946969868479639
912610,3.4703,758248504,948965790932228
915240,3.4803,756935158,950958256291784
917870,3.4903,755624088,952947270546261
920500,3.5003,754315288,954932839673017
923130,3.5103,753008755,956914969639561
925760,3.5203,751704485,958893666402754
928390,3.5303,750402475,960868935909127
931020,3.5403,749102719,962840784094956
933650,3.5503,747805215,964809216886257
936280,3.5603,746509958,966774240198929
938910,3.5703,745216945,968735859938300
941540,3.5803,743926171,970694081999683
944170,3.5903,742637633,972648912267952
946800,3.6003,741351327,974600356618121
949430,3.6103,740067249,976548420914746
952060,3.6203,738785395,978493111012483
954690,3.6303,737505761,980434432755629
957320,3.6403,736228343,982372391978448
959950,3.6503,734953139,984306994505040
962580,3.6603,733680143,986238246149465
965210,3.6703,732409351,988166152715791
967840,3.6803,731140762,990090719997964
970470,3.6903,729874369,992011953779923
973100,3.7003,728610169,993929859835437
975730,3.7103,727348160,995844443928407
978360,3.7203,726088337,997755711812678
980990,3.7303,724830695,999663669232210
983620,3.7403,723575232,1001568321921010
986250,3.7503,722321943,1003469675602994
988880,3.7603,721070825,1005367735992412
991510,3.7703,719821874,1007262508793568
994140,3.7803,718575087,1009153999700691
996770,3.7903,717330459,1011042214398378
999400,3.8003,716087987,1012927158561235
1002030,3.8103,714847666,1014808837854307
1004660,3.8203,713609495,1016687257932382
1007290,3.8303,712373468,1018562424440680
1009920,3.8403,711139582,1020434343014633
1012550,3.8503,709907832,1022303019279906
1015180,3.8603,708678217,1024168458852473
1017810,3.8703,707450731,1026030667338557
1020440,3.8803,706225371,1027889650334647
1023070,3.8903,705002134,1029745413427494
1025700,3.9003,703781015,1031597962194248
1028330,3.9103,702562012,1033447302202342
1030960,3.9203,701345120,1035293439009577
1033590,3.9303,700130336,1037136378164320
1036220,3.9403,698917655,1038976125205055
1038850,3.9503,697707075,1040812685660742
1041480,3.9603,696498592,1042646065050782
1044110,3.9703,695292203,1044476268885022
1046740,3.9803,694087902,1046303302663775
1049370,3.9903,692885688,1048127171877744
1052000,4.0003,691685556,1049947882008153
1054630,4.0103,690487503,1051765438526861
1057260,4.0203,689291525,1053579846896262
1059890,4.0303,688097618,1055391112569104
1062520,4.0403,686905780,1057199240988851
1065150,4.0503,685716006,1059004237589483
1067780,4.0603,684528292,1060806107795647
1070410,4.0703,683342636,1062604857022384
1073040,4.0803,682159033,1064400490675477
1075670,4.0903,680977480,1066193014151298
1078300,4.1003,679797974,1067982432836952
1080930,4.1103,678620512,1069768752110199
1083560,4.1203,677445088,1071551977339515
1086190,4.1303,676271701,1073332113883940
1088820,4.1403,675100346,1075109167093346
1091450,4.1503,673931019,1076883142308265
1094080,4.1603,672763718,1078654044860046
1096710,4.1703,671598439,1080421880070751
1099340,4.1803,670435178,1082186653253433
1101970,4.1903,669273932,1083948369711630
1104600,4.2003,668114697,1085707034739869
1107230,4.2103,666957471,1087462653623372
1109860,4.2203,665802249,1089215231638304
1112490,4.2303,664649027,1090964774051746
1115120,4.2403,663497804,1092711286121495
1117750,4.2503,662348574,1094454773096342
1120380,4.2603,661201334,1096195240216053
1123010,4.2703,660056082,1097932692711292
1125640,4.2803,658912814,1099667135803537
1128270,4.2903,657771525,1101398574705377
1130900,4.3003,656632214,1103127014620287
1133530,4.3103,655494876,1104852460742887
1136160,4.3203,654359508,1106574918258523
1138790,4.3303,653226106,1108294392343659
1141420,4.3403,652094668,1110010888165865
1144050,4.3503,650965189,1111724410883727
1146680,4.3603,649837667,1113434965646878
1149310,4.3703,648712097,1115142557596092
1151940,4.3803,647588478,1116847191863188
1154570,4.3903,646466804,1118548873571091
1157200,4.4003,645347073,1120247607833763
1159830,4.4103,644229282,1121943399756548
1162460,4.4203,643113426,1123636254435740
1165090,4.4303,641999504,1125326176958944
1167720,4.4403,640887511,1127013172404863
1170350,4.4503,639777443,1128697245843406
1172980,4.4603,638669300,1130378402335653
1175610,4.4703,637563075,1132056646934002
1178240,4.4803,636458766,1133731984682127
1180870,4.4903,635356369,1135404420614728
1183500,4.5003,634255883,1137073959758073
1186130,4.5103,633157302,1138740607129682
1188760,4.5203,632060625,1140404367738333
1191390,4.5303,630965847,1142065246584102
1194020,4.5403,629872964,1143723248658422
1196650,4.5503,628781975,1145378378944169
1199280,4.5603,627692876,1147030642415572
1201910,4.5703,626605663,1148680044038061
1204540,4.5803,625520333,1150326588768548
1207170,4.5903,624436883,1151970281555391
1209800,4.6003,623355311,1153611127338424
1212430,4.6104,622275610,1155249131048861
1215060,4.6204,621197780,1156884297609487
1217690,4.6304,620121818,1158516631934311
1220320,4.6404,619047718,1160146138929069
1222950,4.6504,617975480,1161772823490861
1225580,4.6604,616905098,1163396690508422
1228210,4.6704,615836571,1165017744861931
1230840,4.6804,614769893,1166635991423224
1233470,4.6904,613705064,1168251435055558
1236100,4.7004,612642079,1169864080613818
1238730,4.7104,611580936,1171473932944452
1241360,4.7204,610521630,1173080996885511
1243990,4.7304,609464159,1174685277266788
1246620,4.7404,608408519,1176286778909519
1249250,4.7504,607354709,1177885506626684
1251880,4.7604,606302723,1179481465223082
1254510,4.7704,605252559,1181074659494946
1257140,4.7804,604204215,1182665094230325
1259770,4.7904,603157686,1184252774208938
1262400,4.8004,602112970,1185837704202339
1265030,4.8104,601070063,1187419888973714
1267660,4.8204,600028963,1188999333277934
1270290,4.8304,598989667,1190576041861718
1272920,4.8404,597952170,1192150019463463
1275550,4.8504,596916470,1193721270813506
1278180,4.8604,595882564,1195289800633935
1280810,4.8704,594850449,1196855613638722
1283440,4.8804,593820122,1198418714533532
1286070,4.8904,592791579,1199979108015913
1288700,4.9004,591764818,1201536798775347
1291330,4.9104,590739836,1203091791493122
1293960,4.9204,589716628,1204644090842531
1296590,4.9304,588695193,1206193701488742
1299220,4.9404,587675527,1207740628088740
1301850,4.9504,586657628,1209284875291514
1304480,4.9604,585641491,1210826447737884
1307110,4.9704,584627114,1212365350060771
1309740,4.9804,583614495,1213901586885130
1312370,4.9904,582603629,1215435162827657
1315000,5.0004,581594514,1216966082497189
1317630,5.0104,580587147,1218494350494741
1320260,5.0204,579581525,1220019971413150
1322890,5.0304,578577645,1221542949837373
1325520,5.0404,577575503,1223063290344438
1328150,5.0504,576575097,1224580997503494
1330780,5.0604,575576424,1226096075875728
1333410,5.0704,574579481,1227608530014282
1336040,5.0804,573584265,1229118364464529
1338670,5.0904,572590772,1230625583764001
1341300,5.1004,571599001,1232130192442344
1343930,5.1104,570608947,1233632195021381
1346560,5.1204,569620607,1235131596015121
1349190,5.1304,568633980,1236628399929657
1351820,5.1404,567649062,1238122611263323
1354450,5.1504,566665849,1239614234506616
1357080,5.1604,565684340,1241103274142386
1359710,5.1704,564704531,1242589734645603
1362340,5.1804,563726419,1244073620483681
1364970,5.1904,562750001,1245554936115972
1367600,5.2004,561775274,1247033685994351
1370230,5.2104,560802236,1248509874562823
1372860,5.2204,559830882,1249983506257802
1375490,5.2304,558861212,1251454585507982
1378120,5.2404,557893220,1252923116734355
1380750,5.2504,556926906,1254389104350328
1383380,5.2604,555962265,1255852552761653
1386010,5.2704,554999295,1257313466366421
1388640,5.2804,554037994,1258771849555091
1391270,5.2904,553078356,1260227706710619
1393900,5.3004,552120382,1261681042208292
1396530,5.3104,551164066,1263131860415823
1399160,5.3204,550209407,1264580165693356
1401790,5.3304,549256402,1266025962393370
1404420,5.3404,548305047,1267469254860962
1407050,5.3504,547355340,1268910047433671
1409680,5.3604,546407278,1270348344441544
1412310,5.3704,545460858,1271784150207129
1414940,5.3804,544516077,1273217469045365
1417570,5.3904,543572933,1274648305263830
1420200,5.4004,542631422,1276076663162554
1422830,5.4104,541691542,1277502547034268
1425460,5.4204,540753291,1278925961164141
1428090,5.4304,539816664,1280346909830099
1430720,5.4404,538881659,1281765397302353
1433350,5.4504,537948274,1283181427843916
1435980,5.4604,537016506,1284595005710329
1438610,5.4704,536086352,1286006135149864
1441240,5.4804,535157808,1287414820403408
1443870,5.4904,534230873,1288821065704338
1446500,5.5004,533305544,1290224875278947
1449130,5.5104,532381817,1291626253346076
1451760,5.5204,531459691,1293025204117333
1454390,5.5304,530539161,1294421731796950
1457020,5.5404,529620226,1295815840581969
1459650,5.5504,528702882,1297207534662107
1462280,5.5604,527787128,1298596818219859
1464910,5.5704,526872960,1299983695430414
1467540,5.5804,525960375,1301368170461638
1470170,5.5904,525049370,1302750247474335
1472800,5.6004,524139944,1304129930622117
1475430,5.6104,523232093,1305507224051325
1478060,5.6204,522325814,1306882131901160
1480690,5.6304,521421105,1308254658303606
1483320,5.6404,520517963,1309624807383492
1485950,5.6504,519616385,1310992583258510
1488580,5.6604,518716370,1312357990039292
1491210,5.6704,517817912,1313721031829262
1493840,5.6804,516921011,1315081712724859
1496470,5.6904,516025664,1316440036815271
1499100,5.7004,515131867,1317796008182660
1501730,5.7104,514239619,1319149630902038
1504360,5.7204,513348916,1320500909041519
1506990,5.7304,512459756,1321849846662119
1509620,5.7404,511572135,1323196447817702
1512250,5.7504,510686052,1324540716555251
1514880,5.7604,509801504,1325882656914739
1517510,5.7704,508918489,1327222272929035
1520140,5.7804,508037002,1328559568624148
1522770,5.7904,507157043,1329894548019067
1525400,5.8004,506278607,1331227215125856
1528030,5.8104,505401693,1332557573949537
1530660,5.8204,504526298,1333885628488214
1533290,5.8304,503652419,1335211382733030
1535920,5.8404,502780054,1336534840668288
1538550,5.8504,501909200,1337856006271459
1541180,5.8604,501039854,1339174883512977
1543810,5.8704,500172015,1340491476356452
1546440,5.8804,499305677,1341805788758706
1549070,5.8904,498440841,1343117824669571
1551700,5.9004,497577503,1344427588032089
1554330,5.9104,496715660,1345735082782544
1556960,5.9205,495855310,1347040312850345
1559590,5.9305,494996450,1348343282158179
1562220,5.9405,494139077,1349643994621786
1564850,5.9505,493283190,1350942454150162
1567480,5.9605,492428785,1352238664645550
1570110,5.9705,491575860,1353532630003473
1572740,5.9805,490724412,1354824354112707
1575370,5.9905,489874440,1356113840855003
1578000,6.0005,489025939,1357401094105844
1580630,6.0105,488178908,1358686117733902
1583260,6.0205,487333344,1359968915601009
1585890,6.0305,486489245,1361249491562408
1588520,6.0405,485646607,1362527849466522
1591150,6.0505,484805430,1363803993155325
1593780,6.0605,483965709,1365077926463979
1596410,6.0705,483127442,1366349653221009
1599040,6.0805,482290628,1367619177248336
1601670,6.0905,481455264,1368886502361216
1604300,6.1005,480621346,1370151632368351
1606930,6.1105,479788872,1371414571071867
1609560,6.1205,478957840,1372675322267281
1612190,6.1305,478128248,1373933889743565
1614820,6.1405,477300093,1375190277282983
1617450,6.1505,476473372,1376444488661389
1620080,6.1605,475648083,1377696527648080
1622710,6.1705,474824223,1378946398005851
1625340,6.1805,474001791,1380194103490927
1627970,6.1905,473180783,1381439647853034
1630600,6.2005,472361197,1382683034835370
1633230,6.2105,471543031,1383924268174643
1635860,6.2205,470726281,1385163351601198
1638490,6.2305,469910947,1386400288838796
1641120,6.2405,469097025,1387635083604754
1643750,6.2505,468284512,1388867739610054
1646380,6.2605,467473407,1390098260559272
1649010,6.2705,466663706,1391326650150365
1651640,6.2805,465855408,1392552912075107
1654270,6.2905,465048511,1393777050018751
1656900,6.3005,464243010,1394999067660306
1659530,6.3105,463438905,1396218968672208
1662160,6.3205,462636193,1397436756720626
1664790,6.3305,461834871,1398652435465346
1667420,6.3405,461034937,1399866008559848
1670050,6.3505,460236389,1401077479651334
1672680,6.3605,459439224,1402286852380595
1675310,6.3705,458643439,1403494130382191
1677940,6.3805,457849033,1404699317284360
1680570,6.3905,457056003,1405902416709015
1683200,6.4005,456264347,1407103432271792
1685830,6.4105,455474061,1408302367582181
1688460,6.4205,454685144,1409499226243292
1691090,6.4305,453897595,1410694011852135
1693720,6.4405,453111409,1411886727999330
1696350,6.4505,452326584,1413077378269357
1698980,6.4605,451543119,1414265966240394
1701610,6.4705,450761012,1415452495484548
1704240,6.4805,449980258,1416636969567719
1706870,6.4905,449200858,1417819392049480
1709500,6.5005,448422807,1418999766483443
1712130,6.5105,447646103,1420178096417041
1714760,6.5205,446870746,1421354385391497
1717390,6.5305,446096731,1422528636941881
1720020,6.5405,445324057,1423700854597162
1722650,6.5505,444552721,1424871041880326
1725280,6.5605,443782721,1426039202308074
1727910,6.5705,443014054,1427205339391071
1730540,6.5805,442246719,1428369456633842
1733170,6.5905,441480714,1429531557534962
1735800,6.6005,440716035,1430691645586864
1738430,6.6105,439952681,1431849724276004
1741060,6.6205,439190648,1433005797082759
1743690,6.6305,438429936,1434159867481451
1746320,6.6405,437670541,1435311938940366
1748950,6.6505,436912462,1436462014921845
1751580,6.6605,436155695,1437610098882231
1754210,6.6705,435400240,1438756194271865
1756840,6.6805,434646092,1439900304535128
1759470,6.6905,433893252,1441042433110410
1762100,6.7005,433141715,1442182583430070
1764730,6.7105,432391480,1443320758920633
1767360,6.7205,431642544,1444456963002628
1769990,6.7305,430894905,1445591199090778
1772620,6.7405,430148562,1446723470593671
1775250,6.7505,429403511,1447853780914203
1777880,6.7605,428659751,1448982133449264
1780510,6.7705,427917279,1450108531589891
1783140,6.7805,427176093,1451232978721284
1785770,6.7905,426436190,1452355478222747
1788400,6.8005,425697570,1453476033467808
1791030,6.8105,424960229,1454594647823955
1793660,6.8205,424224164,1455711324653005
1796290,6.8305,423489375,1456826067310856
1798920,6.8405,422755859,1457938879147677
1801550,6.8505,422023613,1459049763507771
1804180,6.8605,421292635,1460158723729716
1806810,6.8705,420562923,1461265763146273
1809440,6.8805,419834475,1462370885084396
1812070,6.8905,419107289,1463474092865313
1814700,6.9005,418381363,1464575389804461
1817330,6.9105,417656694,1465674779211666
1819960,6.9205,416933280,1466772264390892
1822590,6.9305,416211119,1467867848640386
1825220,6.9405,415490209,1468961535252699
1827850,6.9505,414770548,1470053327514662
1830480,6.9605,414052133,1471143228707446
1833110,6.9705,413334963,1472231242106561
1835740,6.9805,412619034,1473317370981751
1838370,6.9905,411904346,1474401618597122
1841000,7.0005,411190895,1475483988211249
1843630,7.0105,410478681,1476564483076947
1846260,7.0205,409767700,1477643106441416
1848890,7.0305,409057950,1478719861546320
1851520,7.0405,408349430,1479794751627570
1854150,7.0505,407642137,1480867779915628
1856780,7.0605,406936069,1481938949635172
1859410,7.0705,406231224,1483008264005398
1862040,7.0805,405527600,1484075726239881
1864670,7.0905,404825195,1485141339546724
1867300,7.1005,404124006,1486205107128355
1869930,7.1105,403424032,1487267032181770
1872560,7.1205,402725270,1488327117898396
1875190,7.1305,402027718,1489385367464032
1877820,7.1405,401331375,1490441784059054
1880450,7.1505,400636238,1491496370858309
1883080,7.1605,399942305,1492549131031163
1885710,7.1705,399249574,1493600067741532
1888340,7.1805,398558042,1494649184147750
1890970,7.1905,397867709,1495696483402715
1893600,7.2005,397178571,1496741968653814
1896230,7.2105,396490627,1497785643043066
1898860,7.2205,395803874,1498827509707117
1901490,7.2305,395118311,1499867571776959
1904120,7.2406,394433935,1500905832378284
1906750,7.2506,393750745,1501942294631465
1909380,7.2606,393068738,1502976961651352
1912010,7.2706,392387913,1504009836547411
1914640,7.2806,391708266,1505040922423770
1917270,7.2906,391029797,1506070222379119
1919900,7.3006,390352503,1507097739506930
1922530,7.3106,389676382,1508123476895124
1925160,7.3206,389001432,1509147437626342
1927790,7.3306,388327651,1510169624777855
1930420,7.3406,387655038,1511190041421671
1933050,7.3506,386983589,1512208690624463
1935680,7.3606,386313303,1513225575447594
1938310,7.3706,385644178,1514240698947041
1940940,7.3806,384976213,1515254064173603
1943570,7.3906,384309404,1516265674172707
1946200,7.4006,383643750,1517275531984581
1948830,7.4106,382979249,1518283640644127
1951460,7.4206,382315900,1519290003181048
1954090,7.4306,381653699,1520294622619751
1956720,7.4406,380992644,1521297501979411
1959350,7.4506,380332736,1522298644273956
1961980,7.4606,379673970,1523298052512109
1964610,7.4706,379016345,1524295729697417
1967240,7.4806,378359859,1525291678828149
1969870,7.4906,377704511,1526285902897402
1972500,7.5006,377050297,1527278404893218
1975130,7.5106,376397216,1528269187798309
1977760,7.5206,375745267,1529258254590284
1980390,7.5306,375094447,1530245608241594
1983020,7.5406,374444754,1531231251719560
1985650,7.5506,373796187,1532215187986392
1988280,7.5606,373148743,1533197419999032
1990910,7.5706,372502420,1534177950709364
1993540,7.5806,371857217,1535156783064167
1996170,7.5906,371213131,1536133920005168
1998800,7.6006,370570161,1537109364468935
2001430,7.6106,369928305,1538083119387032
2004060,7.6206,369287560,1539055187685806
2006690,7.6306,368647925,1540025572286650
2009320,7.6406,368009399,1540994276105820
2011950,7.6506,367371978,1541961302054578
2014580,7.6606,366735661,1542926653039115
2017210,7.6706,366100446,1543890331960703
2019840,7.6806,365466332,1544852341715420
2022470,7.6906,364833315,1545812685194364
2025100,7.7006,364201396,1546771365283663
2027730,7.7106,363570571,1547728384864388
2030360,7.7206,362940838,1548683746812748
2032990,7.7306,362312196,1549637453999834
2035620,7.7406,361684643,1550589509291799
2038250,7.7506,361058177,1551539915549911
2040880,7.7606,360432796,1552488675630407
2043510,7.7706,359808499,1553435792384589
2046140,7.7806,359185283,1554381268658852
2048770,7.7906,358563146,1555325107294622
2051400,7.8006,357942086,1556267311128516
2054030,7.8106,357322103,1557207882992011
2056660,7.8206,356703193,1558146825711834
2059290,7.8306,356085356,1559084142109753
2061920,7.8406,355468588,1560019835002766
2064550,7.8506,354852889,1560953907202861
2067180,7.8606,354238256,1561886361517217
2069810,7.8706,353624688,1562817200748157
2072440,7.8806,353012182,1563746427693062
2075070,7.8906,352400738,1564674045144565
2077700,7.9006,351790352,1565600055890491
2080330,7.9106,351181024,1566524462713708
2082960,7.9206,350572751,1567447268392456
2085590,7.9306,349965532,1568368475699944
2088220,7.9406,349359364,1569288087404670
2090850,7.9506,348754246,1570206106270360
2093480,7.9606,348150177,1571122535055896
2096110,7.9706,347547154,1572037376515467
2098740,7.9806,346945175,1572950633398481
2101370,7.9906,346344239,1573862308449500
2104000,8.0006,345744344,1574772404408395
2106630,8.0106,345145488,1575680924010259
2109260,8.0206,344547669,1576587869985428
2111890,8.0306,343950886,1577493245059582
2114520,8.0406,343355136,1578397051953687
2117150,8.0506,342760418,1579299293383974
2119780,8.0606,342166731,1580199972061857
2122410,8.0706,341574071,1581099090694203
2125040,8.0806,340982438,1581996651983073
2127670,8.0906,340391830,1582892658625923
2130300,8.1006,339802245,1583787113315551
2132930,8.1106,339213681,1584680018740063
2135560,8.1206,338626136,1585571377582895
2138190,8.1306,338039610,1586461192522841
2140820,8.1406,337454099,1587349466234034
2143450,8.1506,336869602,1588236201386037
2146080,8.1606,336286117,1589121400643762
2148710,8.1706,335703644,1590005066667535
2151340,8.1806,335122179,1590887202112952
2153970,8.1906,334541721,1591767809631180
2156600,8.2006,333962269,1592646891868623
2159230,8.2106,333383821,1593524451467198
2161860,8.2206,332806374,1594400491064235
2164490,8.2306,332229927,1595275013292492
2167120,8.2406,331654479,1596148020780185
2169750,8.2506,331080028,1597019516150982
2172380,8.2606,330506571,1597889502023933
2175010,8.2706,329934108,1598757981013627
2177640,8.2806,329362637,1599624955730140
2180270,8.2906,328792155,1600490428778973
2182900,8.3006,328222661,1601354402761146
2185530,8.3106,327654154,1602216880273180
2188160,8.3206,327086632,1603077863907029
2190790,8.3306,326520092,1603937356250208
2193420,8.3406,325954534,1604795359885775
2196050,8.3506,325389955,1605651877392247
2198680,8.3606,324826355,1606506911343783
2201310,8.3706,324263730,1607360464309973
2203940,8.3806,323702080,1608212538855998
2206570,8.3906,323141403,1609063137542567
2209200,8.4006,322581697,1609912262926020
2211830,8.4106,322022960,1610759917558213
2214460,8.4206,321465191,1611606103986681
2217090,8.4306,320908389,1612450824754428
2219720,8.4406,320352550,1613294082400027
2222350,8.4506,319797675,1614135879457782
2224980,8.4606,319243760,1614976218457485
2227610,8.4706,318690805,1615815101924654
2230240,8.4806,318138808,1616652532380250
2232870,8.4906,317587767,1617488512341146
2235500,8.5006,317037680,1618323044319673
2238130,8.5106,316488546,1619156130823846
2240760,8.5206,315940363,1619987774357363
2243390,8.5306,315393130,1620817977419557
2246020,8.5406,314846845,1621646742505472
2248650,8.5507,314301506,1622474072105784
2251280,8.5607,313757111,1623299968706841
2253910,8.5707,313213659,1624124434790705
2256540,8.5807,312671148,1624947472835151
2259170,8.5907,312129578,1625769085313636
2261800,8.6007,311588945,1626589274695370
2264430,8.6107,311049249,1627408043445301
2267060,8.6207,310510487,1628225394024036
2269690,8.6307,309972659,1629041328887946
2272320,8.6407,309435762,1629855850489156
2274950,8.6507,308899795,1630668961275554
2277580,8.6607,308364757,1631480663690784
2280210,8.6707,307830645,1632290960174348
2282840,8.6807,307297458,1633099853161321
2285470,8.6907,306765195,1633907345082712
2288100,8.7007,306233854,1634713438365191
2290730,8.7107,305703433,1635518135431377
2293360,8.7207,305173931,1636321438699629
2295990,8.7307,304645346,1637123350584034
2298620,8.7407,304117677,1637923873494645
2301250,8.7507,303590921,1638723009837278
2303880,8.7607,303065078,1639520762013531
2306510,8.7707,302540146,1640317132420942
2309140,8.7807,302016123,1641112123452865
2311770,8.7907,301493007,1641905737498467
2314400,8.8007,300970798,1642697976942788
2317030,8.8107,300449493,1643488844166769
2319660,8.8207,299929091,1644278341547119
2322290,8.8307,299409591,1645066471456577
2324920,8.8407,298890990,1645853236263683
2327550,8.8507,298373287,1646638638332913
2330180,8.8607,297856482,1647422680024692
2332810,8.8707,297340571,1648205363695213
2335440,8.8807,296825554,1648986691696710
2338070,8.8907,296311429,1649766666377266
2340700,8.9007,295798195,1650545290081030
2343330,8.9107,295285849,1651322565147935
2345960,8.9207,294774391,1652098493913961
2348590,8.9307,294263819,1652873078710976
2351220,8.9407,293754131,1653646321866823
2353850,8.9507,293245326,1654418225705350
2356480,8.9607,292737402,1655188792546358
2359110,8.9707,292230358,1655958024705618
2361740,8.9807,291724193,1656725924494847
2364370,8.9907,291218904,1657492494221852
2367000,9.0007,290714490,1658257736190449
2369630,9.0107,290210950,1659021652700356
2372260,9.0207,289708282,1659784246047411
2374890,9.0307,289206484,1660545518523439
2377520,9.0407,288705556,1661305472416361
2380150,9.0507,288205496,1662064110010020
2382780,9.0607,287706302,1662821433584321
2385410,9.0707,287207972,1663577445415243
2388040,9.0807,286710505,1664332147774827
2390670,9.0907,286213900,1665085542931210
2393300,9.1007,285718156,1665837633148532
2395930,9.1107,285223269,1666588420687078
2398560,9.1207,284729241,1667337907803185
2401190,9.1307,284236067,1668086096749241
2403820,9.1407,283743748,1668832989773833
2406450,9.1507,283252282,1669578589121579
2409080,9.1607,282761667,1670322897033246
2411710,9.1707,282271902,1671065915745719
2414340,9.1807,281782985,1671807647491969
2416970,9.1907,281294915,1672548094501101
2419600,9.2007,280807690,1673287258998362
2422230,9.2107,280321310,1674025143205213
2424860,9.2207,279835771,1674761749339160
2427490,9.2307,279351074,1675497079613892
2430120,9.2407,278867216,1676231136239377
2432750,9.2507,278384196,1676963921421665
2435380,9.2607,277902013,1677695437362960
2438010,9.2707,277420665,1678425686261710
2440640,9.2807,276940151,1679154670312552
2443270,9.2907,276460469,1679882391706311
2445900,9.3007,275981618,1680608852630001
2448530,9.3107,275503596,1681334055266830
2451160,9.3207,275026403,1682058001796239
2453790,9.3307,274550036,1682780694393902
2456420,9.3407,274074494,1683502135231756
2459050,9.3507,273599775,1684222326477933
2461680,9.3607,273125879,1684941270296818
2464310,9.3707,272652804,1685658968849099
2466940,9.3807,272180548,1686375424291606
2469570,9.3907,271709110,1687090638777526
2472200,9.4007,271238489,1687804614456294
2474830,9.4107,270768683,1688517353473617
2477460,9.4207,270299690,1689228857971540
2480090,9.4307,269831510,1689939130088281
2482720,9.4407,269364141,1690648171958465
2485350,9.4507,268897581,1691355985712933
2487980,9.4607,268431830,1692062573478927
2490610,9.4707,267966885,1692767937379857
2493240,9.4807,267502746,1693472079535548
2495870,9.4907,267039410,1694175002062219
2498500,9.5007,266576877,1694876707072360
2501130,9.5107,266115145,1695577196674797
2503760,9.5207,265654213,1696276472974753
2506390,9.5307,265194079,1696974538073712
2509020,9.5407,264734742,1697671394069643
2511650,9.5507,264276201,1698367043056771
2514280,9.5607,263818454,1699061487125715
2516910,9.5707,263361500,1699754728363451
2519540,9.5807,262905338,1700446768853412
2522170,9.5907,262449965,1701137610675392
2524800,9.6007,261995381,1701827255905588
2527430,9.6107,261541585,1702515706616579
2530060,9.6207,261088574,1703202964877361
2532690,9.6307,260636349,1703889032753329
2535320,9.6407,260184906,1704573912306340
2537950,9.6507,259734246,1705257605594668
2540580,9.6607,259284366,1705940114673055
2543210,9.6707,258835265,1706621441592632
2545840,9.6807,258386942,1707301588400950
2548470,9.6907,257939396,1707980557142044
2551100,9.7007,257492625,1708658349856437
2553730,9.7107,257046627,1709334968581085
2556360,9.7207,256601403,1710010415349467
2558990,9.7307,256156949,1710684692191444
2561620,9.7407,255713265,1711357801133413
2564250,9.7507,255270350,1712029744198321
2566880,9.7607,254828202,1712700523405550
2569510,9.7707,254386820,1713370140770959
2572140,9.7807,253946202,1714038598306972
2574770,9.7907,253506348,1714705898022554
2577400,9.8007,253067255,1715372041923091
2580030,9.8107,252628923,1716037032010553
2582660,9.8207,252191350,1716700870283439
2585290,9.8307,251754535,1717363558736761
2587920,9.8407,251318476,1718025099362104
2590550,9.8507,250883173,1718685494147604
2593180,9.8607,250448624,1719344745077948
2595810,9.8708,250014827,1720002854134381
2598440,9.8808,249581782,1720659823294713
2601070,9.8908,249149487,1721315654533311
2603700,9.9008,248717941,1721970349821152
2606330,9.9108,248287142,1722623911125820
2608960,9.9208,247857089,1723276340411486
2611590,9.9308,247427782,1723927639638863
2614220,9.9408,246999217,1724577810765289
2616850,9.9508,246571396,1725226855744707
2619480,9.9608,246144315,1725874776527697
2622110,9.9708,245717973,1726521575061419
2624740,9.9808,245292371,1727167253289638
2627370,9.9908,244867505,1727811813152929
2630000,10.0008,244443376,1728455256588355
2632630,10.0108,244019981,1729097585529671
2635260,10.0208,243597319,1729738801907248
2637890,10.0308,243175390,1730378907648186
2640520,10.0408,242754191,1731017904676176
2643150,10.0508,242333722,1731655794911585
2645780,10.0608,241913981,1732292580271467
2648410,10.0708,241494967,1732928262669554
2651040,10.0808,241076679,1733562844016247
2653670,10.0908,240659116,1734196326218654
2656300,10.1008,240242275,1734828711180585
2658930,10.1108,239826157,1735460000802582
2661560,10.1208,239410759,1736090196981800
2664190,10.1308,238996081,1736719301612180
2666820,10.1408,238582122,1737347316584383
2669450,10.1508,238168878,1737974243785768
2672080,10.1608,237756352,1738600085100491
2674710,10.1708,237344539,1739224842409359
2677340,10.1808,236933440,1739848517589957
2679970,10.1908,236523053,1740471112516583
2682600,10.2008,236113376,1741092629060345
2685230,10.2108,235704410,1741713069089067
2687860,10.2208,235296151,1742332434467365
2690490,10.2308,234888600,1742950727056588
2693120,10.2408,234481755,1743567948714923
2695750,10.2508,234075614,1744184101297342
2698380,10.2608,233670177,1744799186655526
2701010,10.2708,233265442,1745413206638009
2703640,10.2808,232861408,1746026163090057
2706270,10.2908,232458074,1746638057853883
2708900,10.3008,232055438,1747248892768354
2711530,10.3108,231653500,1747858669669218
2714160,10.3208,231252259,1748467390389014
2716790,10.3308,230851712,1749075056757146
2719420,10.3408,230451859,1749681670599799
2722050,10.3508,230052698,1750287233740121
2724680,10.3608,229654229,1750891747997959
2727310,10.3708,229256450,1751495215190069
2729940,10.3808,228859360,1752097637130026
2732570,10.3908,228462958,1752699015628294
2735200,10.4008,228067242,1753299352492184
2737830,10.4108,227672212,1753898649525941
2740460,10.4208,227277866,1754496908530584
2743090,10.4308,226884203,1755094131304083
2745720,10.4408,226491221,1755690319641246
2748350,10.4508,226098921,1756285475333782
2750980,10.4608,225707300,1756879600170357
2753610,10.4708,225316358,1757472695936434
2756240,10.4808,224926092,1758064764414452
2758870,10.4908,224536503,1758655807383805
2761500,10.5008,224147588,1759245826620749
2764130,10.5108,223759347,1759834823898427
2766760,10.5208,223371778,1760422800986984
2769390,10.5308,222984881,1761009759653445
2772020,10.5408,222598654,1761595701661879
2774650,10.5508,222213096,1762180628773155
2777280,10.5608,221828205,1762764542745139
2779910,10.5708,221443981,1763347445332691
2782540,10.5808,221060423,1763929338287579
2785170,10.5908,220677530,1764510223358588
2787800,10.6008,220295299,1765090102291469
2790430,10.6108,219913730,1765668976828915
2793060,10.6208,219532823,1766246848710608
2795690,10.6308,219152574,1766823719673176
2798320,10.6408,218772985,1767399591450347
2800950,10.6508,218394053,1767974465772772
2803580,10.6608,218015778,1768548344368215
2806210,10.6708,217638158,1769121228961256
2808840,10.6808,217261191,1769693121273564
2811470,10.6908,216884878,1770264023023892
2814100,10.7008,216509217,1770833935927971
2816730,10.7108,216134206,1771402861698536
2819360,10.7208,215759845,1771970802045350
2821990,10.7308,215386132,1772537758675272
2824620,10.7408,215013066,1773103733292187
2827250,10.7508,214640647,1773668727597009
2829880,10.7608,214268872,1774232743287737
2832510,10.7708,213897742,1774795782059378
2835140,10.7808,213527255,1775357845604046
2837770,10.7908,213157409,1775918935610931
2840400,10.8008,212788203,1776479053766264
2843030,10.8108,212419638,1777038201753346
2845660,10.8208,212051711,1777596381252578
2848290,10.8308,211684420,1778153593941519
2850920,10.8408,211317766,1778709841494673
2853550,10.8508,210951748,1779265125583801
2856180,10.8608,210586363,1779819447877668
2858810,10.8708,210221611,1780372810042190
2861440,10.8808,209857491,1780925213740390
2864070,10.8908,209494001,1781476660632359
2866700,10.9008,209131141,1782027152375441
2869330,10.9108,208768910,1782576690623988
2871960,10.9208,208407306,1783125277029541
2874590,10.9308,208046328,1783672913240747
2877220,10.9408,207685976,1784219600903382
2879850,10.9508,207326248,1784765341660418
2882480,10.9608,206967142,1785310137152011
2885110,10.9708,206608659,1785853989015371
2887740,10.9808,206250797,1786396898884981
2890370,10.9908,205893554,1786938868392424
2893000,11.0008,205536931,1787479899166492
2895630,11.0108,205180925,1788019992833141
2898260,11.0208,204825535,1788559151015533
2900890,11.0308,204470762,1789097375334055
2903520,11.0408,204116602,1789634667406144
2906150,11.0508,203763057,1790171028846534
2908780,11.0608,203410123,1790706461267159
2911410,11.0708,203057801,1791240966277169
2914040,11.0808,202706089,1791774545482873
2916670,11.0908,202354986,1792307200487899
2919300,11.1008,202004492,1792838932893012
2921930,11.1108,201654604,1793369744296206
2924560,11.1208,201305323,1793899636292730
2927190,11.1308,200956646,1794428610475063
2929820,11.1408,200608574,1794956668432964
2932450,11.1508,200261104,1795483811753363
2935080,11.1608,199914236,1796010042020559
2937710,11.1708,199567969,1796535360815976
2940340,11.1809,199222302,1797059769718344
2942970,11.1909,198877233,1797583270303677
2945600,11.2009,198532763,1798105864145259
2948230,11.2109,198188889,1798627552813638
2950860,11.2209,197845610,1799148337876601
2953490,11.2309,197502926,1799668220899291
2956120,11.2409,197160835,1800187203444124
2958750,11.2509,196819337,1800705287070774
2961380,11.2609,196478431,1801222473336272
2964010,11.2709,196138115,1801738763794928
2966640,11.2809,195798389,1802254159998334
2969270,11.2909,195459251,1802768663495406
2971900,11.3009,195120700,1803282275832399
2974530,11.3109,194782736,1803794998552852
2977160,11.3209,194445357,1804306833197643
2979790,11.3309,194108562,1804817781304953
2982420,11.3409,193772351,1805327844410400
2985050,11.3509,193436722,1805837024046860
2987680,11.3609,193101675,1806345321744572
2990310,11.3709,192767208,1806852739031132
2992940,11.3809,192433320,1807359277431458
2995570,11.3909,192100010,1807864938467816
2998200,11.4009,191767279,1808369723659920
3000830,11.4109,191435122,1808873634524806
3003460,11.4209,191103542,1809376672576884
3006090,11.4309,190772536,1809878839327895
3008720,11.4409,190442103,1810380136286990
3011350,11.4509,190112243,1810880564960737
3013980,11.4609,189782953,1811380126853091
3016610,11.4709,189454234,1811878823465333
3019240,11.4809,189126085,1812376656296180
3021870,11.4909,188798504,1812873626841821
3024500,11.5009,188471490,1813369736595797
3027130,11.5109,188145043,1813864987049073
3029760,11.5209,187819161,1814359379689976
3032390,11.5309,187493843,1814852916004390
3035020,11.5409,187169090,1815345597475495
3037650,11.5509,186844898,1815837425583968
3040280,11.5609,186521268,1816328401807916
3042910,11.5709,186198199,1816818527622799
3045540,11.5809,185875689,1817307804501604
3048170,11.5909,185553738,1817796233914788
3050800,11.6009,185232344,1818283817330229
3053430,11.6109,184911508,1818770556213236
3056060,11.6209,184591226,1819256452026608
3058690,11.6309,184271500,1819741506230618
3061320,11.6409,183952328,1820225720283005
3063950,11.6509,183633708,1820709095638968
3066580,11.6609,183315640,1821191633751228
3069210,11.6709,182998123,1821673336069922
3071840,11.6809,182681156,1822154204042700
3074470,11.6909,182364738,1822634239114704
3077100,11.7009,182048868,1823113442728601
3079730,11.7109,181733545,1823591816324555
3082360,11.7209,181418769,1824069361340178
3084990,11.7309,181104537,1824546079210672
3087620,11.7409,180790850,1825021971368712
3090250,11.7509,180477706,1825497039244500
3092880,11.7609,180165105,1825971284265724
3095510,11.7709,179853045,1826444707857676
3098140,11.7809,179541525,1826917311443157
3100770,11.7909,179230545,1827389096442436
3103400,11.8009,178920104,1827860064273389
3106030,11.8109,178610201,1828330216351401
3108660,11.8209,178300834,1828799554089403
3111290,11.8309,177992003,1829268078897913
3113920,11.8409,177683707,1829735792184983
3116550,11.8509,177375945,1830202695356286
3119180,11.8609,177068716,1830668789814971
3121810,11.8709,176762019,1831134076961752
3124440,11.8809,176455854,1831598558194956
3127070,11.8909,176150218,1832062234910520
3129700,11.9009,175845113,1832525108501960
3132330,11.9109,175540535,1832987180360319
3134960,11.9209,175236485,1833448451874271
3137590,11.9309,174932962,1833908924430069
3140220,11.9409,174629965,1834368599411526
3142850,11.9509,174327492,1834827478200111
3145480,11.9609,174025543,1835285562174936
3148110,11.9709,173724117,1835742852712623
3150740,11.9809,173423214,1836199351187494
3153370,11.9909,173122831,1836655058971493
3156000,12.0009,172822969,1837109977434094
3158630,12.0109,172523626,1837564107942534
3161260,12.0209,172224802,1838017451861600
3163890,12.0309,171926495,1838470010553732
3166520,12.0409,171628705,1838921785379003
3169150,12.0509,171331430,1839372777695090
3171780,12.0609,171034671,1839822988857404
3174410,12.0709,170738426,1840272420218921
3177040,12.0809,170442694,1840721073130354
3179670,12.0909,170147473,1841168948940030
3182300,12.1009,169852765,1841616048993996
3184930,12.1109,169558567,1842062374635840
3187560,12.1209,169264878,1842507927206946
3190190,12.1309,168971698,1842952708046282
3192820,12.1409,168679026,1843396718490604
3195450,12.1509,168386861,1843839959874274
3198080,12.1609,168095202,1844282433529420
3200710,12.1709,167804048,1844724140785767
3203340,12.1809,167513398,1845165082970725
3205970,12.1909,167223252,1845605261409492
3208600,12.2009,166933608,1846044677424953
3211230,12.2109,166644466,1846483332337681
3213860,12.2209,166355825,1846921227465939
3216490,12.2309,166067684,1847358364125769
3219120,12.2409,165780041,1847794743630846
3221750,12.2509,165492897,1848230367292648
3224380,12.2609,165206251,1848665236420391
3227010,12.2709,164920101,1849099352320951
3229640,12.2809,164634446,1849532716298985
3232270,12.2909,164349286,1849965329656920
3234900,12.3009,164064621,1850397193694843
3237530,12.3109,163780448,1850828309710598
3240160,12.3209,163496768,1851258678999886
3242790,12.3309,163213579,1851688302856054
3245420,12.3409,162930880,1852117182570287
3248050,12.3509,162648671,1852545319431470
3250680,12.3609,162366951,1852972714726290
3253310,12.3709,162085719,1853399369739218
3255940,12.3809,161804973,1853825285752461
3258570,12.3909,161524715,1854250464045987
3261200,12.4009,161244941,1854674905897650
3263830,12.4109,160965652,1855098612583007
3266460,12.4209,160686848,1855521585375380
3269090,12.4309,160408526,1855943825545979
3271720,12.4409,160130685,1856365334363726
3274350,12.4509,159853326,1856786113095400
3276980,12.4609,159576448,1857206163005564
3279610,12.4709,159300049,1857625485356564
3282240,12.4809,159024129,1858044081408569
3284870,12.4909,158748687,1858461952419658
3287500,12.5010,158473722,1858879099645617
3290130,12.5110,158199233,1859295524340118
3292760,12.5210,157925220,1859711227754652
3295390,12.5310,157651681,1860126211138574
3298020,12.5410,157378616,1860540475738940
3300650,12.5510,157106024,1860954022800777
3303280,12.5610,156833904,1861366853566916
3305910,12.5710,156562256,1861778969278043
3308540,12.5810,156291078,1862190371172685
3311170,12.5910,156020369,1862601060487235
3313800,12.6010,155750130,1863011038455922
3316430,12.6110,155480358,1863420306310856
3319060,12.6210,155211055,1863828865282027
3321690,12.6310,154942217,1864236716597236
3324320,12.6410,154673845,1864643861482204
3326950,12.6510,154405938,1865050301160587
3329580,12.6610,154138495,1865456036853813
3332210,12.6710,153871515,1865861069781273
3334840,12.6810,153604997,1866265401160156
3337470,12.6910,153338942,1866669032205610
3340100,12.7010,153073346,1867071964130659
3342730,12.7110,152808212,1867474198146286
3345360,12.7210,152543536,1867875735461244
3347990,12.7310,152279319,1868276577282334
3350620,12.7410,152015559,1868676724814194
3353250,12.7510,151752256,1869076179259375
3355880,12.7610,151489409,1869474941818328
3358510,12.7710,151227018,1869873013689525
3361140,12.7810,150965081,1870270396069300
3363770,12.7910,150703598,1870667090151843
3366400,12.8010,150442567,1871063097129369
3369030,12.8110,150181989,1871458418192000
3371660,12.8210,149921862,1871853054527764
3374290,12.8310,149662186,1872247007322675
3376920,12.8410,149402959,1872640277760703
3379550,12.8510,149144182,1873032867023730
3382180,12.8610,148885853,1873424776291607
3384810,12.8710,148627970,1873816006742078
3387440,12.8810,148370536,1874206559550990
3390070,12.8910,148113546,1874596435892049
3392700,12.9010,147857002,1874985636936940
3395330,12.9110,147600902,1875374163855358
3397960,12.9210,147345246,1875762017814904
3400590,12.9310,147090032,1876149199981233
3403220,12.9410,146835261,1876535711517888
3405850,12.9510,146580931,1876921553586470
3408480,12.9610,146327041,1877306727346570
3411110,12.9710,146073592,1877691233955669
3413740,12.9810,145820581,1878075074569406
3416370,12.9910,145568008,1878458250341344
3419000,13.0010,145315873,1878840762422984
3421630,13.0110,145064175,1879222611963942
3424260,13.0210,144812912,1879603800111798
3426890,13.0310,144562085,1879984328012143
3429520,13.0410,144311692,1880364196808549
3432150,13.0510,144061733,1880743407642671
3434780,13.0610,143812207,1881121961654054
3437410,13.0710,143563113,1881499859980418
3440040,13.0810,143314450,1881877103757472
3442670,13.0910,143066219,1882253694118965
3445300,13.1010,142818417,1882629632196620
3447930,13.1110,142571044,1883004919120279
3450560,13.1210,142324100,1883379556017763
3453190,13.1310,142077584,1883753544015007
3455820,13.1410,141831494,1884126884235912
3458450,13.1510,141585831,1884499577802505
3461080,13.1610,141340593,1884871625834874
3463710,13.1710,141095780,1885243029451101
3466340,13.1810,140851392,1885613789767316
3468970,13.1910,140607426,1885983907897818
3471600,13.2010,140363883,1886353384954912
3474230,13.2110,140120762,1886722222048983
3476860,13.2210,139878062,1887090420288466
3479490,13.2310,139635782,1887457980779926
3482120,13.2410,139393922,1887824904628063
3484750,13.2510,139152481,1888191192935514
3487380,13.2610,138911458,1888556846803079
3490010,13.2710,138670852,1888921867329693
3492640,13.2810,138430664,1889286255612398
3495270,13.2910,138190891,1889650012746211
3497900,13.3010,137951534,1890013139824391
3500530,13.3110,137712591,1890375637938183
3503160,13.3210,137474062,1890737508177005
3505790,13.3310,137235946,1891098751628403
3508420,13.3410,136998243,1891459369378066
3511050,13.3510,136760951,1891819362509705
3513680,13.3610,136524071,1892178732105204
3516310,13.3710,136287600,1892537479244626
3518940,13.3810,136051540,1892895605006081
3521570,13.3910,135815888,1893253110465832
3524200,13.4010,135580644,1893609996698330
3526830,13.4110,135345808,1893966264776113
3529460,13.4210,135111379,1894321915769836
3532090,13.4310,134877355,1894676950748340
3534720,13.4410,134643737,1895031370778638
3537350,13.4510,134410523,1895385176925852
3539980,13.4610,134177714,1895738370253272
3542610,13.4710,133945308,1896090951822341
3545240,13.4810,133713304,1896442922692691
3547870,13.4910,133481702,1896794283922057
3550500,13.5010,133250501,1897145036566449
3553130,13.5110,133019701,1897495181679965
3555760,13.5210,132789301,1897844720314906
3558390,13.5310,132559299,1898193653521738
3561020,13.5410,132329696,1898541982349099
3563650,13.5510,132100491,1898889707843813
3566280,13.5610,131871683,1899236831050886
3568910,13.5710,131643271,1899583353013564
3571540,13.5810,131415254,1899929274773178
3574170,13.5910,131187633,1900274597369445
3576800,13.6010,130960406,1900619321840086
3579430,13.6110,130733572,1900963449221132
3582060,13.6210,130507131,1901306980546759
3584690,13.6310,130281083,1901649916849381
3587320,13.6410,130055426,1901992259159662
3589950,13.6510,129830160,1902334008506411
3592580,13.6610,129605284,1902675165916705
3595210,13.6710,129380797,1903015732415815
3597840,13.6810,129156700,1903355709027248
3600470,13.6910,128932990,1903695096772738
3603100,13.7010,128709668,1904033896672224
3605730,13.7110,128486733,1904372109743892
3608360,13.7210,128264184,1904709737004193
3610990,13.7310,128042021,1905046779467818
3613620,13.7410,127820242,1905383238147632
3616250,13.7510,127598847,1905719114054814
3618880,13.7610,127377836,1906054408198792
3621510,13.7710,127157208,1906389121587218
3624140,13.7810,126936962,1906723255226042
3626770,13.7910,126717097,1907056810119393
3629400,13.8010,126497613,1907389787269688
3632030,13.8111,126278509,1907722187677633
3634660,13.8211,126059785,1908054012342201
3637290,13.8311,125841440,1908385262260620
3639920,13.8411,125623473,1908715938428422
3642550,13.8511,125405883,1909046041839368
3645180,13.8611,125188670,1909375573485515
3647810,13.8711,124971834,1909704534357194
3650440,13.8811,124755373,1910032925443042
3653070,13.8911,124539287,1910360747729952
3655700,13.9011,124323575,1910688002203219
3658330,13.9111,124108237,1911014689846252
3660960,13.9211,123893272,1911340811640834
3663590,13.9311,123678679,1911666368567101
3666220,13.9411,123464458,1911991361603394
3668850,13.9511,123250608,1912315791726473
3671480,13.9611,123037128,1912639659911285
3674110,13.9711,122824018,1912962967131142
3676740,13.9811,122611278,1913285714357764
3679370,13.9911,122398905,1913607902561058
3682000,14.0011,122186901,1913929532709321
3684630,14.0111,121975263,1914250605769129
3687260,14.0211,121763993,1914571122705379
3689890,14.0311,121553088,1914891084481383
3692520,14.0411,121342549,1915210492058649
3695150,14.0511,121132374,1915529346397169
3697780,14.0611,120922563,1915847648455160
3700410,14.0711,120713116,1916165399189210
3703040,14.0811,120504031,1916482599554244
3705670,14.0911,120295309,1916799250503574
3708300,14.1011,120086948,1917115352988841
3710930,14.1111,119878948,1917430907959965
3713560,14.1211,119671309,1917745916365311
3716190,14.1311,119464029,1918060379151581
3718820,14.1411,119257108,1918374297263827
3721450,14.1511,119050545,1918687671645531
3724080,14.1611,118844340,1919000503238394
3726710,14.1711,118638493,1919312792982596
3729340,14.1811,118433002,1919624541816656
3731970,14.1911,118227866,1919935750677474
3734600,14.2011,118023087,1920246420500317
3737230,14.2111,117818661,1920556552218816
3739860,14.2211,117614590,1920866146765026
3742490,14.2311,117410873,1921175205069408
3745120,14.2411,117207508,1921483728060734
3747750,14.2511,117004495,1921791716666228
3750380,14.2611,116801834,1922099171811532
3753010,14.2711,116599525,1922406094420540
3755640,14.2811,116397565,1922712485415723
3758270,14.2911,116195955,1923018345717860
3760900,14.3011,115994695,1923323676246153
3763530,14.3111,115793783,1923628477918198
3766160,14.3211,115593219,1923932751650015
3768790,14.3311,115393003,1924236498356075
3771420,14.3411,115193133,1924539718949233
3774050,14.3511,114993610,1924842414340679
3776680,14.3611,114794432,1925144585440162
3779310,14.3711,114595599,1925446233155751
3781940,14.3811,114397110,1925747358394015
3784570,14.3911,114198966,1926047962059950
3787200,14.4011,114001164,1926348045056956
3789830,14.4111,113803705,1926647608286840
3792460,14.4211,113606588,1926946652649866
3795090,14.4311,113409813,1927245179044821
3797720,14.4411,113213378,1927543188368809
3800350,14.4511,113017284,1927840681517453
3802980,14.4611,112821529,1928137659384796
3805610,14.4711,112626114,1928434122863364
3808240,14.4811,112431036,1928730072844077
3810870,14.4911,112236297,1929025510216438
3813500,14.5011,112041895,1929320435868240
3816130,14.5111,111847830,1929614850685819
3818760,14.5211,111654101,1929908755554058
3821390,14.5311,111460707,1930202151356184
3824020,14.5411,111267649,1930495038973948
3826650,14.5511,111074924,1930787419287563
3829280,14.5611,110882534,1931079293175747
3831910,14.5711,110690477,1931370661515615
3834540,14.5811,110498752,1931661525182836
3837170,14.5911,110307360,1931951885051562
3839800,14.6011,110116299,1932241741994407
3842430,14.6111,109925569,1932531096882479
3845060,14.6211,109735169,1932819950585333
3847690,14.6311,109545099,1933108303971093
3850320,14.6411,109355359,1933396157906335
3852950,14.6511,109165947,1933683513256243
3855580,14.6611,108976863,1933970370884278
3858210,14.6711,108788106,1934256731652565
3860840,14.6811,108599677,1934542596421703
3863470,14.6911,108411574,1934827966050789
3866100,14.7011,108223797,1935112841397504
3868730,14.7111,108036345,1935397223317890
3871360,14.7211,107849217,1935681112666679
3873990,14.7311,107662414,1935964510297044
3876620,14.7411,107475934,1936247417060614
3879250,14.7511,107289778,1936529833807650
3881880,14.7611,107103943,1936811761386882
3884510,14.7711,106918431,1937093200645654
3887140,14.7811,106733240,1937374152429743
3889770,14.7911,106548370,1937654617583463
3892400,14.8011,106363819,1937934596949683
3895030,14.8111,106179589,1938214091369886
3897660,14.8211,105995678,1938493101683969
3900290,14.8311,105812085,1938771628730458
3902920,14.8411,105628810,1939049673346437
3905550,14.8511,105445853,1939327236367511
3908180,14.8611,105263213,1939604318627820
3910810,14.8711,105080888,1939880920960078
3913440,14.8811,104898880,1940157044195578
3916070,14.8911,104717187,1940432689164143
3918700,14.9011,104535809,1940707856694170
3921330,14.9111,104354745,1940982547612646
3923960,14.9211,104173994,1941256762745062
3926590,14.9311,103993557,1941530502915526
3929220,14.9411,103813432,1941803768946714
3931850,14.9511,103633619,1942076561659847
3934480,14.9611,103454117,1942348881874743
3937110,14.9711,103274927,1942620730409823
3939740,14.9811,103096046,1942892108082056
3942370,14.9911,102917476,1943163015707049
3945000,15.0011,102739215,1943433454098964
3947630,15.0111,102561263,1943703424070552
3950260,15.0211,102383619,1943972926433118
3952890,15.0311,102206282,1944241961996652
3955520,15.0411,102029253,1944510531569648
3958150,15.0511,101852530,1944778635959216
3960780,15.0611,101676114,1945046275971090
3963410,15.0711,101500003,1945313452409643
3966040,15.0811,101324197,1945580166077831
3968670,15.0911,101148696,1945846417777203
3971300,15.1011,100973498,1946112208307899
3973930,15.1111,100798604,1946377538468682
3976560,15.1211,100624013,1946642409057003
3979190,15.1312,100449724,1946906820868837
3981820,15.1412,100275738,1947170774698835
3984450,15.1512,100102053,1947434271340253
3987080,15.1612,99928668,1947697311585004
3989710,15.1712,99755584,1947959896223598
3992340,15.1812,99582799,1948222026045132
3994970,15.1912,99410314,1948483701837386
3997600,15.2012,99238128,1948744924386815
4000230,15.2112,99066240,1949005694478463
4002860,15.2212,98894649,1949266012895986
4005490,15.2312,98723356,1949525880421747
4008120,15.2412,98552359,1949785297836727
4010750,15.2512,98381659,1950044265920557
4013380,15.2612,98211254,1950302785451501
4016010,15.2712,98041145,1950560857206502
4018640,15.2812,97871330,1950818481961169
4021270,15.2912,97701809,1951075660489690
4023900,15.3012,97532582,1951332393564984
4026530,15.3112,97363648,1951588681958591
4029160,15.3212,97195006,1951844526440771
4031790,15.3312,97026657,1952099927780394
4034420,15.3412,96858599,1952354886745029
4037050,15.3512,96690833,1952609404100910
4039680,15.3612,96523357,1952863480612877
4042310,15.3712,96356171,1953117117044567
4044940,15.3812,96189275,1953370314158217
4047570,15.3912,96022667,1953623072714760
4050200,15.4012,95856348,1953875393473823
4052830,15.4112,95690318,1954127277193690
4055460,15.4212,95524575,1954378724631351
4058090,15.4312,95359119,1954629736542498
4060720,15.4412,95193949,1954880313681449
4063350,15.4512,95029066,1955130456801288
4065980,15.4612,94864468,1955380166653760
4068610,15.4712,94700156,1955629443989307
4071240,15.4812,94536128,1955878289557120
4073870,15.4912,94372384,1956126704105033
4076500,15.5012,94208923,1956374688379623
4079130,15.5112,94045746,1956622243126113
4081760,15.5212,93882852,1956869369088564
4084390,15.5312,93720239,1957116067009625
4087020,15.5412,93557908,1957362337630664
4089650,15.5512,93395859,1957608181691819
4092280,15.5612,93234090,1957853599931923
4094910,15.5712,93072601,1958098593088531
4097540,15.5812,92911392,1958343161897938
4100170,15.5912,92750462,1958587307095112
4102800,15.6012,92589811,1958831029413833
4105430,15.6112,92429439,1959074329586507
4108060,15.6212,92269344,1959317208344356
4110690,15.6312,92109526,1959559666417272
4113320,15.6412,91949985,1959801704533950
4115950,15.6512,91790721,1960043323421786
4118580,15.6612,91631732,1960284523806875
4121210,15.6712,91473019,1960525306414138
4123840,15.6812,91314580,1960765671967184
4126470,15.6912,91156416,1961005621188388
4129100,15.7012,90998526,1961245154798820
4131730,15.7112,90840910,1961484273518448
4134360,15.7212,90683566,1961722978065810
4136990,15.7312,90526495,1961961269158324
4139620,15.7412,90369696,1962199147512105
4142250,15.7512,90213169,1962436613842056
4144880,15.7612,90056913,1962673668861849
4147510,15.7712,89900927,1962910313283915
4150140,15.7812,89745212,1963146547819421
4152770,15.7912,89589766,1963382373178310
4155400,15.8012,89434589,1963617790069310
4158030,15.8112,89279682,1963852799199960
4160660,15.8212,89125042,1964087401276495
4163290,15.8312,88970671,1964321597003977
4165920,15.8412,88816567,1964555387086236
4168550,15.8512,88662730,1964788772225873
4171180,15.8612,88509159,1965021753124280
4173810,15.8712,88355854,1965254330481618
4176440,15.8812,88202815,1965486504996887
4179070,15.8912,88050041,1965718277367826
4181700,15.9012,87897531,1965949648290952
4184330,15.9112,87745286,1966180618461662
4186960,15.9212,87593304,1966411188574117
4189590,15.9312,87441586,1966641359321142
4192220,15.9412,87290130,1966871131394516
4194850,15.9512,87138937,1967100505484758
4197480,15.9612,86988005,1967329482281110
4200110,15.9712,86837335,1967558062471823
4202740,15.9812,86686926,1967786246743855
4205370,15.9912,86536778,1968014035782962
4208000,16.0012,86386890,1968241430273705
4210630,16.0112,86237261,1968468430899500
4213260,16.0212,86087891,1968695038342577
4215890,16.0312,85938780,1968921253283919
4218520,16.0412,85789928,1969147076403393
4221150,16.0512,85641333,1969372508379616
4223780,16.0612,85492995,1969597549890121
4226410,16.0712,85344915,1969822201611227
4229040,16.0812,85197091,1970046464218077
4231670,16.0912,85049522,1970270338384617
4234300,16.1012,84902210,1970493824783693
4236930,16.1112,84755153,1970716924086917
4239560,16.1212,84608350,1970939636964773
4242190,16.1312,84461802,1971161964086600
4244820,16.1412,84315508,1971383906120572
4247450,16.1512,84169467,1971605463733652
4250080,16.1612,84023679,1971826637591705
4252710,16.1712,83878143,1972047428359421
4255340,16.1812,83732860,1972267836700357
4257970,16.1912,83587828,1972487863276888
4260600,16.2012,83443047,1972707508750227
4263230,16.2112,83298517,1972926773780483
4265860,16.2212,83154238,1973145659026668
4268490,16.2312,83010208,1973364165146582
4271120,16.2412,82866428,1973582292796870
4273750,16.2512,82722897,1973800042633084
4276380,16.2612,82579615,1974017415309642
4279010,16.2712,82436580,1974234411479801
4281640,16.2812,82293794,1974451031795719
4284270,16.2912,82151254,1974667276908392
4286900,16.3012,82008962,1974883147467681
4289530,16.3112,81866916,1975098644122364
4292160,16.3212,81725116,1975313767520080
4294790,16.3312,81583562,1975528518307322
4297420,16.3412,81442253,1975742897129495
4300050,16.3512,81301189,1975956904630865
4302680,16.3612,81160368,1976170541454585
4305310,16.3712,81019792,1976383808242714
4307940,16.3812,80879460,1976596705636135
4310570,16.3912,80739370,1976809234274694
4313200,16.4012,80599523,1977021394797119
4315830,16.4112,80459919,1977233187841029
4318460,16.4212,80320556,1977444614042913
4321090,16.4312,80181434,1977655674038131
4323720,16.4413,80042554,1977866368461035
4326350,16.4513,79903914,1978076697944765
4327298,16.4549,79854000,1978152423168364
4327299,16.4549,79853981,1978152503022345
4329929,16.4649,79853981,1978362518992375
4332559,16.4749,79853981,1978572534962405
4335189,16.4849,79853981,1978782550932435
4337819,16.4949,79853981,1978992566902465
4340449,16.5049,79853981,1979202582872495
4343079,16.5149,79853981,1979412598842525
4345709,16.5249,79853981,1979622614812555
4348339,16.5349,79853981,1979832630782585
4350969,16.5449,79853981,1980042646752615
4353599,16.5549,79853981,1980252662722645
4356229,16.5649,79853981,1980462678692675
4358859,16.5749,79853981,1980672694662705
4361489,16.5849,79853981,1980882710632735
4364119,16.5949,79853981,1981092726602765
4366749,16.6049,79853981,1981302742572795
4369379,16.6149,79853981,1981512758542825
4372009,16.6249,79853981,1981722774512855
4374639,16.6349,79853981,1981932790482885
4377269,16.6449,79853981,1982142806452915
4379899,16.6549,79853981,1982352822422945
4382529,16.6649,79853981,1982562838392975
4385159,16.6749,79853981,1982772854363005
4387789,16.6849,79853981,1982982870333035
4390419,16.6949,79853981,1983192886303065
4393049,16.7049,79853981,1983402902273095
4395679,16.7149,79853981,1983612918243125
4398309,16.7249,79853981,1983822934213155
4400939,16.7349,79853981,1984032950183185
4403569,16.7449,79853981,1984242966153215
4406199,16.7549,79853981,1984452982123245
4408829,16.7649,79853981,1984662998093275
4411459,16.7749,79853981,1984873014063305
4414089,16.7849,79853981,1985083030033335
4416719,16.7949,79853981,1985293046003365
4419349,16.8049,79853981,1985503061973395
4421979,16.8149,79853981,1985713077943425
4424609,16.8249,79853981,1985923093913455
4427239,16.8349,79853981,1986133109883485
4429869,16.8449,79853981,1986343125853515
4432499,16.8549,79853981,1986553141823545
4435129,16.8649,79853981,1986763157793575
4437759,16.8749,79853981,1986973173763605
4440389,16.8849,79853981,1987183189733635
4443019,16.8949,79853981,1987393205703665
4445649,16.9049,79853981,1987603221673695
4448279,16.9149,79853981,1987813237643725
4450909,16.9249,79853981,1988023253613755
4453539,16.9349,79853981,1988233269583785
4456169,16.9449,79853981,1988443285553815
4458799,16.9549,79853981,1988653301523845
4461429,16.9649,79853981,1988863317493875
4464059,16.9749,79853981,1989073333463905
4466689,16.9849,79853981,1989283349433935
4469319,16.9949,79853981,1989493365403965
4471949,17.0049,79853981,1989703381373995
4474579,17.0149,79853981,1989913397344025
4477209,17.0249,79853981,1990123413314055
4479839,17.0349,79853981,1990333429284085
4482469,17.0449,79853981,1990543445254115
4485099,17.0549,79853981,1990753461224145
4487729,17.0649,79853981,1990963477194175
4490359,17.0749,79853981,1991173493164205
4492989,17.0849,79853981,1991383509134235
4495619,17.0949,79853981,1991593525104265
4498249,17.1049,79853981,1991803541074295
4500879,17.1149,79853981,1992013557044325
4503509,17.1249,79853981,1992223573014355
4506139,17.1349,79853981,1992433588984385
4508769,17.1449,79853981,1992643604954415
4511399,17.1549,79853981,1992853620924445
4514029,17.1649,79853981,1993063636894475
4516659,17.1749,79853981,1993273652864505
4519289,17.1849,79853981,1993483668834535
4521919,17.1949,79853981,1993693684804565
4524549,17.2049,79853981,1993903700774595
4527179,17.2149,79853981,1994113716744625
4529809,17.2249,79853981,1994323732714655
4532439,17.2349,79853981,1994533748684685
4535069,17.2449,79853981,1994743764654715
4537699,17.2549,79853981,1994953780624745
4540329,17.2649,79853981,1995163796594775
4542959,17.2749,79853981,1995373812564805
4545589,17.2849,79853981,1995583828534835
4548219,17.2949,79853981,1995793844504865
4550849,17.3049,79853981,1996003860474895
4553479,17.3149,79853981,1996213876444925
4556109,17.3249,79853981,1996423892414955
4558739,17.3349,79853981,1996633908384985
4561369,17.3449,79853981,1996843924355015
4563999,17.3549,79853981,1997053940325045
4566629,17.3649,79853981,1997263956295075
4569259,17.3749,79853981,1997473972265105
4571889,17.3849,79853981,1997683988235135
4574519,17.3949,79853981,1997894004205165
4577149,17.4049,79853981,1998104020175195
4579779,17.4149,79853981,1998314036145225
4582409,17.4249,79853981,1998524052115255
4585039,17.4349,79853981,1998734068085285
4587669,17.4449,79853981,1998944084055315
4590299,17.4549,79853981,1999154100025345
4592929,17.4649,79853981,1999364115995375
4595559,17.4749,79853981,1999574131965405
4598189,17.4849,79853981,1999784147935435
4600819,17.4949,79853981,1999994163905465
4603449,17.5049,79853981,2000204179875495
4606079,17.5149,79853981,2000414195845525
4608709,17.5249,79853981,2000624211815555
4611339,17.5349,79853981,2000834227785585
4613969,17.5449,79853981,2001044243755615
4616599,17.5549,79853981,2001254259725645
4619229,17.5649,79853981,2001464275695675
4621859,17.5749,79853981,2001674291665705
4624489,17.5849,79853981,2001884307635735
4627119,17.5949,79853981,2002094323605765
4629749,17.6049,79853981,2002304339575795
4632379,17.6149,79853981,2002514355545825
4635009,17.6249,79853981,2002724371515855
4637639,17.6349,79853981,2002934387485885
4640269,17.6450,79853981,2003144403455915
4642899,17.6550,79853981,2003354419425945
4645529,17.6650,79853981,2003564435395975
4648159,17.6750,79853981,2003774451366005
4650789,17.6850,79853981,2003984467336035
4653419,17.6950,79853981,2004194483306065
4656049,17.7050,79853981,2004404499276095
4658679,17.7150,79853981,2004614515246125
4661309,17.7250,79853981,2004824531216155
4663939,17.7350,79853981,2005034547186185
4666569,17.7450,79853981,2005244563156215
4669199,17.7550,79853981,2005454579126245
4671829,17.7650,79853981,2005664595096275
4674459,17.7750,79853981,2005874611066305
4677089,17.7850,79853981,2006084627036335
4679719,17.7950,79853981,2006294643006365
4682349,17.8050,79853981,2006504658976395
4684979,17.8150,79853981,2006714674946425
4687609,17.8250,79853981,2006924690916455
4690239,17.8350,79853981,2007134706886485
4692869,17.8450,79853981,2007344722856515
4695499,17.8550,79853981,2007554738826545
4698129,17.8650,79853981,2007764754796575
4700759,17.8750,79853981,2007974770766605
4703389,17.8850,79853981,2008184786736635
4706019,17.8950,79853981,2008394802706665
4708649,17.9050,79853981,2008604818676695
4711279,17.9150,79853981,2008814834646725
4713909,17.9250,79853981,2009024850616755
4716539,17.9350,79853981,2009234866586785
4719169,17.9450,79853981,2009444882556815
4721799,17.9550,79853981,2009654898526845
4724429,17.9650,79853981,2009864914496875
4727059,17.9750,79853981,2010074930466905
4729689,17.9850,79853981,2010284946436935
4732319,17.9950,79853981,2010494962406965
4734949,18.0050,79853981,2010704978376995
4737579,18.0150,79853981,2010914994347025
4740209,18.0250,79853981,2011125010317055
4742839,18.0350,79853981,2011335026287085
4745469,18.0450,79853981,2011545042257115
4748099,18.0550,79853981,2011755058227145
4750729,18.0650,79853981,2011965074197175
4753359,18.0750,79853981,2012175090167205
4755989,18.0850,79853981,2012385106137235
4758619,18.0950,79853981,2012595122107265
4761249,18.1050,79853981,2012805138077295
4763879,18.1150,79853981,2013015154047325
4766509,18.1250,79853981,2013225170017355
4769139,18.1350,79853981,2013435185987385
4771769,18.1450,79853981,2013645201957415
4774399,18.1550,79853981,2013855217927445
4777029,18.1650,79853981,2014065233897475
4779659,18.1750,79853981,2014275249867505
4782289,18.1850,79853981,2014485265837535
4784919,18.1950,79853981,2014695281807565
4787549,18.2050,79853981,2014905297777595
4790179,18.2150,79853981,2015115313747625
4792809,18.2250,79853981,2015325329717655
4795439,18.2350,79853981,2015535345687685
4798069,18.2450,79853981,2015745361657715
4800699,18.2550,79853981,2015955377627745
4803329,18.2650,79853981,2016165393597775
4805959,18.2750,79853981,2016375409567805
4808589,18.2850,79853981,2016585425537835
4811219,18.2950,79853981,2016795441507865
4813849,18.3050,79853981,2017005457477895
4816479,18.3150,79853981,2017215473447925
4819109,18.3250,79853981,2017425489417955
4821739,18.3350,79853981,2017635505387985
4824369,18.3450,79853981,2017845521358015
4826999,18.3550,79853981,2018055537328045
4829629,18.3650,79853981,2018265553298075
4832259,18.3750,79853981,2018475569268105
4834889,18.3850,79853981,2018685585238135
4837519,18.3950,79853981,2018895601208165
4840149,18.4050,79853981,2019105617178195
4842779,18.4150,79853981,2019315633148225
4845409,18.4250,79853981,2019525649118255
4848039,18.4350,79853981,2019735665088285
4850669,18.4450,79853981,2019945681058315
4853299,18.4550,79853981,2020155697028345
4855929,18.4650,79853981,2020365712998375
4858559,18.4750,79853981,2020575728968405
4861189,18.4850,79853981,2020785744938435
4863819,18.4950,79853981,2020995760908465
4866449,18.5050,79853981,2021205776878495
4869079,18.5150,79853981,2021415792848525
4871709,18.5250,79853981,2021625808818555
4874339,18.5350,79853981,2021835824788585
4876969,18.5450,79853981,2022045840758615
4879599,18.5550,79853981,2022255856728645
4882229,18.5650,79853981,2022465872698675
4884859,18.5750,79853981,2022675888668705
4887489,18.5850,79853981,2022885904638735
4890119,18.5950,79853981,2023095920608765
4892749,18.6050,79853981,2023305936578795
4895379,18.6150,79853981,2023515952548825
4898009,18.6250,79853981,2023725968518855
4900639,18.6350,79853981,2023935984488885
4903269,18.6450,79853981,2024146000458915
4905899,18.6550,79853981,2024356016428945
4908529,18.6650,79853981,2024566032398975
4911159,18.6750,79853981,2024776048369005
4913789,18.6850,79853981,2024986064339035
4916419,18.6950,79853981,2025196080309065
4919049,18.7050,79853981,2025406096279095
4921679,18.7150,79853981,2025616112249125
4924309,18.7250,79853981,2025826128219155
4926939,18.7350,79853981,2026036144189185
4929569,18.7450,79853981,2026246160159215
4932199,18.7550,79853981,2026456176129245
4934829,18.7650,79853981,2026666192099275
4937459,18.7750,79853981,2026876208069305
4940089,18.7850,79853981,2027086224039335
4942719,18.7950,79853981,2027296240009365
4945349,18.8050,79853981,2027506255979395
4947979,18.8150,79853981,2027716271949425
4950609,18.8250,79853981,2027926287919455
4953239,18.8350,79853981,2028136303889485
4955869,18.8450,79853981,2028346319859515
4958499,18.8550,79853981,2028556335829545
4961129,18.8650,79853981,2028766351799575
4963759,18.8750,79853981,2028976367769605
4966389,18.8850,79853981,2029186383739635
4969019,18.8950,79853981,2029396399709665
4971649,18.9050,79853981,2029606415679695
4974279,18.9150,79853981,2029816431649725
4976909,18.9250,79853981,2030026447619755
4979539,18.9350,79853981,2030236463589785
4982169,18.9450,79853981,2030446479559815
4984799,18.9550,79853981,2030656495529845
4987429,18.9651,79853981,2030866511499875
4990059,18.9751,79853981,2031076527469905
4992689,18.9851,79853981,2031286543439935
4995319,18.9951,79853981,2031496559409965
4997949,19.0051,79853981,2031706575379995
5000579,19.0151,79853981,2031916591350025
5003209,19.0251,79853981,2032126607320055
5005839,19.0351,79853981,2032336623290085
5008469,19.0451,79853981,2032546639260115
5011099,19.0551,79853981,2032756655230145
5013729,19.0651,79853981,2032966671200175
5016359,19.0751,79853981,2033176687170205
5018989,19.0851,79853981,2033386703140235
5021619,19.0951,79853981,2033596719110265
5024249,19.1051,79853981,2033806735080295
5026879,19.1151,79853981,2034016751050325
5029509,19.1251,79853981,2034226767020355
5032139,19.1351,79853981,2034436782990385
5034769,19.1451,79853981,2034646798960415
5037399,19.1551,79853981,2034856814930445
5040029,19.1651,79853981,2035066830900475
5042659,19.1751,79853981,2035276846870505
5045289,19.1851,79853981,2035486862840535
5047919,19.1951,79853981,2035696878810565
5050549,19.2051,79853981,2035906894780595
5053179,19.2151,79853981,2036116910750625
5055809,19.2251,79853981,2036326926720655
5058439,19.2351,79853981,2036536942690685
5061069,19.2451,79853981,2036746958660715
5063699,19.2551,79853981,2036956974630745
5066329,19.2651,79853981,2037166990600775
5068959,19.2751,79853981,2037377006570805
5071589,19.2851,79853981,2037587022540835
5074219,19.2951,79853981,2037797038510865
5076849,19.3051,79853981,2038007054480895
5079479,19.3151,79853981,2038217070450925
5082109,19.3251,79853981,2038427086420955
5084739,19.3351,79853981,2038637102390985
5087369,19.3451,79853981,2038847118361015
5089999,19.3551,79853981,2039057134331045
5092629,19.3651,79853981,2039267150301075
5095259,19.3751,79853981,2039477166271105
5097889,19.3851,79853981,2039687182241135
5100519,19.3951,79853981,2039897198211165
5103149,19.4051,79853981,2040107214181195
5105779,19.4151,79853981,2040317230151225
5108409,19.4251,79853981,2040527246121255
5111039,19.4351,79853981,2040737262091285
5113669,19.4451,79853981,2040947278061315
5116299,19.4551,79853981,2041157294031345
5118929,19.4651,79853981,2041367310001375
5121559,19.4751,79853981,2041577325971405
5124189,19.4851,79853981,2041787341941435
5126819,19.4951,79853981,2041997357911465
5129449,19.5051,79853981,2042207373881495
5132079,19.5151,79853981,2042417389851525
5134709,19.5251,79853981,2042627405821555
5137339,19.5351,79853981,2042837421791585
5139969,19.5451,79853981,2043047437761615
5142599,19.5551,79853981,2043257453731645
5145229,19.5651,79853981,2043467469701675
5147859,19.5751,79853981,2043677485671705
5150489,19.5851,79853981,2043887501641735
5153119,19.5951,79853981,2044097517611765
5155749,19.6051,79853981,2044307533581795
5158379,19.6151,79853981,2044517549551825
5161009,19.6251,79853981,2044727565521855
5163639,19.6351,79853981,2044937581491885
5166269,19.6451,79853981,2045147597461915
5168899,19.6551,79853981,2045357613431945
5171529,19.6651,79853981,2045567629401975
5174159,19.6751,79853981,2045777645372005
5176789,19.6851,79853981,2045987661342035
5179419,19.6951,79853981,2046197677312065
5182049,19.7051,79853981,2046407693282095
5184679,19.7151,79853981,2046617709252125
5187309,19.7251,79853981,2046827725222155
5189939,19.7351,79853981,2047037741192185
5192569,19.7451,79853981,2047247757162215
5195199,19.7551,79853981,2047457773132245
5197829,19.7651,79853981,2047667789102275
5200459,19.7751,79853981,2047877805072305
5203089,19.7851,79853981,2048087821042335
5205719,19.7951,79853981,2048297837012365
5208349,19.8051,79853981,2048507852982395
5210979,19.8151,79853981,2048717868952425
5213609,19.8251,79853981,2048927884922455
5216239,19.8351,79853981,2049137900892485
5218869,19.8451,79853981,2049347916862515
5221499,19.8551,79853981,2049557932832545
5224129,19.8651,79853981,2049767948802575
5226759,19.8751,79853981,2049977964772605
5229389,19.8851,79853981,2050187980742635
5232019,19.8951,79853981,2050397996712665
5234649,19.9051,79853981,2050608012682695
5237279,19.9151,79853981,2050818028652725
5239909,19.9251,79853981,2051028044622755
5242539,19.9351,79853981,2051238060592785
5245169,19.9451,79853981,2051448076562815
5247799,19.9551,79853981,2051658092532845
5250429,19.9651,79853981,2051868108502875
5253059,19.9751,79853981,2052078124472905
5255689,19.9851,79853981,2052288140442935
5258319,19.9951,79853981,2052498156412965
5260949,20.0051,79853981,2052708172382995
5263579,20.0151,79853981,2052918188353025
5266209,20.0251,79853981,2053128204323055
5268839,20.0351,79853981,2053338220293085
5271469,20.0451,79853981,2053548236263115
5274099,20.0551,79853981,2053758252233145
5276729,20.0651,79853981,2053968268203175
5279359,20.0751,79853981,2054178284173205
5281989,20.0851,79853981,2054388300143235
5284619,20.0951,79853981,2054598316113265
5287249,20.1051,79853981,2054808332083295
5289879,20.1151,79853981,2055018348053325
5292509,20.1251,79853981,2055228364023355
5295139,20.1351,79853981,2055438379993385
5297769,20.1451,79853981,2055648395963415
5300399,20.1551,79853981,2055858411933445
5303029,20.1651,79853981,2056068427903475
5305659,20.1751,79853981,2056278443873505
5308289,20.1851,79853981,2056488459843535
5310919,20.1951,79853981,2056698475813565
5313549,20.2051,79853981,2056908491783595
5316179,20.2151,79853981,2057118507753625
5318809,20.2251,79853981,2057328523723655
5321439,20.2351,79853981,2057538539693685
5324069,20.2451,79853981,2057748555663715
5326699,20.2551,79853981,2057958571633745
5329329,20.2651,79853981,2058168587603775
5331959,20.2752,79853981,2058378603573805
5334589,20.2852,79853981,2058588619543835
5337219,20.2952,79853981,2058798635513865
5339849,20.3052,79853981,2059008651483895
5342479,20.3152,79853981,2059218667453925
5345109,20.3252,79853981,2059428683423955
5347739,20.3352,79853981,2059638699393985
5350369,20.3452,79853981,2059848715364015
5352999,20.3552,79853981,2060058731334045
5355629,20.3652,79853981,2060268747304075
5358259,20.3752,79853981,2060478763274105
5360889,20.3852,79853981,2060688779244135
5363519,20.3952,79853981,2060898795214165
5366149,20.4052,79853981,2061108811184195
5368779,20.4152,79853981,2061318827154225
5371409,20.4252,79853981,2061528843124255
5374039,20.4352,79853981,2061738859094285
5376669,20.4452,79853981,2061948875064315
5379299,20.4552,79853981,2062158891034345
5381929,20.4652,79853981,2062368907004375
5384559,20.4752,79853981,2062578922974405
5387189,20.4852,79853981,2062788938944435
5389819,20.4952,79853981,2062998954914465
5392449,20.5052,79853981,2063208970884495
5395079,20.5152,79853981,2063418986854525
5397709,20.5252,79853981,2063629002824555
5400339,20.5352,79853981,2063839018794585
5402969,20.5452,79853981,2064049034764615
5405599,20.5552,79853981,2064259050734645
5408229,20.5652,79853981,2064469066704675
5410859,20.5752,79853981,2064679082674705
5413489,20.5852,79853981,2064889098644735
5416119,20.5952,79853981,2065099114614765
5418749,20.6052,79853981,2065309130584795
5421379,20.6152,79853981,2065519146554825
5424009,20.6252,79853981,2065729162524855
5426639,20.6352,79853981,2065939178494885
5429269,20.6452,79853981,2066149194464915
5431899,20.6552,79853981,2066359210434945
5434529,20.6652,79853981,2066569226404975
5437159,20.6752,79853981,2066779242375005
5439789,20.6852,79853981,2066989258345035
5442419,20.6952,79853981,2067199274315065
5445049,20.7052,79853981,2067409290285095
5447679,20.7152,79853981,2067619306255125
5450309,20.7252,79853981,2067829322225155
5452939,20.7352,79853981,2068039338195185
5455569,20.7452,79853981,2068249354165215
5458199,20.7552,79853981,2068459370135245
5460829,20.7652,79853981,2068669386105275
5463459,20.7752,79853981,2068879402075305
5466089,20.7852,79853981,2069089418045335
5468719,20.7952,79853981,2069299434015365
5471349,20.8052,79853981,2069509449985395
5473979,20.8152,79853981,2069719465955425
5476609,20.8252,79853981,2069929481925455
5479239,20.8352,79853981,2070139497895485
5481869,20.8452,79853981,2070349513865515
5484499,20.8552,79853981,2070559529835545
5487129,20.8652,79853981,2070769545805575
5489759,20.8752,79853981,2070979561775605
5492389,20.8852,79853981,2071189577745635
5495019,20.8952,79853981,2071399593715665
5497649,20.9052,79853981,2071609609685695
5500279,20.9152,79853981,2071819625655725
5502909,20.9252,79853981,2072029641625755
5505539,20.9352,79853981,2072239657595785
5508169,20.9452,79853981,2072449673565815
5510799,20.9552,79853981,2072659689535845
5513429,20.9652,79853981,2072869705505875
5516059,20.9752,79853981,2073079721475905
5518689,20.9852,79853981,2073289737445935
5521319,20.9952,79853981,2073499753415965
5523949,21.0052,79853981,2073709769385995
5526579,21.0152,79853981,2073919785356025
5529209,21.0252,79853981,2074129801326055
5531839,21.0352,79853981,2074339817296085
5534469,21.0452,79853981,2074549833266115
5537099,21.0552,79853981,2074759849236145
5539729,21.0652,79853981,2074969865206175
5542359,21.0752,79853981,2075179881176205
5544989,21.0852,79853981,2075389897146235
5547619,21.0952,79853981,2075599913116265
5550249,21.1052,79853981,2075809929086295
5552879,21.1152,79853981,2076019945056325
5555509,21.1252,79853981,2076229961026355
5558139,21.1352,79853981,2076439976996385
5560769,21.1452,79853981,2076649992966415
5563399,21.1552,79853981,2076860008936445
5566029,21.1652,79853981,2077070024906475
5568659,21.1752,79853981,2077280040876505
5571289,21.1852,79853981,2077490056846535
5573919,21.1952,79853981,2077700072816565
5576549,21.2052,79853981,2077910088786595
5579179,21.2152,79853981,2078120104756625
5581809,21.2252,79853981,2078330120726655
5584439,21.2352,79853981,2078540136696685
5587069,21.2452,79853981,2078750152666715
5589699,21.2552,79853981,2078960168636745
5592329,21.2652,79853981,2079170184606775
5594959,21.2752,79853981,2079380200576805
5597589,21.2852,79853981,2079590216546835
5600219,21.2952,79853981,2079800232516865
5602849,21.3052,79853981,2080010248486895
5605479,21.3152,79853981,2080220264456925
5608109,21.3252,79853981,2080430280426955
5610739,21.3352,79853981,2080640296396985
5613369,21.3452,79853981,2080850312367015
5615999,21.3552,79853981,2081060328337045
5618629,21.3652,79853981,2081270344307075
5621259,21.3752,79853981,2081480360277105
5623889,21.3852,79853981,2081690376247135
5626519,21.3952,79853981,2081900392217165
5629149,21.4052,79853981,2082110408187195
5631779,21.4152,79853981,2082320424157225
5634409,21.4252,79853981,2082530440127255
5637039,21.4352,79853981,2082740456097285
5639669,21.4452,79853981,2082950472067315
5642299,21.4552,79853981,2083160488037345
5644929,21.4652,79853981,2083370504007375
5647559,21.4752,79853981,2083580519977405
5650189,21.4852,79853981,2083790535947435
5652819,21.4952,79853981,2084000551917465
5655449,21.5052,79853981,2084210567887495
5658079,21.5152,79853981,2084420583857525
5660709,21.5252,79853981,2084630599827555
5663339,21.5352,79853981,2084840615797585
5665969,21.5452,79853981,2085050631767615
5668599,21.5552,79853981,2085260647737645
5671229,21.5652,79853981,2085470663707675
5673859,21.5752,79853981,2085680679677705
5676489,21.5852,79853981,2085890695647735
5679119,21.5953,79853981,2086100711617765
5681749,21.6053,79853981,2086310727587795
5684379,21.6153,79853981,2086520743557825
5687009,21.6253,79853981,2086730759527855
5689639,21.6353,79853981,2086940775497885
5692269,21.6453,79853981,2087150791467915
5694899,21.6553,79853981,2087360807437945
5697529,21.6653,79853981,2087570823407975
5700159,21.6753,79853981,2087780839378005
5702789,21.6853,79853981,2087990855348035
5705419,21.6953,79853981,2088200871318065
5708049,21.7053,79853981,2088410887288095
5710679,21.7153,79853981,2088620903258125
5713309,21.7253,79853981,2088830919228155
5715939,21.7353,79853981,2089040935198185
5718569,21.7453,79853981,2089250951168215
5721199,21.7553,79853981,2089460967138245
5723829,21.7653,79853981,2089670983108275
5726459,21.7753,79853981,2089880999078305
5729089,21.7853,79853981,2090091015048335
5731719,21.7953,79853981,2090301031018365
5734349,21.8053,79853981,2090511046988395
5736979,21.8153,79853981,2090721062958425
5739609,21.8253,79853981,2090931078928455
5742239,21.8353,79853981,2091141094898485
5744869,21.8453,79853981,2091351110868515
5747499,21.8553,79853981,2091561126838545
5750129,21.8653,79853981,2091771142808575
5752759,21.8753,79853981,2091981158778605
5755389,21.8853,79853981,2092191174748635
5758019,21.8953,79853981,2092401190718665
5760649,21.9053,79853981,2092611206688695
5763279,21.9153,79853981,2092821222658725
5765909,21.9253,79853981,2093031238628755
5768539,21.9353,79853981,2093241254598785
5771169,21.9453,79853981,2093451270568815
5773799,21.9553,79853981,2093661286538845
5776429,21.9653,79853981,2093871302508875
5779059,21.9753,79853981,2094081318478905
5781689,21.9853,79853981,2094291334448935
5784319,21.9953,79853981,2094501350418965
5786949,22.0053,79853981,2094711366388995
5789579,22.0153,79853981,2094921382359025
5792209,22.0253,79853981,2095131398329055
5794839,22.0353,79853981,2095341414299085
5797469,22.0453,79853981,2095551430269115
5800099,22.0553,79853981,2095761446239145
5802729,22.0653,79853981,2095971462209175
5805359,22.0753,79853981,2096181478179205
5807989,22.0853,79853981,2096391494149235
5810619,22.0953,79853981,2096601510119265
5813249,22.1053,79853981,2096811526089295
5815879,22.1153,79853981,2097021542059325
5818509,22.1253,79853981,2097231558029355
5821139,22.1353,79853981,2097441573999385
5823769,22.1453,79853981,2097651589969415
5826399,22.1553,79853981,2097861605939445
5829029,22.1653,79853981,2098071621909475
5831659,22.1753,79853981,2098281637879505
5834289,22.1853,79853981,2098491653849535
5836919,22.1953,79853981,2098701669819565
5839549,22.2053,79853981,2098911685789595
5842179,22.2153,79853981,2099121701759625
5844809,22.2253,79853981,2099331717729655
5847439,22.2353,79853981,2099541733699685
5850069,22.2453,79853981,2099751749669715
5852699,22.2553,79853981,2099961765639745
5855329,22.2653,79853981,2100171781609775
5857959,22.2753,79853981,2100381797579805
5860589,22.2853,79853981,2100591813549835
5863219,22.2953,79853981,2100801829519865
5865849,22.3053,79853981,2101011845489895
5868479,22.3153,79853981,2101221861459925
5871109,22.3253,79853981,2101431877429955
5873739,22.3353,79853981,2101641893399985
5876369,22.3453,79853981,2101851909370015
5878999,22.3553,79853981,2102061925340045
5881629,22.3653,79853981,2102271941310075
5884259,22.3753,79853981,2102481957280105
5886889,22.3853,79853981,2102691973250135
5889519,22.3953,79853981,2102901989220165
5892149,22.4053,79853981,2103112005190195
5894779,22.4153,79853981,2103322021160225
5897409,22.4253,79853981,2103532037130255
5900039,22.4353,79853981,2103742053100285
5902669,22.4453,79853981,2103952069070315
5905299,22.4553,79853981,2104162085040345
5907929,22.4653,79853981,2104372101010375
5910559,22.4753,79853981,2104582116980405
5913189,22.4853,79853981,2104792132950435
5915819,22.4953,79853981,2105002148920465
5918449,22.5053,79853981,2105212164890495
5921079,22.5153,79853981,2105422180860525
5923709,22.5253,79853981,2105632196830555
5926339,22.5353,79853981,2105842212800585
5928969,22.5453,79853981,2106052228770615
5931599,22.5553,79853981,2106262244740645
5934229,22.5653,79853981,2106472260710675
5936859,22.5753,79853981,2106682276680705
5939489,22.5853,79853981,2106892292650735
5942119,22.5953,79853981,2107102308620765
5944749,22.6053,79853981,2107312324590795
5947379,22.6153,79853981,2107522340560825
5950009,22.6253,79853981,2107732356530855
5952639,22.6353,79853981,2107942372500885
5955269,22.6453,79853981,2108152388470915
5957899,22.6553,79853981,2108362404440945
5960529,22.6653,79853981,2108572420410975
5963159,22.6753,79853981,2108782436381005
5965789,22.6853,79853981,2108992452351035
5968419,22.6953,79853981,2109202468321065
5971049,22.7053,79853981,2109412484291095
5973679,22.7153,79853981,2109622500261125
5976309,22.7253,79853981,2109832516231155
5978939,22.7353,79853981,2110042532201185
5981569,22.7453,79853981,2110252548171215
5984199,22.7553,79853981,2110462564141245
5986829,22.7653,79853981,2110672580111275
5989459,22.7753,79853981,2110882596081305
5992089,22.7853,79853981,2111092612051335
5994719,22.7953,79853981,2111302628021365
5997349,22.8053,79853981,2111512643991395
5999979,22.8153,79853981,2111722659961425
6002609,22.8253,79853981,2111932675931455
6005239,22.8353,79853981,2112142691901485
6007869,22.8453,79853981,2112352707871515
6010499,22.8553,79853981,2112562723841545
6013129,22.8653,79853981,2112772739811575
6015759,22.8753,79853981,2112982755781605
6018389,22.8853,79853981,2113192771751635
6021019,22.8953,79853981,2113402787721665
6023649,22.9054,79853981,2113612803691695
6026279,22.9154,79853981,2113822819661725
6028909,22.9254,79853981,2114032835631755
6031539,22.9354,79853981,2114242851601785
6034169,22.9454,79853981,2114452867571815
6036799,22.9554,79853981,2114662883541845
6039429,22.9654,79853981,2114872899511875
6042059,22.9754,79853981,2115082915481905
6044689,22.9854,79853981,2115292931451935
6047319,22.9954,79853981,2115502947421965
6049949,23.0054,79853981,2115712963391995
6052579,23.0154,79853981,2115922979362025
6055209,23.0254,79853981,2116132995332055
6057839,23.0354,79853981,2116343011302085
6060469,23.0454,79853981,2116553027272115
6063099,23.0554,79853981,2116763043242145
6065729,23.0654,79853981,2116973059212175
6068359,23.0754,79853981,2117183075182205
6070989,23.0854,79853981,2117393091152235
6073619,23.0954,79853981,2117603107122265
6076249,23.1054,79853981,2117813123092295
6078879,23.1154,79853981,2118023139062325
6081509,23.1254,79853981,2118233155032355
6084139,23.1354,79853981,2118443171002385
6086769,23.1454,79853981,2118653186972415
6089399,23.1554,79853981,2118863202942445
6092029,23.1654,79853981,2119073218912475
6094659,23.1754,79853981,2119283234882505
6097289,23.1854,79853981,2119493250852535
6099919,23.1954,79853981,2119703266822565
6102549,23.2054,79853981,2119913282792595
6105179,23.2154,79853981,2120123298762625
6107809,23.2254,79853981,2120333314732655
6110439,23.2354,79853981,2120543330702685
6113069,23.2454,79853981,2120753346672715
6115699,23.2554,79853981,2120963362642745
6118329,23.2654,79853981,2121173378612775
6120959,23.2754,79853981,2121383394582805
6123589,23.2854,79853981,2121593410552835
6126219,23.2954,79853981,2121803426522865
6128849,23.3054,79853981,2122013442492895
6131479,23.3154,79853981,2122223458462925
6134109,23.3254,79853981,2122433474432955
6136739,23.3354,79853981,2122643490402985
6139369,23.3454,79853981,2122853506373015
6141999,23.3554,79853981,2123063522343045
6144629,23.3654,79853981,2123273538313075
6147259,23.3754,79853981,2123483554283105
6149889,23.3854,79853981,2123693570253135
6152519,23.3954,79853981,2123903586223165
6155149,23.4054,79853981,2124113602193195
6157779,23.4154,79853981,2124323618163225
6160409,23.4254,79853981,2124533634133255
6163039,23.4354,79853981,2124743650103285
6165669,23.4454,79853981,2124953666073315
6168299,23.4554,79853981,2125163682043345
6170929,23.4654,79853981,2125373698013375
6173559,23.4754,79853981,2125583713983405
6176189,23.4854,79853981,2125793729953435
6178819,23.4954,79853981,2126003745923465
6181449,23.5054,79853981,2126213761893495
6184079,23.5154,79853981,2126423777863525
6186709,23.5254,79853981,2126633793833555
6189339,23.5354,79853981,2126843809803585
6191969,23.5454,79853981,2127053825773615
6194599,23.5554,79853981,2127263841743645
6197229,23.5654,79853981,2127473857713675
6199859,23.5754,79853981,2127683873683705
6202489,23.5854,79853981,2127893889653735
6205119,23.5954,79853981,2128103905623765
6207749,23.6054,79853981,2128313921593795
6210379,23.6154,79853981,2128523937563825
6213009,23.6254,79853981,2128733953533855
6215639,23.6354,79853981,2128943969503885
6218269,23.6454,79853981,2129153985473915
6220899,23.6554,79853981,2129364001443945
6223529,23.6654,79853981,2129574017413975
6226159,23.6754,79853981,2129784033384005
6228789,23.6854,79853981,2129994049354035
6231419,23.6954,79853981,2130204065324065
6234049,23.7054,79853981,2130414081294095
6236679,23.7154,79853981,2130624097264125
6239309,23.7254,79853981,2130834113234155
6241939,23.7354,79853981,2131044129204185
6244569,23.7454,79853981,2131254145174215
6247199,23.7554,79853981,2131464161144245
6249829,23.7654,79853981,2131674177114275
6252459,23.7754,79853981,2131884193084305
6255089,23.7854,79853981,2132094209054335
6257719,23.7954,79853981,2132304225024365
6260349,23.8054,79853981,2132514240994395
6262979,23.8154,79853981,2132724256964425
6265609,23.8254,79853981,2132934272934455
6268239,23.8354,79853981,2133144288904485
6270869,23.8454,79853981,2133354304874515
6273499,23.8554,79853981,2133564320844545
6276129,23.8654,79853981,2133774336814575
6278759,23.8754,79853981,2133984352784605
6281389,23.8854,79853981,2134194368754635
6284019,23.8954,79853981,2134404384724665
6286649,23.9054,79853981,2134614400694695
6289279,23.9154,79853981,2134824416664725
6291909,23.9254,79853981,2135034432634755
6294539,23.9354,79853981,2135244448604785
6297169,23.9454,79853981,2135454464574815
6299799,23.9554,79853981,2135664480544845
6302429,23.9654,79853981,2135874496514875
6305059,23.9754,79853981,2136084512484905
6307689,23.9854,79853981,2136294528454935
6310319,23.9954,79853981,2136504544424965
6312949,24.0054,79853981,2136714560394995
6315579,24.0154,79853981,2136924576365025
6318209,24.0254,79853981,2137134592335055
6320839,24.0354,79853981,2137344608305085
6323469,24.0454,79853981,2137554624275115
6326099,24.0554,79853981,2137764640245145
6328729,24.0654,79853981,2137974656215175
6331359,24.0754,79853981,2138184672185205
6333989,24.0854,79853981,2138394688155235
6336619,24.0954,79853981,2138604704125265
6339249,24.1054,79853981,2138814720095295
6341879,24.1154,79853981,2139024736065325
6344509,24.1254,79853981,2139234752035355
6347139,24.1354,79853981,2139444768005385
6349769,24.1454,79853981,2139654783975415
6352399,24.1554,79853981,2139864799945445
6355029,24.1654,79853981,2140074815915475
6357659,24.1754,79853981,2140284831885505
6360289,24.1854,79853981,2140494847855535
6362919,24.1954,79853981,2140704863825565
6365549,24.2054,79853981,2140914879795595
6368179,24.2154,79853981,2141124895765625
6370809,24.2255,79853981,2141334911735655
6373439,24.2355,79853981,2141544927705685
6376069,24.2455,79853981,2141754943675715
6378699,24.2555,79853981,2141964959645745
6381329,24.2655,79853981,2142174975615775
6383959,24.2755,79853981,2142384991585805
6386589,24.2855,79853981,2142595007555835
6389219,24.2955,79853981,2142805023525865
6391849,24.3055,79853981,2143015039495895
6394479,24.3155,79853981,2143225055465925
6397109,24.3255,79853981,2143435071435955
6399739,24.3355,79853981,2143645087405985
6402369,24.3455,79853981,2143855103376015
6404999,24.3555,79853981,2144065119346045
6407629,24.3655,79853981,2144275135316075
6410259,24.3755,79853981,2144485151286105
6412889,24.3855,79853981,2144695167256135
6415519,24.3955,79853981,2144905183226165
6418149,24.4055,79853981,2145115199196195
6420779,24.4155,79853981,2145325215166225
6423409,24.4255,79853981,2145535231136255
6426039,24.4355,79853981,2145745247106285
6428669,24.4455,79853981,2145955263076315
6431299,24.4555,79853981,2146165279046345
6433929,24.4655,79853981,2146375295016375
6436559,24.4755,79853981,2146585310986405
6439189,24.4855,79853981,2146795326956435
6441819,24.4955,79853981,2147005342926465
6444449,24.5055,79853981,2147215358896495
6447079,24.5155,79853981,2147425374866525
6449709,24.5255,79853981,2147635390836555
6452339,24.5355,79853981,2147845406806585
6454969,24.5455,79853981,2148055422776615
6457599,24.5555,79853981,2148265438746645
6460229,24.5655,79853981,2148475454716675
6462859,24.5755,79853981,2148685470686705
6465489,24.5855,79853981,2148895486656735
6468119,24.5955,79853981,2149105502626765
6470749,24.6055,79853981,2149315518596795
6473379,24.6155,79853981,2149525534566825
6476009,24.6255,79853981,2149735550536855
6478639,24.6355,79853981,2149945566506885
6481269,24.6455,79853981,2150155582476915
6483899,24.6555,79853981,2150365598446945
6486529,24.6655,79853981,2150575614416975
6489159,24.6755,79853981,2150785630387005
6491789,24.6855,79853981,2150995646357035
6494419,24.6955,79853981,2151205662327065
6497049,24.7055,79853981,2151415678297095
6499679,24.7155,79853981,2151625694267125
6502309,24.7255,79853981,2151835710237155
6504939,24.7355,79853981,2152045726207185
6507569,24.7455,79853981,2152255742177215
6510199,24.7555,79853981,2152465758147245
6512829,24.7655,79853981,2152675774117275
6515459,24.7755,79853981,2152885790087305
6518089,24.7855,79853981,2153095806057335
6520719,24.7955,79853981,2153305822027365
6523349,24.8055,79853981,2153515837997395
6525979,24.8155,79853981,2153725853967425
6528609,24.8255,79853981,2153935869937455
6531239,24.8355,79853981,2154145885907485
6533869,24.8455,79853981,2154355901877515
6536499,24.8555,79853981,2154565917847545
6539129,24.8655,79853981,2154775933817575
6541759,24.8755,79853981,2154985949787605
6544389,24.8855,79853981,2155195965757635
6547019,24.8955,79853981,2155405981727665
6549649,24.9055,79853981,2155615997697695
6552279,24.9155,79853981,2155826013667725
6554909,24.9255,79853981,2156036029637755
6557539,24.9355,79853981,2156246045607785
6560169,24.9455,79853981,2156456061577815
6562799,24.9555,79853981,2156666077547845
6565429,24.9655,79853981,2156876093517875
6568059,24.9755,79853981,2157086109487905
6570689,24.9855,79853981,2157296125457935
6573319,24.9955,79853981,2157506141427965
6575949,25.0055,79853981,2157716157397995
6578579,25.0155,79853981,2157926173368025
6581209,25.0255,79853981,2158136189338055
6583839,25.0355,79853981,2158346205308085
6586469,25.0455,79853981,2158556221278115
6589099,25.0555,79853981,2158766237248145
6591729,25.0655,79853981,2158976253218175
6594359,25.0755,79853981,2159186269188205
6596989,25.0855,79853981,2159396285158235
6599619,25.0955,79853981,2159606301128265
6602249,25.1055,79853981,2159816317098295
6604879,25.1155,79853981,2160026333068325
6607509,25.1255,79853981,2160236349038355
6610139,25.1355,79853981,2160446365008385
6612769,25.1455,79853981,2160656380978415
6615399,25.1555,79853981,2160866396948445
6618029,25.1655,79853981,2161076412918475
6620659,25.1755,79853981,2161286428888505
6623289,25.1855,79853981,2161496444858535
6625919,25.1955,79853981,2161706460828565
6628549,25.2055,79853981,2161916476798595
6631179,25.2155,79853981,2162126492768625
6633809,25.2255,79853981,2162336508738655
6636439,25.2355,79853981,2162546524708685
6639069,25.2455,79853981,2162756540678715
6641699,25.2555,79853981,2162966556648745
6644329,25.2655,79853981,2163176572618775
6646959,25.2755,79853981,2163386588588805
6649589,25.2855,79853981,2163596604558835
6652219,25.2955,79853981,2163806620528865
6654849,25.3055,79853981,2164016636498895
6657479,25.3155,79853981,2164226652468925
6660109,25.3255,79853981,2164436668438955
6662739,25.3355,79853981,2164646684408985
6665369,25.3455,79853981,2164856700379015
6667999,25.3555,79853981,2165066716349045
6670629,25.3655,79853981,2165276732319075
6673259,25.3755,79853981,2165486748289105
6675889,25.3855,79853981,2165696764259135
6678519,25.3955,79853981,2165906780229165
6681149,25.4055,79853981,2166116796199195
6683779,25.4155,79853981,2166326812169225
6686409,25.4255,79853981,2166536828139255
6689039,25.4355,79853981,2166746844109285
6691669,25.4455,79853981,2166956860079315
6694299,25.4555,79853981,2167166876049345
6696929,25.4655,79853981,2167376892019375
6699559,25.4755,79853981,2167586907989405
6702189,25.4855,79853981,2167796923959435
6704819,25.4955,79853981,2168006939929465
6707449,25.5055,79853981,2168216955899495
6710079,25.5155,79853981,2168426971869525
6712709,25.5255,79853981,2168636987839555
6715339,25.5356,79853981,2168847003809585
6717969,25.5456,79853981,2169057019779615
6720599,25.5556,79853981,2169267035749645
6723229,25.5656,79853981,2169477051719675
6725859,25.5756,79853981,2169687067689705
6728489,25.5856,79853981,2169897083659735
6731119,25.5956,79853981,2170107099629765
6733749,25.6056,79853981,2170317115599795
6736379,25.6156,79853981,2170527131569825
6739009,25.6256,79853981,2170737147539855
6741639,25.6356,79853981,2170947163509885
6744269,25.6456,79853981,2171157179479915
6746899,25.6556,79853981,2171367195449945
6749529,25.6656,79853981,2171577211419975
6752159,25.6756,79853981,2171787227390005
6754789,25.6856,79853981,2171997243360035
6757419,25.6956,79853981,2172207259330065
6760049,25.7056,79853981,2172417275300095
6762679,25.7156,79853981,2172627291270125
6765309,25.7256,79853981,2172837307240155
6767939,25.7356,79853981,2173047323210185
6770569,25.7456,79853981,2173257339180215
6773199,25.7556,79853981,2173467355150245
6775829,25.7656,79853981,2173677371120275
6778459,25.7756,79853981,2173887387090305
6781089,25.7856,79853981,2174097403060335
6783719,25.7956,79853981,2174307419030365
6786349,25.8056,79853981,2174517435000395
6788979,25.8156,79853981,2174727450970425
6791609,25.8256,79853981,2174937466940455
6794239,25.8356,79853981,2175147482910485
6796869,25.8456,79853981,2175357498880515
6799499,25.8556,79853981,2175567514850545
6802129,25.8656,79853981,2175777530820575
6804759,25.8756,79853981,2175987546790605
6807389,25.8856,79853981,2176197562760635
6810019,25.8956,79853981,2176407578730665
6812649,25.9056,79853981,2176617594700695
6815279,25.9156,79853981,2176827610670725
6817909,25.9256,79853981,2177037626640755
6820539,25.9356,79853981,2177247642610785
6823169,25.9456,79853981,2177457658580815
6825799,25.9556,79853981,2177667674550845
6828429,25.9656,79853981,2177877690520875
6831059,25.9756,79853981,2178087706490905
6833689,25.9856,79853981,2178297722460935
6836319,25.9956,79853981,2178507738430965
6838949,26.0056,79853981,2178717754400995
6841579,26.0156,79853981,2178927770371025
6844209,26.0256,79853981,2179137786341055
6846839,26.0356,79853981,2179347802311085
6849469,26.0456,79853981,2179557818281115
6852099,26.0556,79853981,2179767834251145
6854729,26.0656,79853981,2179977850221175
6857359,26.0756,79853981,2180187866191205
6859989,26.0856,79853981,2180397882161235
6862619,26.0956,79853981,2180607898131265
6865249,26.1056,79853981,2180817914101295
6867879,26.1156,79853981,2181027930071325
6870509,26.1256,79853981,2181237946041355
6873139,26.1356,79853981,2181447962011385
6875769,26.1456,79853981,2181657977981415
6878399,26.1556,79853981,2181867993951445
6881029,26.1656,79853981,2182078009921475
6883659,26.1756,79853981,2182288025891505
6886289,26.1856,79853981,2182498041861535
6888919,26.1956,79853981,2182708057831565
6891549,26.2056,79853981,2182918073801595
6894179,26.2156,79853981,2183128089771625
6896809,26.2256,79853981,2183338105741655
6899439,26.2356,79853981,2183548121711685
6902069,26.2456,79853981,2183758137681715
6904699,26.2556,79853981,2183968153651745
6907329,26.2656,79853981,2184178169621775
6909959,26.2756,79853981,2184388185591805
6912589,26.2856,79853981,2184598201561835
6915219,26.2956,79853981,2184808217531865
6917849,26.3056,79853981,2185018233501895
6920479,26.3156,79853981,2185228249471925
6923109,26.3256,79853981,2185438265441955
6925739,26.3356,79853981,2185648281411985
6928369,26.3456,79853981,2185858297382015
6930999,26.3556,79853981,2186068313352045
6933629,26.3656,79853981,2186278329322075
6936259,26.3756,79853981,2186488345292105
6938889,26.3856,79853981,2186698361262135
6941519,26.3956,79853981,2186908377232165
6944149,26.4056,79853981,2187118393202195
6946779,26.4156,79853981,2187328409172225
6949409,26.4256,79853981,2187538425142255
6952039,26.4356,79853981,2187748441112285
6954669,26.4456,79853981,2187958457082315
6957299,26.4556,79853981,2188168473052345
6959929,26.4656,79853981,2188378489022375
6962559,26.4756,79853981,2188588504992405
6965189,26.4856,79853981,2188798520962435
6967819,26.4956,79853981,2189008536932465
6970449,26.5056,79853981,2189218552902495
6973079,26.5156,79853981,2189428568872525
6975709,26.5256,79853981,2189638584842555
6978339,26.5356,79853981,2189848600812585
6980969,26.5456,79853981,2190058616782615
6983599,26.5556,79853981,2190268632752645
6986229,26.5656,79853981,2190478648722675
6988859,26.5756,79853981,2190688664692705
6991489,26.5856,79853981,2190898680662735
6994119,26.5956,79853981,2191108696632765
6996749,26.6056,79853981,2191318712602795
6999379,26.6156,79853981,2191528728572825
7002009,26.6256,79853981,2191738744542855
7004639,26.6356,79853981,2191948760512885
7007269,26.6456,79853981,2192158776482915
7009899,26.6556,79853981,2192368792452945
7012529,26.6656,79853981,2192578808422975
7015159,26.6756,79853981,2192788824393005
7017789,26.6856,79853981,2192998840363035
7020419,26.6956,79853981,2193208856333065
7023049,26.7056,79853981,2193418872303095
7025679,26.7156,79853981,2193628888273125
7028309,26.7256,79853981,2193838904243155
7030939,26.7356,79853981,2194048920213185
7033569,26.7456,79853981,2194258936183215
7036199,26.7556,79853981,2194468952153245
7038829,26.7656,79853981,2194678968123275
7041459,26.7756,79853981,2194888984093305
7044089,26.7856,79853981,2195099000063335
7046719,26.7956,79853981,2195309016033365
7049349,26.8056,79853981,2195519032003395
7051979,26.8156,79853981,2195729047973425
7054609,26.8256,79853981,2195939063943455
7057239,26.8356,79853981,2196149079913485
7059869,26.8456,79853981,2196359095883515
7062499,26.8557,79853981,2196569111853545
7065129,26.8657,79853981,2196779127823575
7067759,26.8757,79853981,2196989143793605
7070389,26.8857,79853981,2197199159763635
7073019,26.8957,79853981,2197409175733665
7075649,26.9057,79853981,2197619191703695
7078279,26.9157,79853981,2197829207673725
7080909,26.9257,79853981,2198039223643755
7083539,26.9357,79853981,2198249239613785
7086169,26.9457,79853981,2198459255583815
7088799,26.9557,79853981,2198669271553845
7091429,26.9657,79853981,2198879287523875
7094059,26.9757,79853981,2199089303493905
7096689,26.9857,79853981,2199299319463935
7099319,26.9957,79853981,2199509335433965
7101949,27.0057,79853981,2199719351403995
7104579,27.0157,79853981,2199929367374025
7107209,27.0257,79853981,2200139383344055
7109839,27.0357,79853981,2200349399314085
7112469,27.0457,79853981,2200559415284115
7115099,27.0557,79853981,2200769431254145
7117729,27.0657,79853981,2200979447224175
7120359,27.0757,79853981,2201189463194205
7122989,27.0857,79853981,2201399479164235
7125619,27.0957,79853981,2201609495134265
7128249,27.1057,79853981,2201819511104295
7130879,27.1157,79853981,2202029527074325
7133509,27.1257,79853981,2202239543044355
7136139,27.1357,79853981,2202449559014385
7138769,27.1457,79853981,2202659574984415
7141399,27.1557,79853981,2202869590954445
7144029,27.1657,79853981,2203079606924475
7146659,27.1757,79853981,2203289622894505
7149289,27.1857,79853981,2203499638864535
7151919,27.1957,79853981,2203709654834565
7154549,27.2057,79853981,2203919670804595
7157179,27.2157,79853981,2204129686774625
7159809,27.2257,79853981,2204339702744655
7162439,27.2357,79853981,2204549718714685
7165069,27.2457,79853981,2204759734684715
7167699,27.2557,79853981,2204969750654745
7170329,27.2657,79853981,2205179766624775
7172959,27.2757,79853981,2205389782594805
7175589,27.2857,79853981,2205599798564835
7178219,27.2957,79853981,2205809814534865
7180849,27.3057,79853981,2206019830504895
7183479,27.3157,79853981,2206229846474925
7186109,27.3257,79853981,2206439862444955
7188739,27.3357,79853981,2206649878414985
7191369,27.3457,79853981,2206859894385015
7193999,27.3557,79853981,2207069910355045
7196629,27.3657,79853981,2207279926325075
7199259,27.3757,79853981,2207489942295105
7201889,27.3857,79853981,2207699958265135
7204519,27.3957,79853981,2207909974235165
7207149,27.4057,79853981,2208119990205195
7209779,27.4157,79853981,2208330006175225
7212409,27.4257,79853981,2208540022145255
7215039,27.4357,79853981,2208750038115285
7217669,27.4457,79853981,2208960054085315
7220299,27.4557,79853981,2209170070055345
7222929,27.4657,79853981,2209380086025375
7225559,27.4757,79853981,2209590101995405
7228189,27.4857,79853981,2209800117965435
7230819,27.4957,79853981,2210010133935465
7233449,27.5057,79853981,2210220149905495
7236079,27.5157,79853981,2210430165875525
7238709,27.5257,79853981,2210640181845555
7241339,27.5357,79853981,2210850197815585
7243969,27.5457,79853981,2211060213785615
7246599,27.5557,79853981,2211270229755645
7249229,27.5657,79853981,2211480245725675
7251859,27.5757,79853981,2211690261695705
7254489,27.5857,79853981,2211900277665735
7257119,27.5957,79853981,2212110293635765
7259749,27.6057,79853981,2212320309605795
7262379,27.6157,79853981,2212530325575825
7265009,27.6257,79853981,2212740341545855
7267639,27.6357,79853981,2212950357515885
7270269,27.6457,79853981,2213160373485915
7272899,27.6557,79853981,2213370389455945
7275529,27.6657,79853981,2213580405425975
7278159,27.6757,79853981,2213790421396005
7280789,27.6857,79853981,2214000437366035
7283419,27.6957,79853981,2214210453336065
7286049,27.7057,79853981,2214420469306095
7288679,27.7157,79853981,2214630485276125
7291309,27.7257,79853981,2214840501246155
7293939,27.7357,79853981,2215050517216185
7296569,27.7457,79853981,2215260533186215
7299199,27.7557,79853981,2215470549156245
7301829,27.7657,79853981,2215680565126275
7304459,27.7757,79853981,2215890581096305
7307089,27.7857,79853981,2216100597066335
7309719,27.7957,79853981,2216310613036365
7312349,27.8057,79853981,2216520629006395
7314979,27.8157,79853981,2216730644976425
7317609,27.8257,79853981,2216940660946455
7320239,27.8357,79853981,2217150676916485
7322869,27.8457,79853981,2217360692886515
7325499,27.8557,79853981,2217570708856545
7328129,27.8657,79853981,2217780724826575
7330759,27.8757,79853981,2217990740796605
7333389,27.8857,79853981,2218200756766635
7336019,27.8957,79853981,2218410772736665
7338649,27.9057,79853981,2218620788706695
7341279,27.9157,79853981,2218830804676725
7343909,27.9257,79853981,2219040820646755
7346539,27.9357,79853981,2219250836616785
7349169,27.9457,79853981,2219460852586815
7351799,27.9557,79853981,2219670868556845
7354429,27.9657,79853981,2219880884526875
7357059,27.9757,79853981,2220090900496905
7359689,27.9857,79853981,2220300916466935
7362319,27.9957,79853981,2220510932436965
7364949,28.0057,79853981,2220720948406995
7367579,28.0157,79853981,2220930964377025
7370209,28.0257,79853981,2221140980347055
7372839,28.0357,79853981,2221350996317085
7375469,28.0457,79853981,2221561012287115
7378099,28.0557,79853981,2221771028257145
7380729,28.0657,79853981,2221981044227175
7383359,28.0757,79853981,2222191060197205
7385989,28.0857,79853981,2222401076167235
7388619,28.0957,79853981,2222611092137265
7391249,28.1057,79853981,2222821108107295
7393879,28.1157,79853981,2223031124077325
7396509,28.1257,79853981,2223241140047355
7399139,28.1357,79853981,2223451156017385
7401769,28.1457,79853981,2223661171987415
7404399,28.1557,79853981,2223871187957445
7407029,28.1658,79853981,2224081203927475
7409659,28.1758,79853981,2224291219897505
7412289,28.1858,79853981,2224501235867535
7414919,28.1958,79853981,2224711251837565
7417549,28.2058,79853981,2224921267807595
7420179,28.2158,79853981,2225131283777625
7422809,28.2258,79853981,2225341299747655
7425439,28.2358,79853981,2225551315717685
7428069,28.2458,79853981,2225761331687715
7430699,28.2558,79853981,2225971347657745
7433329,28.2658,79853981,2226181363627775
7435959,28.2758,79853981,2226391379597805
7438589,28.2858,79853981,2226601395567835
7441219,28.2958,79853981,2226811411537865
7443849,28.3058,79853981,2227021427507895
7446479,28.3158,79853981,2227231443477925
7449109,28.3258,79853981,2227441459447955
7451739,28.3358,79853981,2227651475417985
7454369,28.3458,79853981,2227861491388015
7456999,28.3558,79853981,2228071507358045
7459629,28.3658,79853981,2228281523328075
7462259,28.3758,79853981,2228491539298105
7464889,28.3858,79853981,2228701555268135
7467519,28.3958,79853981,2228911571238165
7470149,28.4058,79853981,2229121587208195
7472779,28.4158,79853981,2229331603178225
7475409,28.4258,79853981,2229541619148255
7478039,28.4358,79853981,2229751635118285
7480669,28.4458,79853981,2229961651088315
7483299,28.4558,79853981,2230171667058345
7485929,28.4658,79853981,2230381683028375
7488559,28.4758,79853981,2230591698998405
7491189,28.4858,79853981,2230801714968435
7493819,28.4958,79853981,2231011730938465
7496449,28.5058,79853981,2231221746908495
7499079,28.5158,79853981,2231431762878525
7501709,28.5258,79853981,2231641778848555
7504339,28.5358,79853981,2231851794818585
7506969,28.5458,79853981,2232061810788615
7509599,28.5558,79853981,2232271826758645
7512229,28.5658,79853981,2232481842728675
7514859,28.5758,79853981,2232691858698705
7517489,28.5858,79853981,2232901874668735
7520119,28.5958,79853981,2233111890638765
7522749,28.6058,79853981,2233321906608795
7525379,28.6158,79853981,2233531922578825
7528009,28.6258,79853981,2233741938548855
7530639,28.6358,79853981,2233951954518885
7533269,28.6458,79853981,2234161970488915
7535899,28.6558,79853981,2234371986458945
7538529,28.6658,79853981,2234582002428975
7541159,28.6758,79853981,2234792018399005
7543789,28.6858,79853981,2235002034369035
7546419,28.6958,79853981,2235212050339065
7549049,28.7058,79853981,2235422066309095
7551679,28.7158,79853981,2235632082279125
7554309,28.7258,79853981,2235842098249155
7556939,28.7358,79853981,2236052114219185
7559569,28.7458,79853981,2236262130189215
7562199,28.7558,79853981,2236472146159245
7564829,28.7658,79853981,2236682162129275
7567459,28.7758,79853981,2236892178099305
7570089,28.7858,79853981,2237102194069335
7572719,28.7958,79853981,2237312210039365
7575349,28.8058,79853981,2237522226009395
7577979,28.8158,79853981,2237732241979425
7580609,28.8258,79853981,2237942257949455
7583239,28.8358,79853981,2238152273919485
7585869,28.8458,79853981,2238362289889515
7588499,28.8558,79853981,2238572305859545
7591129,28.8658,79853981,2238782321829575
7593759,28.8758,79853981,2238992337799605
7596389,28.8858,79853981,2239202353769635
7599019,28.8958,79853981,2239412369739665
7601649,28.9058,79853981,2239622385709695
7604279,28.9158,79853981,2239832401679725
7606909,28.9258,79853981,2240042417649755
7609539,28.9358,79853981,2240252433619785
7612169,28.9458,79853981,2240462449589815
7614799,28.9558,79853981,2240672465559845
7617429,28.9658,79853981,2240882481529875
7620059,28.9758,79853981,2241092497499905
7622689,28.9858,79853981,2241302513469935
7625319,28.9958,79853981,2241512529439965
7627949,29.0058,79853981,2241722545409995
7630579,29.0158,79853981,2241932561380025
7633209,29.0258,79853981,2242142577350055
7635839,29.0358,79853981,2242352593320085
7638469,29.0458,79853981,2242562609290115
7641099,29.0558,79853981,2242772625260145
7643729,29.0658,79853981,2242982641230175
7646359,29.0758,79853981,2243192657200205
7648989,29.0858,79853981,2243402673170235
7651619,29.0958,79853981,2243612689140265
7654249,29.1058,79853981,2243822705110295
7656879,29.1158,79853981,2244032721080325
7659509,29.1258,79853981,2244242737050355
7662139,29.1358,79853981,2244452753020385
7664769,29.1458,79853981,2244662768990415
7667399,29.1558,79853981,2244872784960445
7670029,29.1658,79853981,2245082800930475
7672659,29.1758,79853981,2245292816900505
7675289,29.1858,79853981,2245502832870535
7677919,29.1958,79853981,2245712848840565
7680549,29.2058,79853981,2245922864810595
7683179,29.2158,79853981,2246132880780625
7685809,29.2258,79853981,2246342896750655
7688439,29.2358,79853981,2246552912720685
7691069,29.2458,79853981,2246762928690715
7693699,29.2558,79853981,2246972944660745
7696329,29.2658,79853981,2247182960630775
7698959,29.2758,79853981,2247392976600805
7701589,29.2858,79853981,2247602992570835
7704219,29.2958,79853981,2247813008540865
7706849,29.3058,79853981,2248023024510895
7709479,29.3158,79853981,2248233040480925
7712109,29.3258,79853981,2248443056450955
7714739,29.3358,79853981,2248653072420985
7717369,29.3458,79853981,2248863088391015
7719999,29.3558,79853981,2249073104361045
7722629,29.3658,79853981,2249283120331075
7725259,29.3758,79853981,2249493136301105
7727889,29.3858,79853981,2249703152271135
7730519,29.3958,79853981,2249913168241165
7733149,29.4058,79853981,2250123184211195
7735779,29.4158,79853981,2250333200181225
7738409,29.4258,79853981,2250543216151255
7741039,29.4358,79853981,2250753232121285
7743669,29.4458,79853981,2250963248091315
7746299,29.4558,79853981,2251173264061345
7748929,29.4658,79853981,2251383280031375
7751559,29.4758,79853981,2251593296001405
7754189,29.4859,79853981,2251803311971435
7756819,29.4959,79853981,2252013327941465
7759449,29.5059,79853981,2252223343911495
7762079,29.5159,79853981,2252433359881525
7764709,29.5259,79853981,2252643375851555
7767339,29.5359,79853981,2252853391821585
7769969,29.5459,79853981,2253063407791615
7772599,29.5559,79853981,2253273423761645
7775229,29.5659,79853981,2253483439731675
7777859,29.5759,79853981,2253693455701705
7780489,29.5859,79853981,2253903471671735
7783119,29.5959,79853981,2254113487641765
7785749,29.6059,79853981,2254323503611795
7788379,29.6159,79853981,2254533519581825
7791009,29.6259,79853981,2254743535551855
7793639,29.6359,79853981,2254953551521885
7796269,29.6459,79853981,2255163567491915
7798899,29.6559,79853981,2255373583461945
7801529,29.6659,79853981,2255583599431975
7804159,29.6759,79853981,2255793615402005
7806789,29.6859,79853981,2256003631372035
7809419,29.6959,79853981,2256213647342065
7812049,29.7059,79853981,2256423663312095
7814679,29.7159,79853981,2256633679282125
7817309,29.7259,79853981,2256843695252155
7819939,29.7359,79853981,2257053711222185
7822569,29.7459,79853981,2257263727192215
7825199,29.7559,79853981,2257473743162245
7827829,29.7659,79853981,2257683759132275
7830459,29.7759,79853981,2257893775102305
7833089,29.7859,79853981,2258103791072335
7835719,29.7959,79853981,2258313807042365
7838349,29.8059,79853981,2258523823012395
7840979,29.8159,79853981,2258733838982425
7843609,29.8259,79853981,2258943854952455
7846239,29.8359,79853981,2259153870922485
7848869,29.8459,79853981,2259363886892515
7851499,29.8559,79853981,2259573902862545
7854129,29.8659,79853981,2259783918832575
7856759,29.8759,79853981,2259993934802605
7859389,29.8859,79853981,2260203950772635
7862019,29.8959,79853981,2260413966742665
7864649,29.9059,79853981,2260623982712695
7867279,29.9159,79853981,2260833998682725
7869909,29.9259,79853981,2261044014652755
7872539,29.9359,79853981,2261254030622785
7875169,29.9459,79853981,2261464046592815
7877799,29.9559,79853981,2261674062562845
7880429,29.9659,79853981,2261884078532875
7883059,29.9759,79853981,2262094094502905
7885689,29.9859,79853981,2262304110472935
7888319,29.9959,79853981,2262514126442965
7890949,30.0059,79853981,2262724142412995
7893579,30.0159,79853981,2262934158383025
7896209,30.0259,79853981,2263144174353055
7898839,30.0359,79853981,2263354190323085
7901469,30.0459,79853981,2263564206293115
7904099,30.0559,79853981,2263774222263145
7906729,30.0659,79853981,2263984238233175
7909359,30.0759,79853981,2264194254203205
7911989,30.0859,79853981,2264404270173235
7914619,30.0959,79853981,2264614286143265
7917249,30.1059,79853981,2264824302113295
7919879,30.1159,79853981,2265034318083325
7922509,30.1259,79853981,2265244334053355
7925139,30.1359,79853981,2265454350023385
7927769,30.1459,79853981,2265664365993415
7930399,30.1559,79853981,2265874381963445
7933029,30.1659,79853981,2266084397933475
7935659,30.1759,79853981,2266294413903505
7938289,30.1859,79853981,2266504429873535
7940919,30.1959,79853981,2266714445843565
7943549,30.2059,79853981,2266924461813595
7946179,30.2159,79853981,2267134477783625
7948809,30.2259,79853981,2267344493753655
7951439,30.2359,79853981,2267554509723685
7954069,30.2459,79853981,2267764525693715
7956699,30.2559,79853981,2267974541663745
7959329,30.2659,79853981,2268184557633775
7961959,30.2759,79853981,2268394573603805
7964589,30.2859,79853981,2268604589573835
7967219,30.2959,79853981,2268814605543865
7969849,30.3059,79853981,2269024621513895
7972479,30.3159,79853981,2269234637483925
7975109,30.3259,79853981,2269444653453955
7977739,30.3359,79853981,2269654669423985
7980369,30.3459,79853981,2269864685394015
7982999,30.3559,79853981,2270074701364045
7985629,30.3659,79853981,2270284717334075
7988259,30.3759,79853981,2270494733304105
7990889,30.3859,79853981,2270704749274135
7993519,30.3959,79853981,2270914765244165
7996149,30.4059,79853981,2271124781214195
7998779,30.4159,79853981,2271334797184225
8001409,30.4259,79853981,2271544813154255
8004039,30.4359,79853981,2271754829124285
8006669,30.4459,79853981,2271964845094315
8009299,30.4559,79853981,2272174861064345
8011929,30.4659,79853981,2272384877034375
8014559,30.4759,79853981,2272594893004405
8017189,30.4859,79853981,2272804908974435
8019819,30.4959,79853981,2273014924944465
8022449,30.5059,79853981,2273224940914495
8025079,30.5159,79853981,2273434956884525
8027709,30.5259,79853981,2273644972854555
8030339,30.5359,79853981,2273854988824585
8032969,30.5459,79853981,2274065004794615
8035599,30.5559,79853981,2274275020764645
8038229,30.5659,79853981,2274485036734675
8040859,30.5759,79853981,2274695052704705
8043489,30.5859,79853981,2274905068674735
8046119,30.5959,79853981,2275115084644765
8048749,30.6059,79853981,2275325100614795
8051379,30.6159,79853981,2275535116584825
8054009,30.6259,79853981,2275745132554855
8056639,30.6359,79853981,2275955148524885
8059269,30.6459,79853981,2276165164494915
8061899,30.6559,79853981,2276375180464945
8064529,30.6659,79853981,2276585196434975
8067159,30.6759,79853981,2276795212405005
8069789,30.6859,79853981,2277005228375035
8072419,30.6959,79853981,2277215244345065
8075049,30.7059,79853981,2277425260315095
8077679,30.7159,79853981,2277635276285125
8080309,30.7259,79853981,2277845292255155
8082939,30.7359,79853981,2278055308225185
8085569,30.7459,79853981,2278265324195215
8088199,30.7559,79853981,2278475340165245
8090829,30.7659,79853981,2278685356135275
8093459,30.7759,79853981,2278895372105305
8096089,30.7859,79853981,2279105388075335
8098719,30.7960,79853981,2279315404045365
8101349,30.8060,79853981,2279525420015395
8103979,30.8160,79853981,2279735435985425
8106609,30.8260,79853981,2279945451955455
8109239,30.8360,79853981,2280155467925485
8111869,30.8460,79853981,2280365483895515
8114499,30.8560,79853981,2280575499865545
8117129,30.8660,79853981,2280785515835575
8119759,30.8760,79853981,2280995531805605
8122389,30.8860,79853981,2281205547775635
8125019,30.8960,79853981,2281415563745665
8127649,30.9060,79853981,2281625579715695
8130279,30.9160,79853981,2281835595685725
8132909,30.9260,79853981,2282045611655755
8135539,30.9360,79853981,2282255627625785
8138169,30.9460,79853981,2282465643595815
8140799,30.9560,79853981,2282675659565845
8143429,30.9660,79853981,2282885675535875
8146059,30.9760,79853981,2283095691505905
8148689,30.9860,79853981,2283305707475935
8151319,30.9960,79853981,2283515723445965
8153949,31.0060,79853981,2283725739415995
8156579,31.0160,79853981,2283935755386025
8159209,31.0260,79853981,2284145771356055
8161839,31.0360,79853981,2284355787326085
8164469,31.0460,79853981,2284565803296115
8167099,31.0560,79853981,2284775819266145
8169729,31.0660,79853981,2284985835236175
8172359,31.0760,79853981,2285195851206205
8174989,31.0860,79853981,2285405867176235
8177619,31.0960,79853981,2285615883146265
8180249,31.1060,79853981,2285825899116295
8182879,31.1160,79853981,2286035915086325
8185509,31.1260,79853981,2286245931056355
8188139,31.1360,79853981,2286455947026385
8190769,31.1460,79853981,2286665962996415
8193399,31.1560,79853981,2286875978966445
8196029,31.1660,79853981,2287085994936475
8198659,31.1760,79853981,2287296010906505
8201289,31.1860,79853981,2287506026876535
8203919,31.1960,79853981,2287716042846565
8206549,31.2060,79853981,2287926058816595
8209179,31.2160,79853981,2288136074786625
8211809,31.2260,79853981,2288346090756655
8214439,31.2360,79853981,2288556106726685
8217069,31.2460,79853981,2288766122696715
8219699,31.2560,79853981,2288976138666745
8222329,31.2660,79853981,2289186154636775
8224959,31.2760,79853981,2289396170606805
8227589,31.2860,79853981,2289606186576835
8230219,31.2960,79853981,2289816202546865
8232849,31.3060,79853981,2290026218516895
8235479,31.3160,79853981,2290236234486925
8238109,31.3260,79853981,2290446250456955
8240739,31.3360,79853981,2290656266426985
8243369,31.3460,79853981,2290866282397015
8245999,31.3560,79853981,2291076298367045
8248629,31.3660,79853981,2291286314337075
8251259,31.3760,79853981,2291496330307105
8253889,31.3860,79853981,2291706346277135
8256519,31.3960,79853981,2291916362247165
8259149,31.4060,79853981,2292126378217195
8261779,31.4160,79853981,2292336394187225
8264409,31.4260,79853981,2292546410157255
8267039,31.4360,79853981,2292756426127285
8269669,31.4460,79853981,2292966442097315
8272299,31.4560,79853981,2293176458067345
8274929,31.4660,79853981,2293386474037375
8277559,31.4760,79853981,2293596490007405
8280189,31.4860,79853981,2293806505977435
8282819,31.4960,79853981,2294016521947465
8285449,31.5060,79853981,2294226537917495
8288079,31.5160,79853981,2294436553887525
8290709,31.5260,79853981,2294646569857555
8293339,31.5360,79853981,2294856585827585
8295969,31.5460,79853981,2295066601797615
8298599,31.5560,79853981,2295276617767645
8301229,31.5660,79853981,2295486633737675
8303859,31.5760,79853981,2295696649707705
8306489,31.5860,79853981,2295906665677735
8309119,31.5960,79853981,2296116681647765
8311749,31.6060,79853981,2296326697617795
8314379,31.6160,79853981,2296536713587825
8317009,31.6260,79853981,2296746729557855
8319639,31.6360,79853981,2296956745527885
8322269,31.6460,79853981,2297166761497915
8324899,31.6560,79853981,2297376777467945
8327529,31.6660,79853981,2297586793437975
8330159,31.6760,79853981,2297796809408005
8332789,31.6860,79853981,2298006825378035
8335419,31.6960,79853981,2298216841348065
8338049,31.7060,79853981,2298426857318095
8340679,31.7160,79853981,2298636873288125
8343309,31.7260,79853981,2298846889258155
8345939,31.7360,79853981,2299056905228185
8348569,31.7460,79853981,2299266921198215
8351199,31.7560,79853981,2299476937168245
8353829,31.7660,79853981,2299686953138275
8356459,31.7760,79853981,2299896969108305
8359089,31.7860,79853981,2300106985078335
8361719,31.7960,79853981,2300317001048365
8364349,31.8060,79853981,2300527017018395
8366979,31.8160,79853981,2300737032988425
8369609,31.8260,79853981,2300947048958455
8372239,31.8360,79853981,2301157064928485
8374869,31.8460,79853981,2301367080898515
8377499,31.8560,79853981,2301577096868545
8380129,31.8660,79853981,2301787112838575
8382759,31.8760,79853981,2301997128808605
8385389,31.8860,79853981,2302207144778635
8388019,31.8960,79853981,2302417160748665
8390649,31.9060,79853981,2302627176718695
8393279,31.9160,79853981,2302837192688725
8395909,31.9260,79853981,2303047208658755
8398539,31.9360,79853981,2303257224628785
8401169,31.9460,79853981,2303467240598815
8403799,31.9560,79853981,2303677256568845
8406429,31.9660,79853981,2303887272538875
8409059,31.9760,79853981,2304097288508905
8411689,31.9860,79853981,2304307304478935
8414319,31.9960,79853981,2304517320448965
8416949,32.0060,79853981,2304727336418995
8419579,32.0160,79853981,2304937352389025
8422209,32.0260,79853981,2305147368359055
8424839,32.0360,79853981,2305357384329085
8427469,32.0460,79853981,2305567400299115
8430099,32.0560,79853981,2305777416269145
8432729,32.0660,79853981,2305987432239175
8435359,32.0760,79853981,2306197448209205
8437989,32.0860,79853981,2306407464179235
8440619,32.0960,79853981,2306617480149265
8443249,32.1060,79853981,2306827496119295
8445879,32.1161,79853981,2307037512089325
8448509,32.1261,79853981,2307247528059355
8451139,32.1361,79853981,2307457544029385
8453769,32.1461,79853981,2307667559999415
8456399,32.1561,79853981,2307877575969445
8459029,32.1661,79853981,2308087591939475
8461659,32.1761,79853981,2308297607909505
8464289,32.1861,79853981,2308507623879535
8466919,32.1961,79853981,2308717639849565
8469549,32.2061,79853981,2308927655819595
8472179,32.2161,79853981,2309137671789625
8474809,32.2261,79853981,2309347687759655
8477439,32.2361,79853981,2309557703729685
8480069,32.2461,79853981,2309767719699715
8482699,32.2561,79853981,2309977735669745
8485329,32.2661,79853981,2310187751639775
8487959,32.2761,79853981,2310397767609805
8490589,32.2861,79853981,2310607783579835
8493219,32.2961,79853981,2310817799549865
8495849,32.3061,79853981,2311027815519895
8498479,32.3161,79853981,2311237831489925
8501109,32.3261,79853981,2311447847459955
8503739,32.3361,79853981,2311657863429985
8506369,32.3461,79853981,2311867879400015
8508999,32.3561,79853981,2312077895370045
8511629,32.3661,79853981,2312287911340075
8514259,32.3761,79853981,2312497927310105
8516889,32.3861,79853981,2312707943280135
8519519,32.3961,79853981,2312917959250165
8522149,32.4061,79853981,2313127975220195
8524779,32.4161,79853981,2313337991190225
8527409,32.4261,79853981,2313548007160255
8530039,32.4361,79853981,2313758023130285
8532669,32.4461,79853981,2313968039100315
8535299,32.4561,79853981,2314178055070345
8537929,32.4661,79853981,2314388071040375
8540559,32.4761,79853981,2314598087010405
8543189,32.4861,79853981,2314808102980435
8545819,32.4961,79853981,2315018118950465
8548449,32.5061,79853981,2315228134920495
8551079,32.5161,79853981,2315438150890525
8553709,32.5261,79853981,2315648166860555
8556339,32.5361,79853981,2315858182830585
8558969,32.5461,79853981,2316068198800615
8561599,32.5561,79853981,2316278214770645
8564229,32.5661,79853981,2316488230740675
8566859,32.5761,79853981,2316698246710705
8569489,32.5861,79853981,2316908262680735
8572119,32.5961,79853981,2317118278650765
8574749,32.6061,79853981,2317328294620795
8577379,32.6161,79853981,2317538310590825
8580009,32.6261,79853981,2317748326560855
8582639,32.6361,79853981,2317958342530885
8585269,32.6461,79853981,2318168358500915
8587899,32.6561,79853981,2318378374470945
8590529,32.6661,79853981,2318588390440975
8593159,32.6761,79853981,2318798406411005
8595789,32.6861,79853981,2319008422381035
8598419,32.6961,79853981,2319218438351065
8601049,32.7061,79853981,2319428454321095
8603679,32.7161,79853981,2319638470291125
8606309,32.7261,79853981,2319848486261155
8608939,32.7361,79853981,2320058502231185
8611569,32.7461,79853981,2320268518201215
8614199,32.7561,79853981,2320478534171245
8616829,32.7661,79853981,2320688550141275
8619459,32.7761,79853981,2320898566111305
8622089,32.7861,79853981,2321108582081335
8624719,32.7961,79853981,2321318598051365
8627349,32.8061,79853981,2321528614021395
8629979,32.8161,79853981,2321738629991425
8632609,32.8261,79853981,2321948645961455
8635239,32.8361,79853981,2322158661931485
8637869,32.8461,79853981,2322368677901515
8640499,32.8561,79853981,2322578693871545
8643129,32.8661,79853981,2322788709841575
8645759,32.8761,79853981,2322998725811605
8648389,32.8861,79853981,2323208741781635
8651019,32.8961,79853981,2323418757751665
8653649,32.9061,79853981,2323628773721695
8656279,32.9161,79853981,2323838789691725
8658909,32.9261,79853981,2324048805661755
8661539,32.9361,79853981,2324258821631785
8664169,32.9461,79853981,2324468837601815
8666799,32.9561,79853981,2324678853571845
8669429,32.9661,79853981,2324888869541875
8672059,32.9761,79853981,2325098885511905
8674689,32.9861,79853981,2325308901481935
8677319,32.9961,79853981,2325518917451965
8679949,33.0061,79853981,2325728933421995
8682579,33.0161,79853981,2325938949392025
8685209,33.0261,79853981,2326148965362055
8687839,33.0361,79853981,2326358981332085
8690469,33.0461,79853981,2326568997302115
8693099,33.0561,79853981,2326779013272145
8695729,33.0661,79853981,2326989029242175
8698359,33.0761,79853981,2327199045212205
8700989,33.0861,79853981,2327409061182235
8703619,33.0961,79853981,2327619077152265
8706249,33.1061,79853981,2327829093122295
8708879,33.1161,79853981,2328039109092325
8711509,33.1261,79853981,2328249125062355
8714139,33.1361,79853981,2328459141032385
8716769,33.1461,79853981,2328669157002415
8719399,33.1561,79853981,2328879172972445
8722029,33.1661,79853981,2329089188942475
8724659,33.1761,79853981,2329299204912505
8727289,33.1861,79853981,2329509220882535
8729919,33.1961,79853981,2329719236852565
8732549,33.2061,79853981,2329929252822595
8735179,33.2161,79853981,2330139268792625
8737809,33.2261,79853981,2330349284762655
8740439,33.2361,79853981,2330559300732685
8743069,33.2461,79853981,2330769316702715
8745699,33.2561,79853981,2330979332672745
8748329,33.2661,79853981,2331189348642775
8750959,33.2761,79853981,2331399364612805
8753589,33.2861,79853981,2331609380582835
8756219,33.2961,79853981,2331819396552865
8758849,33.3061,79853981,2332029412522895
8761479,33.3161,79853981,2332239428492925
8764109,33.3261,79853981,2332449444462955
8766739,33.3361,79853981,2332659460432985
8769369,33.3461,79853981,2332869476403015
8771999,33.3561,79853981,2333079492373045
8774629,33.3661,79853981,2333289508343075
8777259,33.3761,79853981,2333499524313105
8779889,33.3861,79853981,2333709540283135
8782519,33.3961,79853981,2333919556253165
8785149,33.4061,79853981,2334129572223195
8787779,33.4161,79853981,2334339588193225
8790409,33.4262,79853981,2334549604163255
8793039,33.4362,79853981,2334759620133285
8795669,33.4462,79853981,2334969636103315
8798299,33.4562,79853981,2335179652073345
8800929,33.4662,79853981,2335389668043375
8803559,33.4762,79853981,2335599684013405
8806189,33.4862,79853981,2335809699983435
8808819,33.4962,79853981,2336019715953465
8811449,33.5062,79853981,2336229731923495
8814079,33.5162,79853981,2336439747893525
8816709,33.5262,79853981,2336649763863555
8819339,33.5362,79853981,2336859779833585
8821969,33.5462,79853981,2337069795803615
8824599,33.5562,79853981,2337279811773645
8827229,33.5662,79853981,2337489827743675
8829859,33.5762,79853981,2337699843713705
8832489,33.5862,79853981,2337909859683735
8835119,33.5962,79853981,2338119875653765
8837749,33.6062,79853981,2338329891623795
8840379,33.6162,79853981,2338539907593825
8843009,33.6262,79853981,2338749923563855
8845639,33.6362,79853981,2338959939533885
8848269,33.6462,79853981,2339169955503915
8850899,33.6562,79853981,2339379971473945
8853529,33.6662,79853981,2339589987443975
8856159,33.6762,79853981,2339800003414005
8858789,33.6862,79853981,2340010019384035
8861419,33.6962,79853981,2340220035354065
8864049,33.7062,79853981,2340430051324095
8866679,33.7162,79853981,2340640067294125
8869309,33.7262,79853981,2340850083264155
8871939,33.7362,79853981,2341060099234185
8874569,33.7462,79853981,2341270115204215
8877199,33.7562,79853981,2341480131174245
8879829,33.7662,79853981,2341690147144275
8882459,33.7762,79853981,2341900163114305
8885089,33.7862,79853981,2342110179084335
8887719,33.7962,79853981,2342320195054365
8890349,33.8062,79853981,2342530211024395
8892979,33.8162,79853981,2342740226994425
8895609,33.8262,79853981,2342950242964455
8898239,33.8362,79853981,2343160258934485
8900869,33.8462,79853981,2343370274904515
8903499,33.8562,79853981,2343580290874545
8906129,33.8662,79853981,2343790306844575
8908759,33.8762,79853981,2344000322814605
8911389,33.8862,79853981,2344210338784635
8914019,33.8962,79853981,2344420354754665
8916649,33.9062,79853981,2344630370724695
8919279,33.9162,79853981,2344840386694725
8921909,33.9262,79853981,2345050402664755
8924539,33.9362,79853981,2345260418634785
8927169,33.9462,79853981,2345470434604815
8929799,33.9562,79853981,2345680450574845
8932429,33.9662,79853981,2345890466544875
8935059,33.9762,79853981,2346100482514905
8937689,33.9862,79853981,2346310498484935
8940319,33.9962,79853981,2346520514454965
8942949,34.0062,79853981,2346730530424995
8945579,34.0162,79853981,2346940546395025
8948209,34.0262,79853981,2347150562365055
8950839,34.0362,79853981,2347360578335085
8953469,34.0462,79853981,2347570594305115
8956099,34.0562,79853981,2347780610275145
8958729,34.0662,79853981,2347990626245175
8961359,34.0762,79853981,2348200642215205
8963989,34.0862,79853981,2348410658185235
8966619,34.0962,79853981,2348620674155265
8969249,34.1062,79853981,2348830690125295
8971879,34.1162,79853981,2349040706095325
8974509,34.1262,79853981,2349250722065355
8977139,34.1362,79853981,2349460738035385
8979769,34.1462,79853981,2349670754005415
8982399,34.1562,79853981,2349880769975445
8985029,34.1662,79853981,2350090785945475
8987659,34.1762,79853981,2350300801915505
8990289,34.1862,79853981,2350510817885535
8992919,34.1962,79853981,2350720833855565
8995549,34.2062,79853981,2350930849825595
8998179,34.2162,79853981,2351140865795625
9000809,34.2262,79853981,2351350881765655
9003439,34.2362,79853981,2351560897735685
9006069,34.2462,79853981,2351770913705715
9008699,34.2562,79853981,2351980929675745
9011329,34.2662,79853981,2352190945645775
9013959,34.2762,79853981,2352400961615805
9016589,34.2862,79853981,2352610977585835
9019219,34.2962,79853981,2352820993555865
9021849,34.3062,79853981,2353031009525895
9024479,34.3162,79853981,2353241025495925
9027109,34.3262,79853981,2353451041465955
9029739,34.3362,79853981,2353661057435985
9032369,34.3462,79853981,2353871073406015
9034999,34.3562,79853981,2354081089376045
9037629,34.3662,79853981,2354291105346075
9040259,34.3762,79853981,2354501121316105
9042889,34.3862,79853981,2354711137286135
9045519,34.3962,79853981,2354921153256165
9048149,34.4062,79853981,2355131169226195
9050779,34.4162,79853981,2355341185196225
9053409,34.4262,79853981,2355551201166255
9056039,34.4362,79853981,2355761217136285
9058669,34.4462,79853981,2355971233106315
9061299,34.4562,79853981,2356181249076345
9063929,34.4662,79853981,2356391265046375
9066559,34.4762,79853981,2356601281016405
9069189,34.4862,79853981,2356811296986435
9071819,34.4962,79853981,2357021312956465
9074449,34.5062,79853981,2357231328926495
9077079,34.5162,79853981,2357441344896525
9079709,34.5262,79853981,2357651360866555
9082339,34.5362,79853981,2357861376836585
9084969,34.5462,79853981,2358071392806615
9087599,34.5562,79853981,2358281408776645
9090229,34.5662,79853981,2358491424746675
9092859,34.5762,79853981,2358701440716705
9095489,34.5862,79853981,2358911456686735
9098119,34.5962,79853981,2359121472656765
9100749,34.6062,79853981,2359331488626795
9103379,34.6162,79853981,2359541504596825
9106009,34.6262,79853981,2359751520566855
9108639,34.6362,79853981,2359961536536885
9111269,34.6462,79853981,2360171552506915
9113899,34.6562,79853981,2360381568476945
9116529,34.6662,79853981,2360591584446975
9119159,34.6762,79853981,2360801600417005
9121789,34.6862,79853981,2361011616387035
9124419,34.6962,79853981,2361221632357065
9127049,34.7062,79853981,2361431648327095
9129679,34.7162,79853981,2361641664297125
9132309,34.7262,79853981,2361851680267155
9134939,34.7362,79853981,2362061696237185
9137569,34.7463,79853981,2362271712207215
9140199,34.7563,79853981,2362481728177245
9142829,34.7663,79853981,2362691744147275
9145459,34.7763,79853981,2362901760117305
9148089,34.7863,79853981,2363111776087335
9150719,34.7963,79853981,2363321792057365
9153349,34.8063,79853981,2363531808027395
9155979,34.8163,79853981,2363741823997425
9158609,34.8263,79853981,2363951839967455
9161239,34.8363,79853981,2364161855937485
9163869,34.8463,79853981,2364371871907515
9166499,34.8563,79853981,2364581887877545
9169129,34.8663,79853981,2364791903847575
9171759,34.8763,79853981,2365001919817605
9174389,34.8863,79853981,2365211935787635
9177019,34.8963,79853981,2365421951757665
9179649,34.9063,79853981,2365631967727695
9182279,34.9163,79853981,2365841983697725
9184909,34.9263,79853981,2366051999667755
9187539,34.9363,79853981,2366262015637785
9190169,34.9463,79853981,2366472031607815
9192799,34.9563,79853981,2366682047577845
9195429,34.9663,79853981,2366892063547875
9198059,34.9763,79853981,2367102079517905
9200689,34.9863,79853981,2367312095487935
9203319,34.9963,79853981,2367522111457965
9205949,35.0063,79853981,2367732127427995
9208579,35.0163,79853981,2367942143398025
9211209,35.0263,79853981,2368152159368055
9213839,35.0363,79853981,2368362175338085
9216469,35.0463,79853981,2368572191308115
9219099,35.0563,79853981,2368782207278145
9221729,35.0663,79853981,2368992223248175
9224359,35.0763,79853981,2369202239218205
9226989,35.0863,79853981,2369412255188235
9229619,35.0963,79853981,2369622271158265
9232249,35.1063,79853981,2369832287128295
9234879,35.1163,79853981,2370042303098325
9237509,35.1263,79853981,2370252319068355
9240139,35.1363,79853981,2370462335038385
9242769,35.1463,79853981,2370672351008415
9245399,35.1563,79853981,2370882366978445
9248029,35.1663,79853981,2371092382948475
9250659,35.1763,79853981,2371302398918505
9253289,35.1863,79853981,2371512414888535
9255919,35.1963,79853981,2371722430858565
9258549,35.2063,79853981,2371932446828595
9261179,35.2163,79853981,2372142462798625
9263809,35.2263,79853981,2372352478768655
9266439,35.2363,79853981,2372562494738685
9269069,35.2463,79853981,2372772510708715
9271699,35.2563,79853981,2372982526678745
9274329,35.2663,79853981,2373192542648775
9276959,35.2763,79853981,2373402558618805
9279589,35.2863,79853981,2373612574588835
9282219,35.2963,79853981,2373822590558865
9284849,35.3063,79853981,2374032606528895
9287479,35.3163,79853981,2374242622498925
9290109,35.3263,79853981,2374452638468955
9292739,35.3363,79853981,2374662654438985
9295369,35.3463,79853981,2374872670409015
9297999,35.3563,79853981,2375082686379045
9300629,35.3663,79853981,2375292702349075
9303259,35.3763,79853981,2375502718319105
9305889,35.3863,79853981,2375712734289135
9308519,35.3963,79853981,2375922750259165
9311149,35.4063,79853981,2376132766229195
9313779,35.4163,79853981,2376342782199225
9316409,35.4263,79853981,2376552798169255
9319039,35.4363,79853981,2376762814139285
9321669,35.4463,79853981,2376972830109315
9324299,35.4563,79853981,2377182846079345
9326929,35.4663,79853981,2377392862049375
9329559,35.4763,79853981,2377602878019405
9332189,35.4863,79853981,2377812893989435
9334819,35.4963,79853981,2378022909959465
9337449,35.5063,79853981,2378232925929495
9340079,35.5163,79853981,2378442941899525
9342709,35.5263,79853981,2378652957869555
9345339,35.5363,79853981,2378862973839585
9347969,35.5463,79853981,2379072989809615
9350599,35.5563,79853981,2379283005779645
9353229,35.5663,79853981,2379493021749675
9355859,35.5763,79853981,2379703037719705
9358489,35.5863,79853981,2379913053689735
9361119,35.5963,79853981,2380123069659765
9363749,35.6063,79853981,2380333085629795
9366379,35.6163,79853981,2380543101599825
9369009,35.6263,79853981,2380753117569855
9371639,35.6363,79853981,2380963133539885
9374269,35.6463,79853981,2381173149509915
9376899,35.6563,79853981,2381383165479945
9379529,35.6663,79853981,2381593181449975
9382159,35.6763,79853981,2381803197420005
9384789,35.6863,79853981,2382013213390035
9387419,35.6963,79853981,2382223229360065
9390049,35.7063,79853981,2382433245330095
9392679,35.7163,79853981,2382643261300125
9395309,35.7263,79853981,2382853277270155
9397939,35.7363,79853981,2383063293240185
9400569,35.7463,79853981,2383273309210215
9403199,35.7563,79853981,2383483325180245
9405829,35.7663,79853981,2383693341150275
9408459,35.7763,79853981,2383903357120305
9411089,35.7863,79853981,2384113373090335
9413719,35.7963,79853981,2384323389060365
9416349,35.8063,79853981,2384533405030395
9418979,35.8163,79853981,2384743421000425
9421609,35.8263,79853981,2384953436970455
9424239,35.8363,79853981,2385163452940485
9426869,35.8463,79853981,2385373468910515
9429499,35.8563,79853981,2385583484880545
9432129,35.8663,79853981,2385793500850575
9434759,35.8763,79853981,2386003516820605
9437389,35.8863,79853981,2386213532790635
9440019,35.8963,79853981,2386423548760665
9442649,35.9063,79853981,2386633564730695
9445279,35.9163,79853981,2386843580700725
9447909,35.9263,79853981,2387053596670755
9450539,35.9363,79853981,2387263612640785
9453169,35.9463,79853981,2387473628610815
9455799,35.9563,79853981,2387683644580845
9458429,35.9663,79853981,2387893660550875
9461059,35.9763,79853981,2388103676520905
9463689,35.9863,79853981,2388313692490935
9466319,35.9963,79853981,2388523708460965
9468949,36.0063,79853981,2388733724430995
9471579,36.0163,79853981,2388943740401025
9474209,36.0263,79853981,2389153756371055
9476839,36.0363,79853981,2389363772341085
9479469,36.0463,79853981,2389573788311115
9482099,36.0564,79853981,2389783804281145
9484729,36.0664,79853981,2389993820251175
9487359,36.0764,79853981,2390203836221205
9489989,36.0864,79853981,2390413852191235
9492619,36.0964,79853981,2390623868161265
9495249,36.1064,79853981,2390833884131295
9497879,36.1164,79853981,2391043900101325
9500509,36.1264,79853981,2391253916071355
9503139,36.1364,79853981,2391463932041385
9505769,36.1464,79853981,2391673948011415
9508399,36.1564,79853981,2391883963981445
9511029,36.1664,79853981,2392093979951475
9513659,36.1764,79853981,2392303995921505
9516289,36.1864,79853981,2392514011891535
9518919,36.1964,79853981,2392724027861565
9521549,36.2064,79853981,2392934043831595
9524179,36.2164,79853981,2393144059801625
9526809,36.2264,79853981,2393354075771655
9529439,36.2364,79853981,2393564091741685
9532069,36.2464,79853981,2393774107711715
9534699,36.2564,79853981,2393984123681745
9537329,36.2664,79853981,2394194139651775
9539959,36.2764,79853981,2394404155621805
9542589,36.2864,79853981,2394614171591835
9545219,36.2964,79853981,2394824187561865
9547849,36.3064,79853981,2395034203531895
9550479,36.3164,79853981,2395244219501925
9553109,36.3264,79853981,2395454235471955
9555739,36.3364,79853981,2395664251441985
9558369,36.3464,79853981,2395874267412015
9560999,36.3564,79853981,2396084283382045
9563629,36.3664,79853981,2396294299352075
9566259,36.3764,79853981,2396504315322105
9568889,36.3864,79853981,2396714331292135
9571519,36.3964,79853981,2396924347262165
9574149,36.4064,79853981,2397134363232195
9576779,36.4164,79853981,2397344379202225
9579409,36.4264,79853981,2397554395172255
9582039,36.4364,79853981,2397764411142285
9584669,36.4464,79853981,2397974427112315
9587299,36.4564,79853981,2398184443082345
9589929,36.4664,79853981,2398394459052375
9592559,36.4764,79853981,2398604475022405
9595189,36.4864,79853981,2398814490992435
9597819,36.4964,79853981,2399024506962465
9600449,36.5064,79853981,2399234522932495
9603079,36.5164,79853981,2399444538902525
9605709,36.5264,79853981,2399654554872555
9608339,36.5364,79853981,2399864570842585
9610969,36.5464,79853981,2400074586812615
9613599,36.5564,79853981,2400284602782645
9616229,36.5664,79853981,2400494618752675
9618859,36.5764,79853981,2400704634722705
9621489,36.5864,79853981,2400914650692735
9624119,36.5964,79853981,2401124666662765
9626749,36.6064,79853981,2401334682632795
9629379,36.6164,79853981,2401544698602825
9632009,36.6264,79853981,2401754714572855
9634639,36.6364,79853981,2401964730542885
9637269,36.6464,79853981,2402174746512915
9639899,36.6564,79853981,2402384762482945
9642529,36.6664,79853981,2402594778452975
9645159,36.6764,79853981,2402804794423005
9647789,36.6864,79853981,2403014810393035
9650419,36.6964,79853981,2403224826363065
9653049,36.7064,79853981,2403434842333095
9655679,36.7164,79853981,2403644858303125
9658309,36.7264,79853981,2403854874273155
9660939,36.7364,79853981,2404064890243185
9663569,36.7464,79853981,2404274906213215
9666199,36.7564,79853981,2404484922183245
9668829,36.7664,79853981,2404694938153275
9671459,36.7764,79853981,2404904954123305
9674089,36.7864,79853981,2405114970093335
9676719,36.7964,79853981,2405324986063365
9679349,36.8064,79853981,2405535002033395
9681979,36.8164,79853981,2405745018003425
9684609,36.8264,79853981,2405955033973455
9687239,36.8364,79853981,2406165049943485
9689869,36.8464,79853981,2406375065913515
9692499,36.8564,79853981,2406585081883545
9695129,36.8664,79853981,2406795097853575
9697759,36.8764,79853981,2407005113823605
9700389,36.8864,79853981,2407215129793635
9703019,36.8964,79853981,2407425145763665
9705649,36.9064,79853981,2407635161733695
9708279,36.9164,79853981,2407845177703725
9710909,36.9264,79853981,2408055193673755
9713539,36.9364,79853981,2408265209643785
9716169,36.9464,79853981,2408475225613815
9718799,36.9564,79853981,2408685241583845
9721429,36.9664,79853981,2408895257553875
9724059,36.9764,79853981,2409105273523905
9726689,36.9864,79853981,2409315289493935
9729319,36.9964,79853981,2409525305463965
9731949,37.0064,79853981,2409735321433995
9734579,37.0164,79853981,2409945337404025
9737209,37.0264,79853981,2410155353374055
9739839,37.0364,79853981,2410365369344085
9742469,37.0464,79853981,2410575385314115
9745099,37.0564,79853981,2410785401284145
9747729,37.0664,79853981,2410995417254175
9750359,37.0764,79853981,2411205433224205
9752989,37.0864,79853981,2411415449194235
9755619,37.0964,79853981,2411625465164265
9758249,37.1064,79853981,2411835481134295
9760879,37.1164,79853981,2412045497104325
9763509,37.1264,79853981,2412255513074355
9766139,37.1364,79853981,2412465529044385
9768769,37.1464,79853981,2412675545014415
9771399,37.1564,79853981,2412885560984445
9774029,37.1664,79853981,2413095576954475
9776659,37.1764,79853981,2413305592924505
9779289,37.1864,79853981,2413515608894535
9781919,37.1964,79853981,2413725624864565
9784549,37.2064,79853981,2413935640834595
9787179,37.2164,79853981,2414145656804625
9789809,37.2264,79853981,2414355672774655
9792439,37.2364,79853981,2414565688744685
9795069,37.2464,79853981,2414775704714715
9797699,37.2564,79853981,2414985720684745
9800329,37.2664,79853981,2415195736654775
9802959,37.2764,79853981,2415405752624805
9805589,37.2864,79853981,2415615768594835
9808219,37.2964,79853981,2415825784564865
9810849,37.3064,79853981,2416035800534895
9813479,37.3164,79853981,2416245816504925
9816109,37.3264,79853981,2416455832474955
9818739,37.3364,79853981,2416665848444985
9821369,37.3464,79853981,2416875864415015
9823999,37.3564,79853981,2417085880385045
9826629,37.3664,79853981,2417295896355075
9829259,37.3765,79853981,2417505912325105
9831889,37.3865,79853981,2417715928295135
9834519,37.3965,79853981,2417925944265165
9837149,37.4065,79853981,2418135960235195
9839779,37.4165,79853981,2418345976205225
9842409,37.4265,79853981,2418555992175255
9845039,37.4365,79853981,2418766008145285
9847669,37.4465,79853981,2418976024115315
9850299,37.4565,79853981,2419186040085345
9852929,37.4665,79853981,2419396056055375
9855559,37.4765,79853981,2419606072025405
9858189,37.4865,79853981,2419816087995435
9860819,37.4965,79853981,2420026103965465
9863449,37.5065,79853981,2420236119935495
9866079,37.5165,79853981,2420446135905525
9868709,37.5265,79853981,2420656151875555
9871339,37.5365,79853981,2420866167845585
9873969,37.5465,79853981,2421076183815615
9876599,37.5565,79853981,2421286199785645
9879229,37.5665,79853981,2421496215755675
9881859,37.5765,79853981,2421706231725705
9884489,37.5865,79853981,2421916247695735
9887119,37.5965,79853981,2422126263665765
9889749,37.6065,79853981,2422336279635795
9892379,37.6165,79853981,2422546295605825
9895009,37.6265,79853981,2422756311575855
9897639,37.6365,79853981,2422966327545885
9900269,37.6465,79853981,2423176343515915
9902899,37.6565,79853981,2423386359485945
9905529,37.6665,79853981,2423596375455975
9908159,37.6765,79853981,2423806391426005
9910789,37.6865,79853981,2424016407396035
9913419,37.6965,79853981,2424226423366065
9916049,37.7065,79853981,2424436439336095
9918679,37.7165,79853981,2424646455306125
9921309,37.7265,79853981,2424856471276155
9923939,37.7365,79853981,2425066487246185
9926569,37.7465,79853981,2425276503216215
9929199,37.7565,79853981,2425486519186245
9931829,37.7665,79853981,2425696535156275
9934459,37.7765,79853981,2425906551126305
9937089,37.7865,79853981,2426116567096335
9939719,37.7965,79853981,2426326583066365
9942349,37.8065,79853981,2426536599036395
9944979,37.8165,79853981,2426746615006425
9947609,37.8265,79853981,2426956630976455
9950239,37.8365,79853981,2427166646946485
9952869,37.8465,79853981,2427376662916515
9955499,37.8565,79853981,2427586678886545
9958129,37.8665,79853981,2427796694856575
9960759,37.8765,79853981,2428006710826605
9963389,37.8865,79853981,2428216726796635
9966019,37.8965,79853981,2428426742766665
9968649,37.9065,79853981,2428636758736695
9971279,37.9165,79853981,2428846774706725
9973909,37.9265,79853981,2429056790676755
9976539,37.9365,79853981,2429266806646785
9979169,37.9465,79853981,2429476822616815
9981799,37.9565,79853981,2429686838586845
9984429,37.9665,79853981,2429896854556875
9987059,37.9765,79853981,2430106870526905
9989689,37.9865,79853981,2430316886496935
9992319,37.9965,79853981,2430526902466965
9994949,38.0065,79853981,2430736918436995
9997579,38.0165,79853981,2430946934407025
10000209,38.0265,79853981,2431156950377055
10002839,38.0365,79853981,2431366966347085
10005469,38.0465,79853981,2431576982317115
10008099,38.0565,79853981,2431786998287145
10010729,38.0665,79853981,2431997014257175
10013359,38.0765,79853981,2432207030227205
10015989,38.0865,79853981,2432417046197235
10018619,38.0965,79853981,2432627062167265
10021249,38.1065,79853981,2432837078137295
10023879,38.1165,79853981,2433047094107325
10026509,38.1265,79853981,2433257110077355
10029139,38.1365,79853981,2433467126047385
10031769,38.1465,79853981,2433677142017415
10034399,38.1565,79853981,2433887157987445
10037029,38.1665,79853981,2434097173957475
10039659,38.1765,79853981,2434307189927505
10042289,38.1865,79853981,2434517205897535
10044919,38.1965,79853981,2434727221867565
10047549,38.2065,79853981,2434937237837595
10050179,38.2165,79853981,2435147253807625
10052809,38.2265,79853981,2435357269777655
10055439,38.2365,79853981,2435567285747685
10058069,38.2465,79853981,2435777301717715
10060699,38.2565,79853981,2435987317687745
10063329,38.2665,79853981,2436197333657775
10065959,38.2765,79853981,2436407349627805
10068589,38.2865,79853981,2436617365597835
10071219,38.2965,79853981,2436827381567865
10073849,38.3065,79853981,2437037397537895
10076479,38.3165,79853981,2437247413507925
10079109,38.3265,79853981,2437457429477955
10081739,38.3365,79853981,2437667445447985
10084369,38.3465,79853981,2437877461418015
10086999,38.3565,79853981,2438087477388045
10089629,38.3665,79853981,2438297493358075
10092259,38.3765,79853981,2438507509328105
10094889,38.3865,79853981,2438717525298135
10097519,38.3965,79853981,2438927541268165
10100149,38.4065,79853981,2439137557238195
10102779,38.4165,79853981,2439347573208225
10105409,38.4265,79853981,2439557589178255
10108039,38.4365,79853981,2439767605148285
10110669,38.4465,79853981,2439977621118315
10113299,38.4565,79853981,2440187637088345
10115929,38.4665,79853981,2440397653058375
10118559,38.4765,79853981,2440607669028405
10121189,38.4865,79853981,2440817684998435
10123819,38.4965,79853981,2441027700968465
10126449,38.5065,79853981,2441237716938495
10129079,38.5165,79853981,2441447732908525
10131709,38.5265,79853981,2441657748878555
10134339,38.5365,79853981,2441867764848585
10136969,38.5465,79853981,2442077780818615
10139599,38.5565,79853981,2442287796788645
10142229,38.5665,79853981,2442497812758675
10144859,38.5765,79853981,2442707828728705
10147489,38.5865,79853981,2442917844698735
10150119,38.5965,79853981,2443127860668765
10152749,38.6065,79853981,2443337876638795
10155379,38.6165,79853981,2443547892608825
10158009,38.6265,79853981,2443757908578855
10160639,38.6365,79853981,2443967924548885
10163269,38.6465,79853981,2444177940518915
10165899,38.6565,79853981,2444387956488945
10168529,38.6665,79853981,2444597972458975
10171159,38.6765,79853981,2444807988429005
10173789,38.6866,79853981,2445018004399035
10176419,38.6966,79853981,2445228020369065
10179049,38.7066,79853981,2445438036339095
10181679,38.7166,79853981,2445648052309125
10184309,38.7266,79853981,2445858068279155
10186939,38.7366,79853981,2446068084249185
10189569,38.7466,79853981,2446278100219215
10192199,38.7566,79853981,2446488116189245
10194829,38.7666,79853981,2446698132159275
10197459,38.7766,79853981,2446908148129305
10200089,38.7866,79853981,2447118164099335
10202719,38.7966,79853981,2447328180069365
10205349,38.8066,79853981,2447538196039395
10207979,38.8166,79853981,2447748212009425
10210609,38.8266,79853981,2447958227979455
10213239,38.8366,79853981,2448168243949485
10215869,38.8466,79853981,2448378259919515
10218499,38.8566,79853981,2448588275889545
10221129,38.8666,79853981,2448798291859575
10223759,38.8766,79853981,2449008307829605
10226389,38.8866,79853981,2449218323799635
10229019,38.8966,79853981,2449428339769665
10231649,38.9066,79853981,2449638355739695
10234279,38.9166,79853981,2449848371709725
10236909,38.9266,79853981,2450058387679755
10239539,38.9366,79853981,2450268403649785
10242169,38.9466,79853981,2450478419619815
10244799,38.9566,79853981,2450688435589845
10247429,38.9666,79853981,2450898451559875
10250059,38.9766,79853981,2451108467529905
10252689,38.9866,79853981,2451318483499935
10255319,38.9966,79853981,2451528499469965
10257949,39.0066,79853981,2451738515439995
10260579,39.0166,79853981,2451948531410025
10263209,39.0266,79853981,2452158547380055
10265839,39.0366,79853981,2452368563350085
10268469,39.0466,79853981,2452578579320115
10271099,39.0566,79853981,2452788595290145
10273729,39.0666,79853981,2452998611260175
10276359,39.0766,79853981,2453208627230205
10278989,39.0866,79853981,2453418643200235
10281619,39.0966,79853981,2453628659170265
10284249,39.1066,79853981,2453838675140295
10286879,39.1166,79853981,2454048691110325
10289509,39.1266,79853981,2454258707080355
10292139,39.1366,79853981,2454468723050385
10294769,39.1466,79853981,2454678739020415
10297399,39.1566,79853981,2454888754990445
10300029,39.1666,79853981,2455098770960475
10302659,39.1766,79853981,2455308786930505
10305289,39.1866,79853981,2455518802900535
10307919,39.1966,79853981,2455728818870565
10310549,39.2066,79853981,2455938834840595
10313179,39.2166,79853981,2456148850810625
10315809,39.2266,79853981,2456358866780655
10318439,39.2366,79853981,2456568882750685
10321069,39.2466,79853981,2456778898720715
10323699,39.2566,79853981,2456988914690745
10326329,39.2666,79853981,2457198930660775
10328959,39.2766,79853981,2457408946630805
10331589,39.2866,79853981,2457618962600835
10334219,39.2966,79853981,2457828978570865
10336849,39.3066,79853981,2458038994540895
10339479,39.3166,79853981,2458249010510925
10342109,39.3266,79853981,2458459026480955
10344739,39.3366,79853981,2458669042450985
10347369,39.3466,79853981,2458879058421015
10349999,39.3566,79853981,2459089074391045
10352629,39.3666,79853981,2459299090361075
10355259,39.3766,79853981,2459509106331105
10357889,39.3866,79853981,2459719122301135
10360519,39.3966,79853981,2459929138271165
10363149,39.4066,79853981,2460139154241195
10365779,39.4166,79853981,2460349170211225
10368409,39.4266,79853981,2460559186181255
10371039,39.4366,79853981,2460769202151285
10373669,39.4466,79853981,2460979218121315
10376299,39.4566,79853981,2461189234091345
10378929,39.4666,79853981,2461399250061375
10381559,39.4766,79853981,2461609266031405
10384189,39.4866,79853981,2461819282001435
10386819,39.4966,79853981,2462029297971465
10389449,39.5066,79853981,2462239313941495
10392079,39.5166,79853981,2462449329911525
10394709,39.5266,79853981,2462659345881555
10397339,39.5366,79853981,2462869361851585
10399969,39.5466,79853981,2463079377821615
10402599,39.5566,79853981,2463289393791645
10405229,39.5666,79853981,2463499409761675
10407859,39.5766,79853981,2463709425731705
10410489,39.5866,79853981,2463919441701735
10413119,39.5966,79853981,2464129457671765
10415749,39.6066,79853981,2464339473641795
10418379,39.6166,79853981,2464549489611825
10421009,39.6266,79853981,2464759505581855
10423639,39.6366,79853981,2464969521551885
10426269,39.6466,79853981,2465179537521915
10428899,39.6566,79853981,2465389553491945
10431529,39.6666,79853981,2465599569461975
10434159,39.6766,79853981,2465809585432005
10436789,39.6866,79853981,2466019601402035
10439419,39.6966,79853981,2466229617372065
10442049,39.7066,79853981,2466439633342095
10444679,39.7166,79853981,2466649649312125
10447309,39.7266,79853981,2466859665282155
10449939,39.7366,79853981,2467069681252185
10452569,39.7466,79853981,2467279697222215
10455199,39.7566,79853981,2467489713192245
10457829,39.7666,79853981,2467699729162275
10460459,39.7766,79853981,2467909745132305
10463089,39.7866,79853981,2468119761102335
10465719,39.7966,79853981,2468329777072365
10468349,39.8066,79853981,2468539793042395
10470979,39.8166,79853981,2468749809012425
10473609,39.8266,79853981,2468959824982455
10476239,39.8366,79853981,2469169840952485
10478869,39.8466,79853981,2469379856922515
10481499,39.8566,79853981,2469589872892545
10484129,39.8666,79853981,2469799888862575
10486759,39.8766,79853981,2470009904832605
10489389,39.8866,79853981,2470219920802635
10492019,39.8966,79853981,2470429936772665
10494649,39.9066,79853981,2470639952742695
10497279,39.9166,79853981,2470849968712725
10499909,39.9266,79853981,2471059984682755
10502539,39.9366,79853981,2471270000652785
10505169,39.9466,79853981,2471480016622815
10507799,39.9566,79853981,2471690032592845
10510429,39.9666,79853981,2471900048562875
10513059,39.9766,79853981,2472110064532905
10515689,39.9866,79853981,2472320080502935
10518319,39.9966,79853981,2472530096472965
10520949,40.0067,79853981,2472740112442995
10523579,40.0167,79853981,2472950128413025
10526209,40.0267,79853981,2473160144383055
10528839,40.0367,79853981,2473370160353085
10531469,40.0467,79853981,2473580176323115
10534099,40.0567,79853981,2473790192293145
10536729,40.0667,79853981,2474000208263175
10539359,40.0767,79853981,2474210224233205
10541989,40.0867,79853981,2474420240203235
10544619,40.0967,79853981,2474630256173265
10547249,40.1067,79853981,2474840272143295
10549879,40.1167,79853981,2475050288113325
10552509,40.1267,79853981,2475260304083355
10555139,40.1367,79853981,2475470320053385
10557769,40.1467,79853981,2475680336023415
10560399,40.1567,79853981,2475890351993445
10563029,40.1667,79853981,2476100367963475
10565659,40.1767,79853981,2476310383933505
10568289,40.1867,79853981,2476520399903535
10570919,40.1967,79853981,2476730415873565
10573549,40.2067,79853981,2476940431843595
10576179,40.2167,79853981,2477150447813625
10578809,40.2267,79853981,2477360463783655
10581439,40.2367,79853981,2477570479753685
10584069,40.2467,79853981,2477780495723715
10586699,40.2567,79853981,2477990511693745
10589329,40.2667,79853981,2478200527663775
10591959,40.2767,79853981,2478410543633805
10594589,40.2867,79853981,2478620559603835
10597219,40.2967,79853981,2478830575573865
10599849,40.3067,79853981,2479040591543895
10602479,40.3167,79853981,2479250607513925
10605109,40.3267,79853981,2479460623483955
10607739,40.3367,79853981,2479670639453985
10610369,40.3467,79853981,2479880655424015
10612999,40.3567,79853981,2480090671394045
10615629,40.3667,79853981,2480300687364075
10618259,40.3767,79853981,2480510703334105
10620889,40.3867,79853981,2480720719304135
10623519,40.3967,79853981,2480930735274165
10626149,40.4067,79853981,2481140751244195
10628779,40.4167,79853981,2481350767214225
10631409,40.4267,79853981,2481560783184255
10634039,40.4367,79853981,2481770799154285
10636669,40.4467,79853981,2481980815124315
10639299,40.4567,79853981,2482190831094345
10641929,40.4667,79853981,2482400847064375
10644559,40.4767,79853981,2482610863034405
10647189,40.4867,79853981,2482820879004435
10649819,40.4967,79853981,2483030894974465
10652449,40.5067,79853981,2483240910944495
10655079,40.5167,79853981,2483450926914525
10657709,40.5267,79853981,2483660942884555
10660339,40.5367,79853981,2483870958854585
10662969,40.5467,79853981,2484080974824615
10665599,40.5567,79853981,2484290990794645
10668229,40.5667,79853981,2484501006764675
10670859,40.5767,79853981,2484711022734705
10673489,40.5867,79853981,2484921038704735
10676119,40.5967,79853981,2485131054674765
10678749,40.6067,79853981,2485341070644795
10681379,40.6167,79853981,2485551086614825
10684009,40.6267,79853981,2485761102584855
10686639,40.6367,79853981,2485971118554885
10689269,40.6467,79853981,2486181134524915
10691899,40.6567,79853981,2486391150494945
10694529,40.6667,79853981,2486601166464975
10697159,40.6767,79853981,2486811182435005
10699789,40.6867,79853981,2487021198405035
10702419,40.6967,79853981,2487231214375065
10705049,40.7067,79853981,2487441230345095
10707679,40.7167,79853981,2487651246315125
10710309,40.7267,79853981,2487861262285155
10712939,40.7367,79853981,2488071278255185
10715569,40.7467,79853981,2488281294225215
10718199,40.7567,79853981,2488491310195245
10720829,40.7667,79853981,2488701326165275
10723459,40.7767,79853981,2488911342135305
10726089,40.7867,79853981,2489121358105335
10728719,40.7967,79853981,2489331374075365
10731349,40.8067,79853981,2489541390045395
10733979,40.8167,79853981,2489751406015425
10736609,40.8267,79853981,2489961421985455
10739239,40.8367,79853981,2490171437955485
10741869,40.8467,79853981,2490381453925515
10744499,40.8567,79853981,2490591469895545
10747129,40.8667,79853981,2490801485865575
10749759,40.8767,79853981,2491011501835605
10752389,40.8867,79853981,2491221517805635
10755019,40.8967,79853981,2491431533775665
10757649,40.9067,79853981,2491641549745695
10760279,40.9167,79853981,2491851565715725
10762909,40.9267,79853981,2492061581685755
10765539,40.9367,79853981,2492271597655785
10768169,40.9467,79853981,2492481613625815
10770799,40.9567,79853981,2492691629595845
10773429,40.9667,79853981,2492901645565875
10776059,40.9767,79853981,2493111661535905
10778689,40.9867,79853981,2493321677505935
10781319,40.9967,79853981,2493531693475965
10783949,41.0067,79853981,2493741709445995
10786579,41.0167,79853981,2493951725416025
10789209,41.0267,79853981,2494161741386055
10791839,41.0367,79853981,2494371757356085
10794469,41.0467,79853981,2494581773326115
10797099,41.0567,79853981,2494791789296145
10799729,41.0667,79853981,2495001805266175
10802359,41.0767,79853981,2495211821236205
10804989,41.0867,79853981,2495421837206235
10807619,41.0967,79853981,2495631853176265
10810249,41.1067,79853981,2495841869146295
10812879,41.1167,79853981,2496051885116325
10815509,41.1267,79853981,2496261901086355
10818139,41.1367,79853981,2496471917056385
10820769,41.1467,79853981,2496681933026415
10823399,41.1567,79853981,2496891948996445
10826029,41.1667,79853981,2497101964966475
10828659,41.1767,79853981,2497311980936505
10831289,41.1867,79853981,2497521996906535
10833919,41.1967,79853981,2497732012876565
10836549,41.2067,79853981,2497942028846595
10839179,41.2167,79853981,2498152044816625
10841809,41.2267,79853981,2498362060786655
10844439,41.2367,79853981,2498572076756685
10847069,41.2467,79853981,2498782092726715
10849699,41.2567,79853981,2498992108696745
10852329,41.2667,79853981,2499202124666775
10854959,41.2767,79853981,2499412140636805
10857589,41.2867,79853981,2499622156606835
10860219,41.2967,79853981,2499832172576865
10862849,41.3067,79853981,2500042188546895
10865479,41.3168,79853981,2500252204516925
10868109,41.3268,79853981,2500462220486955
10870739,41.3368,79853981,2500672236456985
10873369,41.3468,79853981,2500882252427015
10875999,41.3568,79853981,2501092268397045
10878629,41.3668,79853981,2501302284367075
10881259,41.3768,79853981,2501512300337105
10883889,41.3868,79853981,2501722316307135
10886519,41.3968,79853981,2501932332277165
10889149,41.4068,79853981,2502142348247195
10891779,41.4168,79853981,2502352364217225
10894409,41.4268,79853981,2502562380187255
10897039,41.4368,79853981,2502772396157285
10899669,41.4468,79853981,2502982412127315
10902299,41.4568,79853981,2503192428097345
10904929,41.4668,79853981,2503402444067375
10907559,41.4768,79853981,2503612460037405
10910189,41.4868,79853981,2503822476007435
10912819,41.4968,79853981,2504032491977465
10915449,41.5068,79853981,2504242507947495
10918079,41.5168,79853981,2504452523917525
10920709,41.5268,79853981,2504662539887555
10923339,41.5368,79853981,2504872555857585
10925969,41.5468,79853981,2505082571827615
10928599,41.5568,79853981,2505292587797645
10931229,41.5668,79853981,2505502603767675
10933859,41.5768,79853981,2505712619737705
10936489,41.5868,79853981,2505922635707735
10939119,41.5968,79853981,2506132651677765
10941749,41.6068,79853981,2506342667647795
10944379,41.6168,79853981,2506552683617825
10947009,41.6268,79853981,2506762699587855
10949639,41.6368,79853981,2506972715557885
10952269,41.6468,79853981,2507182731527915
10954899,41.6568,79853981,2507392747497945
10957529,41.6668,79853981,2507602763467975
10960159,41.6768,79853981,2507812779438005
10962789,41.6868,79853981,2508022795408035
10965419,41.6968,79853981,2508232811378065
10968049,41.7068,79853981,2508442827348095
10970679,41.7168,79853981,2508652843318125
10973309,41.7268,79853981,2508862859288155
10975939,41.7368,79853981,2509072875258185
10978569,41.7468,79853981,2509282891228215
10981199,41.7568,79853981,2509492907198245
10983829,41.7668,79853981,2509702923168275
10986459,41.7768,79853981,2509912939138305
10989089,41.7868,79853981,2510122955108335
10991719,41.7968,79853981,2510332971078365
10994349,41.8068,79853981,2510542987048395
10996979,41.8168,79853981,2510753003018425
10999609,41.8268,79853981,2510963018988455
11002239,41.8368,79853981,2511173034958485
11004869,41.8468,79853981,2511383050928515
11007499,41.8568,79853981,2511593066898545
11010129,41.8668,79853981,2511803082868575
11012759,41.8768,79853981,2512013098838605
11015389,41.8868,79853981,2512223114808635
11018019,41.8968,79853981,2512433130778665
11020649,41.9068,79853981,2512643146748695
11023279,41.9168,79853981,2512853162718725
11025909,41.9268,79853981,2513063178688755
11028539,41.9368,79853981,2513273194658785
11031169,41.9468,79853981,2513483210628815
11033799,41.9568,79853981,2513693226598845
11036429,41.9668,79853981,2513903242568875
11039059,41.9768,79853981,2514113258538905
11041689,41.9868,79853981,2514323274508935
11044319,41.9968,79853981,2514533290478965
11046949,42.0068,79853981,2514743306448995
11049579,42.0168,79853981,2514953322419025
11052209,42.0268,79853981,2515163338389055
11054839,42.0368,79853981,2515373354359085
11057469,42.0468,79853981,2515583370329115
11060099,42.0568,79853981,2515793386299145
11062729,42.0668,79853981,2516003402269175
11065359,42.0768,79853981,2516213418239205
11067989,42.0868,79853981,2516423434209235
11070619,42.0968,79853981,2516633450179265
11073249,42.1068,79853981,2516843466149295
11075879,42.1168,79853981,2517053482119325
11078509,42.1268,79853981,2517263498089355
11081139,42.1368,79853981,2517473514059385
11083769,42.1468,79853981,2517683530029415
11086399,42.1568,79853981,2517893545999445
11089029,42.1668,79853981,2518103561969475
11091659,42.1768,79853981,2518313577939505
11094289,42.1868,79853981,2518523593909535
11096919,42.1968,79853981,2518733609879565
11099549,42.2068,79853981,2518943625849595
11102179,42.2168,79853981,2519153641819625
11104809,42.2268,79853981,2519363657789655
11107439,42.2368,79853981,2519573673759685
11110069,42.2468,79853981,2519783689729715
11112699,42.2568,79853981,2519993705699745
11115329,42.2668,79853981,2520203721669775
11117959,42.2768,79853981,2520413737639805
11120589,42.2868,79853981,2520623753609835
11123219,42.2968,79853981,2520833769579865
11125849,42.3068,79853981,2521043785549895
11128479,42.3168,79853981,2521253801519925
11131109,42.3268,79853981,2521463817489955
11133739,42.3368,79853981,2521673833459985
11136369,42.3468,79853981,2521883849430015
11138999,42.3568,79853981,2522093865400045
11141629,42.3668,79853981,2522303881370075
11144259,42.3768,79853981,2522513897340105
11146889,42.3868,79853981,2522723913310135
11149519,42.3968,79853981,2522933929280165
11152149,42.4068,79853981,2523143945250195
11154779,42.4168,79853981,2523353961220225
11157409,42.4268,79853981,2523563977190255
11160039,42.4368,79853981,2523773993160285
11162669,42.4468,79853981,2523984009130315
11165299,42.4568,79853981,2524194025100345
11167929,42.4668,79853981,2524404041070375
11170559,42.4768,79853981,2524614057040405
11173189,42.4868,79853981,2524824073010435
11175819,42.4968,79853981,2525034088980465
11178449,42.5068,79853981,2525244104950495
11181079,42.5168,79853981,2525454120920525
11183709,42.5268,79853981,2525664136890555
11186339,42.5368,79853981,2525874152860585
11188969,42.5468,79853981,2526084168830615
11191599,42.5568,79853981,2526294184800645
11194229,42.5668,79853981,2526504200770675
11196859,42.5768,79853981,2526714216740705
11199489,42.5868,79853981,2526924232710735
11202119,42.5968,79853981,2527134248680765
11204749,42.6068,79853981,2527344264650795
11207379,42.6168,79853981,2527554280620825
11210009,42.6268,79853981,2527764296590855
11212639,42.6369,79853981,2527974312560885
11215269,42.6469,79853981,2528184328530915
11217899,42.6569,79853981,2528394344500945
11220529,42.6669,79853981,2528604360470975
11223159,42.6769,79853981,2528814376441005
11225789,42.6869,79853981,2529024392411035
11228419,42.6969,79853981,2529234408381065
11231049,42.7069,79853981,2529444424351095
11233679,42.7169,79853981,2529654440321125
11236309,42.7269,79853981,2529864456291155
11238939,42.7369,79853981,2530074472261185
11241569,42.7469,79853981,2530284488231215
11244199,42.7569,79853981,2530494504201245
11246829,42.7669,79853981,2530704520171275
11249459,42.7769,79853981,2530914536141305
11252089,42.7869,79853981,2531124552111335
11254719,42.7969,79853981,2531334568081365
11257349,42.8069,79853981,2531544584051395
11259979,42.8169,79853981,2531754600021425
11262609,42.8269,79853981,2531964615991455
11265239,42.8369,79853981,2532174631961485
11267869,42.8469,79853981,2532384647931515
11270499,42.8569,79853981,2532594663901545
11273129,42.8669,79853981,2532804679871575
11275759,42.8769,79853981,2533014695841605
11278389,42.8869,79853981,2533224711811635
11281019,42.8969,79853981,2533434727781665
11283649,42.9069,79853981,2533644743751695
11286279,42.9169,79853981,2533854759721725
11288909,42.9269,79853981,2534064775691755
11291539,42.9369,79853981,2534274791661785
11294169,42.9469,79853981,2534484807631815
11296799,42.9569,79853981,2534694823601845
11299429,42.9669,79853981,2534904839571875
11302059,42.9769,79853981,2535114855541905
11304689,42.9869,79853981,2535324871511935
11307319,42.9969,79853981,2535534887481965
11309949,43.0069,79853981,2535744903451995
11312579,43.0169,79853981,2535954919422025
11315209,43.0269,79853981,2536164935392055
11317839,43.0369,79853981,2536374951362085
11320469,43.0469,79853981,2536584967332115
11323099,43.0569,79853981,2536794983302145
11325729,43.0669,79853981,2537004999272175
11328359,43.0769,79853981,2537215015242205
11330989,43.0869,79853981,2537425031212235
11333619,43.0969,79853981,2537635047182265
11336249,43.1069,79853981,2537845063152295
11338879,43.1169,79853981,2538055079122325
11341509,43.1269,79853981,2538265095092355
11344139,43.1369,79853981,2538475111062385
11346769,43.1469,79853981,2538685127032415
11349399,43.1569,79853981,2538895143002445
11352029,43.1669,79853981,2539105158972475
11354659,43.1769,79853981,2539315174942505
11357289,43.1869,79853981,2539525190912535
11359919,43.1969,79853981,2539735206882565
11362549,43.2069,79853981,2539945222852595
11365179,43.2169,79853981,2540155238822625
11367809,43.2269,79853981,2540365254792655
11370439,43.2369,79853981,2540575270762685
11373069,43.2469,79853981,2540785286732715
11375699,43.2569,79853981,2540995302702745
11378329,43.2669,79853981,2541205318672775
11380959,43.2769,79853981,2541415334642805
11383589,43.2869,79853981,2541625350612835
11386219,43.2969,79853981,2541835366582865
11388849,43.3069,79853981,2542045382552895
11391479,43.3169,79853981,2542255398522925
11394109,43.3269,79853981,2542465414492955
11396739,43.3369,79853981,2542675430462985
11399369,43.3469,79853981,2542885446433015
11401999,43.3569,79853981,2543095462403045
11404629,43.3669,79853981,2543305478373075
11407259,43.3769,79853981,2543515494343105
11409889,43.3869,79853981,2543725510313135
11412519,43.3969,79853981,2543935526283165
11415149,43.4069,79853981,2544145542253195
11417779,43.4169,79853981,2544355558223225
11420409,43.4269,79853981,2544565574193255
11423039,43.4369,79853981,2544775590163285
11425669,43.4469,79853981,2544985606133315
11428299,43.4569,79853981,2545195622103345
11430929,43.4669,79853981,2545405638073375
11433559,43.4769,79853981,2545615654043405
11436189,43.4869,79853981,2545825670013435
11438819,43.4969,79853981,2546035685983465
11441449,43.5069,79853981,2546245701953495
11444079,43.5169,79853981,2546455717923525
11446709,43.5269,79853981,2546665733893555
11449339,43.5369,79853981,2546875749863585
11451969,43.5469,79853981,2547085765833615
11454599,43.5569,79853981,2547295781803645
11457229,43.5669,79853981,2547505797773675
11459859,43.5769,79853981,2547715813743705
11462489,43.5869,79853981,2547925829713735
11465119,43.5969,79853981,2548135845683765
11467749,43.6069,79853981,2548345861653795
11470379,43.6169,79853981,2548555877623825
11473009,43.6269,79853981,2548765893593855
11475639,43.6369,79853981,2548975909563885
11478269,43.6469,79853981,2549185925533915
11480899,43.6569,79853981,2549395941503945
11483529,43.6669,79853981,2549605957473975
11486159,43.6769,79853981,2549815973444005
11488789,43.6869,79853981,2550025989414035
11491419,43.6969,79853981,2550236005384065
11494049,43.7069,79853981,2550446021354095
11496679,43.7169,79853981,2550656037324125
11499309,43.7269,79853981,2550866053294155
11501939,43.7369,79853981,2551076069264185
11504569,43.7469,79853981,2551286085234215
11507199,43.7569,79853981,2551496101204245
11509829,43.7669,79853981,2551706117174275
11512459,43.7769,79853981,2551916133144305
11515089,43.7869,79853981,2552126149114335
11517719,43.7969,79853981,2552336165084365
11520349,43.8069,79853981,2552546181054395
11522979,43.8169,79853981,2552756197024425
11525609,43.8269,79853981,2552966212994455
11528239,43.8369,79853981,2553176228964485
11530869,43.8469,79853981,2553386244934515
11533499,43.8569,79853981,2553596260904545
11536129,43.8669,79853981,2553806276874575
11538759,43.8769,79853981,2554016292844605
11541389,43.8869,79853981,2554226308814635
11544019,43.8969,79853981,2554436324784665
11546649,43.9069,79853981,2554646340754695
11549279,43.9169,79853981,2554856356724725
11551909,43.9269,79853981,2555066372694755
11554539,43.9369,79853981,2555276388664785
11557169,43.9470,79853981,2555486404634815
11559799,43.9570,79853981,2555696420604845
11562429,43.9670,79853981,2555906436574875
11565059,43.9770,79853981,2556116452544905
11567689,43.9870,79853981,2556326468514935
11570319,43.9970,79853981,2556536484484965
11572949,44.0070,79853981,2556746500454995
11575579,44.0170,79853981,2556956516425025
11578209,44.0270,79853981,2557166532395055
11580839,44.0370,79853981,2557376548365085
11583469,44.0470,79853981,2557586564335115
11586099,44.0570,79853981,2557796580305145
11588729,44.0670,79853981,2558006596275175
11591359,44.0770,79853981,2558216612245205
11593989,44.0870,79853981,2558426628215235
11596619,44.0970,79853981,2558636644185265
11599249,44.1070,79853981,2558846660155295
11601879,44.1170,79853981,2559056676125325
11604509,44.1270,79853981,2559266692095355
11607139,44.1370,79853981,2559476708065385
11609769,44.1470,79853981,2559686724035415
11612399,44.1570,79853981,2559896740005445
11615029,44.1670,79853981,2560106755975475
11617659,44.1770,79853981,2560316771945505
11620289,44.1870,79853981,2560526787915535
11622919,44.1970,79853981,2560736803885565
11625549,44.2070,79853981,2560946819855595
11628179,44.2170,79853981,2561156835825625
11630809,44.2270,79853981,2561366851795655
11633439,44.2370,79853981,2561576867765685
11636069,44.2470,79853981,2561786883735715
11638699,44.2570,79853981,2561996899705745
11641329,44.2670,79853981,2562206915675775
11643959,44.2770,79853981,2562416931645805
11646589,44.2870,79853981,2562626947615835
11649219,44.2970,79853981,2562836963585865
11651849,44.3070,79853981,2563046979555895
11654479,44.3170,79853981,2563256995525925
11657109,44.3270,79853981,2563467011495955
11659739,44.3370,79853981,2563677027465985
11662369,44.3470,79853981,2563887043436015
11664999,44.3570,79853981,2564097059406045
11667629,44.3670,79853981,2564307075376075
11670259,44.3770,79853981,2564517091346105
11672889,44.3870,79853981,2564727107316135
11675519,44.3970,79853981,2564937123286165
11678149,44.4070,79853981,2565147139256195
11680779,44.4170,79853981,2565357155226225
11683409,44.4270,79853981,2565567171196255
11686039,44.4370,79853981,2565777187166285
11688669,44.4470,79853981,2565987203136315
11691299,44.4570,79853981,2566197219106345
11693929,44.4670,79853981,2566407235076375
11696559,44.4770,79853981,2566617251046405
11699189,44.4870,79853981,2566827267016435
11701819,44.4970,79853981,2567037282986465
11704449,44.5070,79853981,2567247298956495
11707079,44.5170,79853981,2567457314926525
11709709,44.5270,79853981,2567667330896555
11712339,44.5370,79853981,2567877346866585
11714969,44.5470,79853981,2568087362836615
11717599,44.5570,79853981,2568297378806645
11720229,44.5670,79853981,2568507394776675
11722859,44.5770,79853981,2568717410746705
11725489,44.5870,79853981,2568927426716735
11728119,44.5970,79853981,2569137442686765
11730749,44.6070,79853981,2569347458656795
11733379,44.6170,79853981,2569557474626825
11736009,44.6270,79853981,2569767490596855
11738639,44.6370,79853981,2569977506566885
11741269,44.6470,79853981,2570187522536915
11743899,44.6570,79853981,2570397538506945
11746529,44.6670,79853981,2570607554476975
11749159,44.6770,79853981,2570817570447005
11751789,44.6870,79853981,2571027586417035
11754419,44.6970,79853981,2571237602387065
11757049,44.7070,79853981,2571447618357095
11759679,44.7170,79853981,2571657634327125
11762309,44.7270,79853981,2571867650297155
11764939,44.7370,79853981,2572077666267185
11767569,44.7470,79853981,2572287682237215
11770199,44.7570,79853981,2572497698207245
11772829,44.7670,79853981,2572707714177275
11775459,44.7770,79853981,2572917730147305
11778089,44.7870,79853981,2573127746117335
11780719,44.7970,79853981,2573337762087365
11783349,44.8070,79853981,2573547778057395
11785979,44.8170,79853981,2573757794027425
11788609,44.8270,79853981,2573967809997455
11791239,44.8370,79853981,2574177825967485
11793869,44.8470,79853981,2574387841937515
11796499,44.8570,79853981,2574597857907545
11799129,44.8670,79853981,2574807873877575
11801759,44.8770,79853981,2575017889847605
11804389,44.8870,79853981,2575227905817635
11807019,44.8970,79853981,2575437921787665
11809649,44.9070,79853981,2575647937757695
11812279,44.9170,79853981,2575857953727725
11814909,44.9270,79853981,2576067969697755
11817539,44.9370,79853981,2576277985667785
11820169,44.9470,79853981,2576488001637815
11822799,44.9570,79853981,2576698017607845
11825429,44.9670,79853981,2576908033577875
11828059,44.9770,79853981,2577118049547905
11830689,44.9870,79853981,2577328065517935
11833319,44.9970,79853981,2577538081487965
11835949,45.0070,79853981,2577748097457995
11838579,45.0170,79853981,2577958113428025
11841209,45.0270,79853981,2578168129398055
11843839,45.0370,79853981,2578378145368085
11846469,45.0470,79853981,2578588161338115
11849099,45.0570,79853981,2578798177308145
11851729,45.0670,79853981,2579008193278175
11854359,45.0770,79853981,2579218209248205
11856989,45.0870,79853981,2579428225218235
11859619,45.0970,79853981,2579638241188265
11862249,45.1070,79853981,2579848257158295
11864879,45.1170,79853981,2580058273128325
11867509,45.1270,79853981,2580268289098355
11870139,45.1370,79853981,2580478305068385
11872769,45.1470,79853981,2580688321038415
11875399,45.1570,79853981,2580898337008445
11878029,45.1670,79853981,2581108352978475
11880659,45.1770,79853981,2581318368948505
11883289,45.1870,79853981,2581528384918535
11885919,45.1970,79853981,2581738400888565
11888549,45.2070,79853981,2581948416858595
11891179,45.2170,79853981,2582158432828625
11893809,45.2270,79853981,2582368448798655
11896439,45.2370,79853981,2582578464768685
11899069,45.2470,79853981,2582788480738715
11901699,45.2570,79853981,2582998496708745
11904329,45.2671,79853981,2583208512678775
11906959,45.2771,79853981,2583418528648805
11909589,45.2871,79853981,2583628544618835
11912219,45.2971,79853981,2583838560588865
11914849,45.3071,79853981,2584048576558895
11917479,45.3171,79853981,2584258592528925
11920109,45.3271,79853981,2584468608498955
11922739,45.3371,79853981,2584678624468985
11925369,45.3471,79853981,2584888640439015
11927999,45.3571,79853981,2585098656409045
11930629,45.3671,79853981,2585308672379075
11933259,45.3771,79853981,2585518688349105
11935889,45.3871,79853981,2585728704319135
11938519,45.3971,79853981,2585938720289165
11941149,45.4071,79853981,2586148736259195
11943779,45.4171,79853981,2586358752229225
11946409,45.4271,79853981,2586568768199255
11949039,45.4371,79853981,2586778784169285
11951669,45.4471,79853981,2586988800139315
11954299,45.4571,79853981,2587198816109345
11956929,45.4671,79853981,2587408832079375
11959559,45.4771,79853981,2587618848049405
11962189,45.4871,79853981,2587828864019435
11964819,45.4971,79853981,2588038879989465
11967449,45.5071,79853981,2588248895959495
11970079,45.5171,79853981,2588458911929525
11972709,45.5271,79853981,2588668927899555
11975339,45.5371,79853981,2588878943869585
11977969,45.5471,79853981,2589088959839615
11980599,45.5571,79853981,2589298975809645
11983229,45.5671,79853981,2589508991779675
11985859,45.5771,79853981,2589719007749705
11988489,45.5871,79853981,2589929023719735
11991119,45.5971,79853981,2590139039689765
11993749,45.6071,79853981,2590349055659795
11996379,45.6171,79853981,2590559071629825
11999009,45.6271,79853981,2590769087599855
12001639,45.6371,79853981,2590979103569885
12004269,45.6471,79853981,2591189119539915
12006899,45.6571,79853981,2591399135509945
12009529,45.6671,79853981,2591609151479975
12012159,45.6771,79853981,2591819167450005
12014789,45.6871,79853981,2592029183420035
12017419,45.6971,79853981,2592239199390065
12020049,45.7071,79853981,2592449215360095
12022679,45.7171,79853981,2592659231330125
12025309,45.7271,79853981,2592869247300155
12027939,45.7371,79853981,2593079263270185
12030569,45.7471,79853981,2593289279240215
12033199,45.7571,79853981,2593499295210245
12035829,45.7671,79853981,2593709311180275
12038459,45.7771,79853981,2593919327150305
12041089,45.7871,79853981,2594129343120335
12043719,45.7971,79853981,2594339359090365
12046349,45.8071,79853981,2594549375060395
12048979,45.8171,79853981,2594759391030425
12051609,45.8271,79853981,2594969407000455
12054239,45.8371,79853981,2595179422970485
12056869,45.8471,79853981,2595389438940515
12059499,45.8571,79853981,2595599454910545
12062129,45.8671,79853981,2595809470880575
12064759,45.8771,79853981,2596019486850605
12067389,45.8871,79853981,2596229502820635
12070019,45.8971,79853981,2596439518790665
12072649,45.9071,79853981,2596649534760695
12075279,45.9171,79853981,2596859550730725
12077909,45.9271,79853981,2597069566700755
12080539,45.9371,79853981,2597279582670785
12083169,45.9471,79853981,2597489598640815
12085799,45.9571,79853981,2597699614610845
12088429,45.9671,79853981,2597909630580875
12091059,45.9771,79853981,2598119646550905
12093689,45.9871,79853981,2598329662520935
12096319,45.9971,79853981,2598539678490965
12098949,46.0071,79853981,2598749694460995
12101579,46.0171,79853981,2598959710431025
12104209,46.0271,79853981,2599169726401055
12106839,46.0371,79853981,2599379742371085
12109469,46.0471,79853981,2599589758341115
12112099,46.0571,79853981,2599799774311145
12114729,46.0671,79853981,2600009790281175
12117359,46.0771,79853981,2600219806251205
12119989,46.0871,79853981,2600429822221235
12122619,46.0971,79853981,2600639838191265
12125249,46.1071,79853981,2600849854161295
12127879,46.1171,79853981,2601059870131325
12130509,46.1271,79853981,2601269886101355
12133139,46.1371,79853981,2601479902071385
12135769,46.1471,79853981,2601689918041415
12138399,46.1571,79853981,2601899934011445
12141029,46.1671,79853981,2602109949981475
12143659,46.1771,79853981,2602319965951505
12146289,46.1871,79853981,2602529981921535
12148919,46.1971,79853981,2602739997891565
12151549,46.2071,79853981,2602950013861595
12154179,46.2171,79853981,2603160029831625
12156809,46.2271,79853981,2603370045801655
12159439,46.2371,79853981,2603580061771685
12162069,46.2471,79853981,2603790077741715
12164699,46.2571,79853981,2604000093711745
12167329,46.2671,79853981,2604210109681775
12169959,46.2771,79853981,2604420125651805
12172589,46.2871,79853981,2604630141621835
12175219,46.2971,79853981,2604840157591865
12177849,46.3071,79853981,2605050173561895
12180479,46.3171,79853981,2605260189531925
12183109,46.3271,79853981,2605470205501955
12185739,46.3371,79853981,2605680221471985
12188369,46.3471,79853981,2605890237442015
12190999,46.3571,79853981,2606100253412045
12193629,46.3671,79853981,2606310269382075
12196259,46.3771,79853981,2606520285352105
12198889,46.3871,79853981,2606730301322135
12201519,46.3971,79853981,2606940317292165
12204149,46.4071,79853981,2607150333262195
12206779,46.4171,79853981,2607360349232225
12209409,46.4271,79853981,2607570365202255
12212039,46.4371,79853981,2607780381172285
12214669,46.4471,79853981,2607990397142315
12217299,46.4571,79853981,2608200413112345
12219929,46.4671,79853981,2608410429082375
12222559,46.4771,79853981,2608620445052405
12225189,46.4871,79853981,2608830461022435
12227819,46.4971,79853981,2609040476992465
12230449,46.5071,79853981,2609250492962495
12233079,46.5171,79853981,2609460508932525
12235709,46.5271,79853981,2609670524902555
12238339,46.5371,79853981,2609880540872585
12240969,46.5471,79853981,2610090556842615
12243599,46.5571,79853981,2610300572812645
12246229,46.5671,79853981,2610510588782675
12248859,46.5772,79853981,2610720604752705
12251489,46.5872,79853981,2610930620722735
12254119,46.5972,79853981,2611140636692765
12256749,46.6072,79853981,2611350652662795
12259379,46.6172,79853981,2611560668632825
12262009,46.6272,79853981,2611770684602855
12264639,46.6372,79853981,2611980700572885
12267269,46.6472,79853981,2612190716542915
12269899,46.6572,79853981,2612400732512945
12272529,46.6672,79853981,2612610748482975
12275159,46.6772,79853981,2612820764453005
12277789,46.6872,79853981,2613030780423035
12280419,46.6972,79853981,2613240796393065
12283049,46.7072,79853981,2613450812363095
12285679,46.7172,79853981,2613660828333125
12288309,46.7272,79853981,2613870844303155
12290939,46.7372,79853981,2614080860273185
12293569,46.7472,79853981,2614290876243215
12296199,46.7572,79853981,2614500892213245
12298829,46.7672,79853981,2614710908183275
12301459,46.7772,79853981,2614920924153305
12304089,46.7872,79853981,2615130940123335
12306719,46.7972,79853981,2615340956093365
12309349,46.8072,79853981,2615550972063395
12311979,46.8172,79853981,2615760988033425
12314609,46.8272,79853981,2615971004003455
12317239,46.8372,79853981,2616181019973485
12319869,46.8472,79853981,2616391035943515
12322499,46.8572,79853981,2616601051913545
12325129,46.8672,79853981,2616811067883575
12327759,46.8772,79853981,2617021083853605
12330389,46.8872,79853981,2617231099823635
12333019,46.8972,79853981,2617441115793665
12335649,46.9072,79853981,2617651131763695
12338279,46.9172,79853981,2617861147733725
12340909,46.9272,79853981,2618071163703755
12343539,46.9372,79853981,2618281179673785
12346169,46.9472,79853981,2618491195643815
12348799,46.9572,79853981,2618701211613845
12351429,46.9672,79853981,2618911227583875
12354059,46.9772,79853981,2619121243553905
12356689,46.9872,79853981,2619331259523935
12359319,46.9972,79853981,2619541275493965
12361949,47.0072,79853981,2619751291463995
12364579,47.0172,79853981,2619961307434025
12367209,47.0272,79853981,2620171323404055
12369839,47.0372,79853981,2620381339374085
12372469,47.0472,79853981,2620591355344115
12375099,47.0572,79853981,2620801371314145
12377729,47.0672,79853981,2621011387284175
12380359,47.0772,79853981,2621221403254205
12382989,47.0872,79853981,2621431419224235
12385619,47.0972,79853981,2621641435194265
12388249,47.1072,79853981,2621851451164295
12390879,47.1172,79853981,2622061467134325
12393509,47.1272,79853981,2622271483104355
12396139,47.1372,79853981,2622481499074385
12398769,47.1472,79853981,2622691515044415
12401399,47.1572,79853981,2622901531014445
12404029,47.1672,79853981,2623111546984475
12406659,47.1772,79853981,2623321562954505
12409289,47.1872,79853981,2623531578924535
12411919,47.1972,79853981,2623741594894565
12414549,47.2072,79853981,2623951610864595
12417179,47.2172,79853981,2624161626834625
12419809,47.2272,79853981,2624371642804655
12422439,47.2372,79853981,2624581658774685
12425069,47.2472,79853981,2624791674744715
12427699,47.2572,79853981,2625001690714745
12430329,47.2672,79853981,2625211706684775
12432959,47.2772,79853981,2625421722654805
12435589,47.2872,79853981,2625631738624835
12438219,47.2972,79853981,2625841754594865
12440849,47.3072,79853981,2626051770564895
12443479,47.3172,79853981,2626261786534925
12446109,47.3272,79853981,2626471802504955
12448739,47.3372,79853981,2626681818474985
12451369,47.3472,79853981,2626891834445015
12453999,47.3572,79853981,2627101850415045
12456629,47.3672,79853981,2627311866385075
12459259,47.3772,79853981,2627521882355105
12461889,47.3872,79853981,2627731898325135
12464519,47.3972,79853981,2627941914295165
12467149,47.4072,79853981,2628151930265195
12469779,47.4172,79853981,2628361946235225
12472409,47.4272,79853981,2628571962205255
12475039,47.4372,79853981,2628781978175285
12477669,47.4472,79853981,2628991994145315
12480299,47.4572,79853981,2629202010115345
12482929,47.4672,79853981,2629412026085375
12485559,47.4772,79853981,2629622042055405
12488189,47.4872,79853981,2629832058025435
12490819,47.4972,79853981,2630042073995465
12493449,47.5072,79853981,2630252089965495
12496079,47.5172,79853981,2630462105935525
12498709,47.5272,79853981,2630672121905555
12501339,47.5372,79853981,2630882137875585
12503969,47.5472,79853981,2631092153845615
12506599,47.5572,79853981,2631302169815645
12509229,47.5672,79853981,2631512185785675
12511859,47.5772,79853981,2631722201755705
12514489,47.5872,79853981,2631932217725735
12517119,47.5972,79853981,2632142233695765
12519749,47.6072,79853981,2632352249665795
12522379,47.6172,79853981,2632562265635825
12525009,47.6272,79853981,2632772281605855
12527639,47.6372,79853981,2632982297575885
12530269,47.6472,79853981,2633192313545915
12532899,47.6572,79853981,2633402329515945
12535529,47.6672,79853981,2633612345485975
12538159,47.6772,79853981,2633822361456005
12540789,47.6872,79853981,2634032377426035
12543419,47.6972,79853981,2634242393396065
12546049,47.7072,79853981,2634452409366095
12548679,47.7172,79853981,2634662425336125
12551309,47.7272,79853981,2634872441306155
12553939,47.7372,79853981,2635082457276185
12556569,47.7472,79853981,2635292473246215
12559199,47.7572,79853981,2635502489216245
12561829,47.7672,79853981,2635712505186275
12564459,47.7772,79853981,2635922521156305
12567089,47.7872,79853981,2636132537126335
12569719,47.7972,79853981,2636342553096365
12572349,47.8072,79853981,2636552569066395
12574979,47.8172,79853981,2636762585036425
12577609,47.8272,79853981,2636972601006455
12580239,47.8372,79853981,2637182616976485
12582869,47.8472,79853981,2637392632946515
12585499,47.8572,79853981,2637602648916545
12588129,47.8672,79853981,2637812664886575
12590759,47.8772,79853981,2638022680856605
12593389,47.8872,79853981,2638232696826635
12596019,47.8973,79853981,2638442712796665
12598649,47.9073,79853981,2638652728766695
12601279,47.9173,79853981,2638862744736725
12603909,47.9273,79853981,2639072760706755
12606539,47.9373,79853981,2639282776676785
12609169,47.9473,79853981,2639492792646815
12611799,47.9573,79853981,2639702808616845
12614429,47.9673,79853981,2639912824586875
12617059,47.9773,79853981,2640122840556905
12619689,47.9873,79853981,2640332856526935
12622319,47.9973,79853981,2640542872496965
12624949,48.0073,79853981,2640752888466995
12627579,48.0173,79853981,2640962904437025
12630209,48.0273,79853981,2641172920407055
12632839,48.0373,79853981,2641382936377085
12635469,48.0473,79853981,2641592952347115
12638099,48.0573,79853981,2641802968317145
12640729,48.0673,79853981,2642012984287175
12643359,48.0773,79853981,2642223000257205
12645989,48.0873,79853981,2642433016227235
12648619,48.0973,79853981,2642643032197265
12651249,48.1073,79853981,2642853048167295
12653879,48.1173,79853981,2643063064137325
12656509,48.1273,79853981,2643273080107355
12659139,48.1373,79853981,2643483096077385
12661769,48.1473,79853981,2643693112047415
12664399,48.1573,79853981,2643903128017445
12667029,48.1673,79853981,2644113143987475
12669659,48.1773,79853981,2644323159957505
12672289,48.1873,79853981,2644533175927535
12674919,48.1973,79853981,2644743191897565
12677549,48.2073,79853981,2644953207867595
12680179,48.2173,79853981,2645163223837625
12682809,48.2273,79853981,2645373239807655
12685439,48.2373,79853981,2645583255777685
12688069,48.2473,79853981,2645793271747715
12690699,48.2573,79853981,2646003287717745
12693329,48.2673,79853981,2646213303687775
12695959,48.2773,79853981,2646423319657805
12698589,48.2873,79853981,2646633335627835
12701219,48.2973,79853981,2646843351597865
12703849,48.3073,79853981,2647053367567895
12706479,48.3173,79853981,2647263383537925
12709109,48.3273,79853981,2647473399507955
12711739,48.3373,79853981,2647683415477985
12714369,48.3473,79853981,2647893431448015
12716999,48.3573,79853981,2648103447418045
12719629,48.3673,79853981,2648313463388075
12722259,48.3773,79853981,2648523479358105
12724889,48.3873,79853981,2648733495328135
12727519,48.3973,79853981,2648943511298165
12730149,48.4073,79853981,2649153527268195
12732779,48.4173,79853981,2649363543238225
12735409,48.4273,79853981,2649573559208255
12738039,48.4373,79853981,2649783575178285
12740669,48.4473,79853981,2649993591148315
12743299,48.4573,79853981,2650203607118345
12745929,48.4673,79853981,2650413623088375
12748559,48.4773,79853981,2650623639058405
12751189,48.4873,79853981,2650833655028435
12753819,48.4973,79853981,2651043670998465
12756449,48.5073,79853981,2651253686968495
12759079,48.5173,79853981,2651463702938525
12761709,48.5273,79853981,2651673718908555
12764339,48.5373,79853981,2651883734878585
12766969,48.5473,79853981,2652093750848615
12769599,48.5573,79853981,2652303766818645
12772229,48.5673,79853981,2652513782788675
12774859,48.5773,79853981,2652723798758705
12777489,48.5873,79853981,2652933814728735
12780119,48.5973,79853981,2653143830698765
12782749,48.6073,79853981,2653353846668795
12785379,48.6173,79853981,2653563862638825
12788009,48.6273,79853981,2653773878608855
12790639,48.6373,79853981,2653983894578885
12793269,48.6473,79853981,2654193910548915
12795899,48.6573,79853981,2654403926518945
12798529,48.6673,79853981,2654613942488975
12801159,48.6773,79853981,2654823958459005
12803789,48.6873,79853981,2655033974429035
12806419,48.6973,79853981,2655243990399065
12809049,48.7073,79853981,2655454006369095
12811679,48.7173,79853981,2655664022339125
12814309,48.7273,79853981,2655874038309155
12816939,48.7373,79853981,2656084054279185
12819569,48.7473,79853981,2656294070249215
12822199,48.7573,79853981,2656504086219245
12824829,48.7673,79853981,2656714102189275
12827459,48.7773,79853981,2656924118159305
12830089,48.7873,79853981,2657134134129335
12832719,48.7973,79853981,2657344150099365
12835349,48.8073,79853981,2657554166069395
12837979,48.8173,79853981,2657764182039425
12840609,48.8273,79853981,2657974198009455
12843239,48.8373,79853981,2658184213979485
12845869,48.8473,79853981,2658394229949515
12848499,48.8573,79853981,2658604245919545
12851129,48.8673,79853981,2658814261889575
12853759,48.8773,79853981,2659024277859605
12856389,48.8873,79853981,2659234293829635
12859019,48.8973,79853981,2659444309799665
12861649,48.9073,79853981,2659654325769695
12864279,48.9173,79853981,2659864341739725
12866909,48.9273,79853981,2660074357709755
12869539,48.9373,79853981,2660284373679785
12872169,48.9473,79853981,2660494389649815
12874799,48.9573,79853981,2660704405619845
12877429,48.9673,79853981,2660914421589875
12880059,48.9773,79853981,2661124437559905
12882689,48.9873,79853981,2661334453529935
12885319,48.9973,79853981,2661544469499965
12887949,49.0073,79853981,2661754485469995
12890579,49.0173,79853981,2661964501440025
12893209,49.0273,79853981,2662174517410055
12895839,49.0373,79853981,2662384533380085
12898469,49.0473,79853981,2662594549350115
12901099,49.0573,79853981,2662804565320145
12903729,49.0673,79853981,2663014581290175
12906359,49.0773,79853981,2663224597260205
12908989,49.0873,79853981,2663434613230235
12911619,49.0973,79853981,2663644629200265
12914249,49.1073,79853981,2663854645170295
12916879,49.1173,79853981,2664064661140325
12919509,49.1273,79853981,2664274677110355
12922139,49.1373,79853981,2664484693080385
12924769,49.1473,79853981,2664694709050415
12927399,49.1573,79853981,2664904725020445
12930029,49.1673,79853981,2665114740990475
12932659,49.1773,79853981,2665324756960505
12935289,49.1873,79853981,2665534772930535
12937919,49.1973,79853981,2665744788900565
12940549,49.2074,79853981,2665954804870595
12943179,49.2174,79853981,2666164820840625
12945809,49.2274,79853981,2666374836810655
12948439,49.2374,79853981,2666584852780685
12951069,49.2474,79853981,2666794868750715
12953699,49.2574,79853981,2667004884720745
12956329,49.2674,79853981,2667214900690775
12958959,49.2774,79853981,2667424916660805
12961589,49.2874,79853981,2667634932630835
12964219,49.2974,79853981,2667844948600865
12966849,49.3074,79853981,2668054964570895
12969479,49.3174,79853981,2668264980540925
12972109,49.3274,79853981,2668474996510955
12974739,49.3374,79853981,2668685012480985
12977369,49.3474,79853981,2668895028451015
12979999,49.3574,79853981,2669105044421045
12982629,49.3674,79853981,2669315060391075
12985259,49.3774,79853981,2669525076361105
12987889,49.3874,79853981,2669735092331135
12990519,49.3974,79853981,2669945108301165
12993149,49.4074,79853981,2670155124271195
12995779,49.4174,79853981,2670365140241225
12998409,49.4274,79853981,2670575156211255
13001039,49.4374,79853981,2670785172181285
13003669,49.4474,79853981,2670995188151315
13006299,49.4574,79853981,2671205204121345
13008929,49.4674,79853981,2671415220091375
13011559,49.4774,79853981,2671625236061405
13014189,49.4874,79853981,2671835252031435
13016819,49.4974,79853981,2672045268001465
13019449,49.5074,79853981,2672255283971495
13022079,49.5174,79853981,2672465299941525
13024709,49.5274,79853981,2672675315911555
13027339,49.5374,79853981,2672885331881585
13029969,49.5474,79853981,2673095347851615
13032599,49.5574,79853981,2673305363821645
13035229,49.5674,79853981,2673515379791675
13037859,49.5774,79853981,2673725395761705
13040489,49.5874,79853981,2673935411731735
13043119,49.5974,79853981,2674145427701765
13045749,49.6074,79853981,2674355443671795
13048379,49.6174,79853981,2674565459641825
13051009,49.6274,79853981,2674775475611855
13053639,49.6374,79853981,2674985491581885
13056269,49.6474,79853981,2675195507551915
13058899,49.6574,79853981,2675405523521945
13061529,49.6674,79853981,2675615539491975
13064159,49.6774,79853981,2675825555462005
13066789,49.6874,79853981,2676035571432035
13069419,49.6974,79853981,2676245587402065
13072049,49.7074,79853981,2676455603372095
13074679,49.7174,79853981,2676665619342125
13077309,49.7274,79853981,2676875635312155
13079939,49.7374,79853981,2677085651282185
13082569,49.7474,79853981,2677295667252215
13085199,49.7574,79853981,2677505683222245
13087829,49.7674,79853981,2677715699192275
13090459,49.7774,79853981,2677925715162305
13093089,49.7874,79853981,2678135731132335
13095719,49.7974,79853981,2678345747102365
13098349,49.8074,79853981,2678555763072395
13100979,49.8174,79853981,2678765779042425
13103609,49.8274,79853981,2678975795012455
13106239,49.8374,79853981,2679185810982485
13108869,49.8474,79853981,2679395826952515
13111499,49.8574,79853981,2679605842922545
13114129,49.8674,79853981,2679815858892575
13116759,49.8774,79853981,2680025874862605
13119389,49.8874,79853981,2680235890832635
13122019,49.8974,79853981,2680445906802665
13124649,49.9074,79853981,2680655922772695
13127279,49.9174,79853981,2680865938742725
13129909,49.9274,79853981,2681075954712755
13132539,49.9374,79853981,2681285970682785
13135169,49.9474,79853981,2681495986652815
13137799,49.9574,79853981,2681706002622845
13140429,49.9674,79853981,2681916018592875
13143059,49.9774,79853981,2682126034562905
13145689,49.9874,79853981,2682336050532935
13148319,49.9974,79853981,2682546066502965
13150949,50.0074,79853981,2682756082472995
13153579,50.0174,79853981,2682966098443025
13156209,50.0274,79853981,2683176114413055
13158839,50.0374,79853981,2683386130383085
13161469,50.0474,79853981,2683596146353115
13164099,50.0574,79853981,2683806162323145
13166729,50.0674,79853981,2684016178293175
13169359,50.0774,79853981,2684226194263205
13171989,50.0874,79853981,2684436210233235
13174619,50.0974,79853981,2684646226203265
13177249,50.1074,79853981,2684856242173295
13179879,50.1174,79853981,2685066258143325
13182509,50.1274,79853981,2685276274113355
13185139,50.1374,79853981,2685486290083385
13187769,50.1474,79853981,2685696306053415
13190399,50.1574,79853981,2685906322023445
13193029,50.1674,79853981,2686116337993475
13195659,50.1774,79853981,2686326353963505
13198289,50.1874,79853981,2686536369933535
13200919,50.1974,79853981,2686746385903565
13203549,50.2074,79853981,2686956401873595
13206179,50.2174,79853981,2687166417843625
13208809,50.2274,79853981,2687376433813655
13211439,50.2374,79853981,2687586449783685
13214069,50.2474,79853981,2687796465753715
13216699,50.2574,79853981,2688006481723745
13219329,50.2674,79853981,2688216497693775
13221959,50.2774,79853981,2688426513663805
13224589,50.2874,79853981,2688636529633835
13227219,50.2974,79853981,2688846545603865
13229849,50.3074,79853981,2689056561573895
13232479,50.3174,79853981,2689266577543925
13235109,50.3274,79853981,2689476593513955
13237739,50.3374,79853981,2689686609483985
13240369,50.3474,79853981,2689896625454015
13242999,50.3574,79853981,2690106641424045
13245629,50.3674,79853981,2690316657394075
13248259,50.3774,79853981,2690526673364105
13250889,50.3874,79853981,2690736689334135
13253519,50.3974,79853981,2690946705304165
13256149,50.4074,79853981,2691156721274195
13258779,50.4174,79853981,2691366737244225
13261409,50.4274,79853981,2691576753214255
13264039,50.4374,79853981,2691786769184285
13266669,50.4474,79853981,2691996785154315
13269299,50.4574,79853981,2692206801124345
13271929,50.4674,79853981,2692416817094375
13274559,50.4774,79853981,2692626833064405
13277189,50.4874,79853981,2692836849034435
13279819,50.4974,79853981,2693046865004465
13282449,50.5074,79853981,2693256880974495
13285079,50.5174,79853981,2693466896944525
13287709,50.5275,79853981,2693676912914555
13290339,50.5375,79853981,2693886928884585
13292969,50.5475,79853981,2694096944854615
13295599,50.5575,79853981,2694306960824645
13298229,50.5675,79853981,2694516976794675
13300859,50.5775,79853981,2694726992764705
13303489,50.5875,79853981,2694937008734735
13306119,50.5975,79853981,2695147024704765
13308749,50.6075,79853981,2695357040674795
13311379,50.6175,79853981,2695567056644825
13314009,50.6275,79853981,2695777072614855
13316639,50.6375,79853981,2695987088584885
13319269,50.6475,79853981,2696197104554915
13321899,50.6575,79853981,2696407120524945
13324529,50.6675,79853981,2696617136494975
13327159,50.6775,79853981,2696827152465005
13329789,50.6875,79853981,2697037168435035
13332419,50.6975,79853981,2697247184405065
13335049,50.7075,79853981,2697457200375095
13337679,50.7175,79853981,2697667216345125
13340309,50.7275,79853981,2697877232315155
13342939,50.7375,79853981,2698087248285185
13345569,50.7475,79853981,2698297264255215
13348199,50.7575,79853981,2698507280225245
13350829,50.7675,79853981,2698717296195275
13353459,50.7775,79853981,2698927312165305
13356089,50.7875,79853981,2699137328135335
13358719,50.7975,79853981,2699347344105365
13361349,50.8075,79853981,2699557360075395
13363979,50.8175,79853981,2699767376045425
13366609,50.8275,79853981,2699977392015455
13369239,50.8375,79853981,2700187407985485
13371869,50.8475,79853981,2700397423955515
13374499,50.8575,79853981,2700607439925545
13377129,50.8675,79853981,2700817455895575
13379759,50.8775,79853981,2701027471865605
13382389,50.8875,79853981,2701237487835635
13385019,50.8975,79853981,2701447503805665
13387649,50.9075,79853981,2701657519775695
13390279,50.9175,79853981,2701867535745725
13392909,50.9275,79853981,2702077551715755
13395539,50.9375,79853981,2702287567685785
13398169,50.9475,79853981,2702497583655815
13400799,50.9575,79853981,2702707599625845
13403429,50.9675,79853981,2702917615595875
13406059,50.9775,79853981,2703127631565905
13408689,50.9875,79853981,2703337647535935
13411319,50.9975,79853981,2703547663505965
13413949,51.0075,79853981,2703757679475995
13416579,51.0175,79853981,2703967695446025
13419209,51.0275,79853981,2704177711416055
13421839,51.0375,79853981,2704387727386085
13424469,51.0475,79853981,2704597743356115
13427099,51.0575,79853981,2704807759326145
13429729,51.0675,79853981,2705017775296175
13432359,51.0775,79853981,2705227791266205
13434989,51.0875,79853981,2705437807236235
13437619,51.0975,79853981,2705647823206265
13440249,51.1075,79853981,2705857839176295
13442879,51.1175,79853981,2706067855146325
13445509,51.1275,79853981,2706277871116355
13448139,51.1375,79853981,2706487887086385
13450769,51.1475,79853981,2706697903056415
13453399,51.1575,79853981,2706907919026445
13456029,51.1675,79853981,2707117934996475
13458659,51.1775,79853981,2707327950966505
13461289,51.1875,79853981,2707537966936535
13463919,51.1975,79853981,2707747982906565
13466549,51.2075,79853981,2707957998876595
13469179,51.2175,79853981,2708168014846625
13471809,51.2275,79853981,2708378030816655
13474439,51.2375,79853981,2708588046786685
13477069,51.2475,79853981,2708798062756715
13479699,51.2575,79853981,2709008078726745
13482329,51.2675,79853981,2709218094696775
13484959,51.2775,79853981,2709428110666805
13487589,51.2875,79853981,2709638126636835
13490219,51.2975,79853981,2709848142606865
13492849,51.3075,79853981,2710058158576895
13495479,51.3175,79853981,2710268174546925
13498109,51.3275,79853981,2710478190516955
13500739,51.3375,79853981,2710688206486985
13503369,51.3475,79853981,2710898222457015
13505999,51.3575,79853981,2711108238427045
13508629,51.3675,79853981,2711318254397075
13511259,51.3775,79853981,2711528270367105
13513889,51.3875,79853981,2711738286337135
13516519,51.3975,79853981,2711948302307165
13519149,51.4075,79853981,2712158318277195
13521779,51.4175,79853981,2712368334247225
13524409,51.4275,79853981,2712578350217255
13527039,51.4375,79853981,2712788366187285
13529669,51.4475,79853981,2712998382157315
13532299,51.4575,79853981,2713208398127345
13534929,51.4675,79853981,2713418414097375
13537559,51.4775,79853981,2713628430067405
13540189,51.4875,79853981,2713838446037435
13542819,51.4975,79853981,2714048462007465
13545449,51.5075,79853981,2714258477977495
13548079,51.5175,79853981,2714468493947525
13550709,51.5275,79853981,2714678509917555
13553339,51.5375,79853981,2714888525887585
13555969,51.5475,79853981,2715098541857615
13558599,51.5575,79853981,2715308557827645
13561229,51.5675,79853981,2715518573797675
13563859,51.5775,79853981,2715728589767705
13566489,51.5875,79853981,2715938605737735
13569119,51.5975,79853981,2716148621707765
13571749,51.6075,79853981,2716358637677795
13574379,51.6175,79853981,2716568653647825
13577009,51.6275,79853981,2716778669617855
13579639,51.6375,79853981,2716988685587885
13582269,51.6475,79853981,2717198701557915
13584899,51.6575,79853981,2717408717527945
13587529,51.6675,79853981,2717618733497975
13590159,51.6775,79853981,2717828749468005
13592789,51.6875,79853981,2718038765438035
13595419,51.6975,79853981,2718248781408065
13598049,51.7075,79853981,2718458797378095
13600679,51.7175,79853981,2718668813348125
13603309,51.7275,79853981,2718878829318155
13605939,51.7375,79853981,2719088845288185
13608569,51.7475,79853981,2719298861258215
13611199,51.7575,79853981,2719508877228245
13613829,51.7675,79853981,2719718893198275
13616459,51.7775,79853981,2719928909168305
13619089,51.7875,79853981,2720138925138335
13621719,51.7975,79853981,2720348941108365
13624349,51.8075,79853981,2720558957078395
13626979,51.8175,79853981,2720768973048425
13629609,51.8275,79853981,2720978989018455
13632239,51.8376,79853981,2721189004988485
13634869,51.8476,79853981,2721399020958515
13637499,51.8576,79853981,2721609036928545
13640129,51.8676,79853981,2721819052898575
13642759,51.8776,79853981,2722029068868605
13645389,51.8876,79853981,2722239084838635
13648019,51.8976,79853981,2722449100808665
13650649,51.9076,79853981,2722659116778695
13653279,51.9176,79853981,2722869132748725
13655909,51.9276,79853981,2723079148718755
13658539,51.9376,79853981,2723289164688785
13661169,51.9476,79853981,2723499180658815
13663799,51.9576,79853981,2723709196628845
13666429,51.9676,79853981,2723919212598875
13669059,51.9776,79853981,2724129228568905
13671689,51.9876,79853981,2724339244538935
13674319,51.9976,79853981,2724549260508965
13676949,52.0076,79853981,2724759276478995
13679579,52.0176,79853981,2724969292449025
13682209,52.0276,79853981,2725179308419055
13684839,52.0376,79853981,2725389324389085
13687469,52.0476,79853981,2725599340359115
13690099,52.0576,79853981,2725809356329145
13692729,52.0676,79853981,2726019372299175
13695359,52.0776,79853981,2726229388269205
13697989,52.0876,79853981,2726439404239235
13700619,52.0976,79853981,2726649420209265
13703249,52.1076,79853981,2726859436179295
13705879,52.1176,79853981,2727069452149325
13708509,52.1276,79853981,2727279468119355
13711139,52.1376,79853981,2727489484089385
13713769,52.1476,79853981,2727699500059415
13716399,52.1576,79853981,2727909516029445
13719029,52.1676,79853981,2728119531999475
13721659,52.1776,79853981,2728329547969505
13724289,52.1876,79853981,2728539563939535
13726919,52.1976,79853981,2728749579909565
13729549,52.2076,79853981,2728959595879595
13732179,52.2176,79853981,2729169611849625
13734809,52.2276,79853981,2729379627819655
13737439,52.2376,79853981,2729589643789685
13740069,52.2476,79853981,2729799659759715
13742699,52.2576,79853981,2730009675729745
13745329,52.2676,79853981,2730219691699775
13747959,52.2776,79853981,2730429707669805
13750589,52.2876,79853981,2730639723639835
13753219,52.2976,79853981,2730849739609865
13755849,52.3076,79853981,2731059755579895
13758479,52.3176,79853981,2731269771549925
13761109,52.3276,79853981,2731479787519955
13763739,52.3376,79853981,2731689803489985
13766369,52.3476,79853981,2731899819460015
13768999,52.3576,79853981,2732109835430045
13771629,52.3676,79853981,2732319851400075
13774259,52.3776,79853981,2732529867370105
13776889,52.3876,79853981,2732739883340135
13779519,52.3976,79853981,2732949899310165
13782149,52.4076,79853981,2733159915280195
13784779,52.4176,79853981,2733369931250225
13787409,52.4276,79853981,2733579947220255
13790039,52.4376,79853981,2733789963190285
13792669,52.4476,79853981,2733999979160315
13795299,52.4576,79853981,2734209995130345
13797929,52.4676,79853981,2734420011100375
13800559,52.4776,79853981,2734630027070405
13803189,52.4876,79853981,2734840043040435
13805819,52.4976,79853981,2735050059010465
13808449,52.5076,79853981,2735260074980495
13811079,52.5176,79853981,2735470090950525
13813709,52.5276,79853981,2735680106920555
13816339,52.5376,79853981,2735890122890585
13818969,52.5476,79853981,2736100138860615
13821599,52.5576,79853981,2736310154830645
13824229,52.5676,79853981,2736520170800675
13826859,52.5776,79853981,2736730186770705
13829489,52.5876,79853981,2736940202740735
13832119,52.5976,79853981,2737150218710765
13834749,52.6076,79853981,2737360234680795
13837379,52.6176,79853981,2737570250650825
13840009,52.6276,79853981,2737780266620855
13842639,52.6376,79853981,2737990282590885
13845269,52.6476,79853981,2738200298560915
13847899,52.6576,79853981,2738410314530945
13850529,52.6676,79853981,2738620330500975
13853159,52.6776,79853981,2738830346471005
13855789,52.6876,79853981,2739040362441035
13858419,52.6976,79853981,2739250378411065
13861049,52.7076,79853981,2739460394381095
13863679,52.7176,79853981,2739670410351125
13866309,52.7276,79853981,2739880426321155
13868939,52.7376,79853981,2740090442291185
13871569,52.7476,79853981,2740300458261215
13874199,52.7576,79853981,2740510474231245
13876829,52.7676,79853981,2740720490201275
13879459,52.7776,79853981,2740930506171305
13882089,52.7876,79853981,2741140522141335
13884719,52.7976,79853981,2741350538111365
13887349,52.8076,79853981,2741560554081395
13889979,52.8176,79853981,2741770570051425
13892609,52.8276,79853981,2741980586021455
13895239,52.8376,79853981,2742190601991485
13897869,52.8476,79853981,2742400617961515
13900499,52.8576,79853981,2742610633931545
13903129,52.8676,79853981,2742820649901575
13905759,52.8776,79853981,2743030665871605
13908389,52.8876,79853981,2743240681841635
13911019,52.8976,79853981,2743450697811665
13913649,52.9076,79853981,2743660713781695
13916279,52.9176,79853981,2743870729751725
13918909,52.9276,79853981,2744080745721755
13921539,52.9376,79853981,2744290761691785
13924169,52.9476,79853981,2744500777661815
13926799,52.9576,79853981,2744710793631845
13929429,52.9676,79853981,2744920809601875
13932059,52.9776,79853981,2745130825571905
13934689,52.9876,79853981,2745340841541935
13937319,52.9976,79853981,2745550857511965
13939949,53.0076,79853981,2745760873481995
13942579,53.0176,79853981,2745970889452025
13945209,53.0276,79853981,2746180905422055
13947839,53.0376,79853981,2746390921392085
13950469,53.0476,79853981,2746600937362115
13953099,53.0576,79853981,2746810953332145
13955729,53.0676,79853981,2747020969302175
13958359,53.0776,79853981,2747230985272205
13960989,53.0876,79853981,2747441001242235
13963619,53.0976,79853981,2747651017212265
13966249,53.1076,79853981,2747861033182295
13968879,53.1176,79853981,2748071049152325
13971509,53.1276,79853981,2748281065122355
13974139,53.1376,79853981,2748491081092385
13976769,53.1477,79853981,2748701097062415
13979399,53.1577,79853981,2748911113032445
13982029,53.1677,79853981,2749121129002475
13984659,53.1777,79853981,2749331144972505
13987289,53.1877,79853981,2749541160942535
13989919,53.1977,79853981,2749751176912565
13992549,53.2077,79853981,2749961192882595
13995179,53.2177,79853981,2750171208852625
13997809,53.2277,79853981,2750381224822655
14000439,53.2377,79853981,2750591240792685
14003069,53.2477,79853981,2750801256762715
14005699,53.2577,79853981,2751011272732745
14008329,53.2677,79853981,2751221288702775
14010959,53.2777,79853981,2751431304672805
14013589,53.2877,79853981,2751641320642835
14016219,53.2977,79853981,2751851336612865
14018849,53.3077,79853981,2752061352582895
14021479,53.3177,79853981,2752271368552925
14024109,53.3277,79853981,2752481384522955
14026739,53.3377,79853981,2752691400492985
14029369,53.3477,79853981,2752901416463015
14031999,53.3577,79853981,2753111432433045
14034629,53.3677,79853981,2753321448403075
14037259,53.3777,79853981,2753531464373105
14039889,53.3877,79853981,2753741480343135
14042519,53.3977,79853981,2753951496313165
14045149,53.4077,79853981,2754161512283195
14047779,53.4177,79853981,2754371528253225
14050409,53.4277,79853981,2754581544223255
14053039,53.4377,79853981,2754791560193285
14055669,53.4477,79853981,2755001576163315
14058299,53.4577,79853981,2755211592133345
14060929,53.4677,79853981,2755421608103375
14063559,53.4777,79853981,2755631624073405
14066189,53.4877,79853981,2755841640043435
14068819,53.4977,79853981,2756051656013465
14071449,53.5077,79853981,2756261671983495
14074079,53.5177,79853981,2756471687953525
14076709,53.5277,79853981,2756681703923555
14079339,53.5377,79853981,2756891719893585
14081969,53.5477,79853981,2757101735863615
14084599,53.5577,79853981,2757311751833645
14087229,53.5677,79853981,2757521767803675
14089859,53.5777,79853981,2757731783773705
14092489,53.5877,79853981,2757941799743735
14095119,53.5977,79853981,2758151815713765
14097749,53.6077,79853981,2758361831683795
14100379,53.6177,79853981,2758571847653825
14103009,53.6277,79853981,2758781863623855
14105639,53.6377,79853981,2758991879593885
14108269,53.6477,79853981,2759201895563915
14110899,53.6577,79853981,2759411911533945
14113529,53.6677,79853981,2759621927503975
14116159,53.6777,79853981,2759831943474005
14118789,53.6877,79853981,2760041959444035
14121419,53.6977,79853981,2760251975414065
14124049,53.7077,79853981,2760461991384095
14126679,53.7177,79853981,2760672007354125
14129309,53.7277,79853981,2760882023324155
14131939,53.7377,79853981,2761092039294185
14134569,53.7477,79853981,2761302055264215
14137199,53.7577,79853981,2761512071234245
14139829,53.7677,79853981,2761722087204275
14142459,53.7777,79853981,2761932103174305
14145089,53.7877,79853981,2762142119144335
14147719,53.7977,79853981,2762352135114365
14150349,53.8077,79853981,2762562151084395
14152979,53.8177,79853981,2762772167054425
14155609,53.8277,79853981,2762982183024455
14158239,53.8377,79853981,2763192198994485
14160869,53.8477,79853981,2763402214964515
14163499,53.8577,79853981,2763612230934545
14166129,53.8677,79853981,2763822246904575
14168759,53.8777,79853981,2764032262874605
14171389,53.8877,79853981,2764242278844635
14174019,53.8977,79853981,2764452294814665
14176649,53.9077,79853981,2764662310784695
14179279,53.9177,79853981,2764872326754725
14181909,53.9277,79853981,2765082342724755
14184539,53.9377,79853981,2765292358694785
14187169,53.9477,79853981,2765502374664815
14189799,53.9577,79853981,2765712390634845
14192429,53.9677,79853981,2765922406604875
14195059,53.9777,79853981,2766132422574905
14197689,53.9877,79853981,2766342438544935
14200319,53.9977,79853981,2766552454514965
14202949,54.0077,79853981,2766762470484995
14205579,54.0177,79853981,2766972486455025
14208209,54.0277,79853981,2767182502425055
14210839,54.0377,79853981,2767392518395085
14213469,54.0477,79853981,2767602534365115
14216099,54.0577,79853981,2767812550335145
14218729,54.0677,79853981,2768022566305175
14221359,54.0777,79853981,2768232582275205
14223989,54.0877,79853981,2768442598245235
14226619,54.0977,79853981,2768652614215265
14229249,54.1077,79853981,2768862630185295
14231879,54.1177,79853981,2769072646155325
14234509,54.1277,79853981,2769282662125355
14237139,54.1377,79853981,2769492678095385
14239769,54.1477,79853981,2769702694065415
14242399,54.1577,79853981,2769912710035445
14245029,54.1677,79853981,2770122726005475
14247659,54.1777,79853981,2770332741975505
14250289,54.1877,79853981,2770542757945535
14252919,54.1977,79853981,2770752773915565
14255549,54.2077,79853981,2770962789885595
14258179,54.2177,79853981,2771172805855625
14260809,54.2277,79853981,2771382821825655
14263439,54.2377,79853981,2771592837795685
14266069,54.2477,79853981,2771802853765715
14268699,54.2577,79853981,2772012869735745
14271329,54.2677,79853981,2772222885705775
14273959,54.2777,79853981,2772432901675805
14276589,54.2877,79853981,2772642917645835
14279219,54.2977,79853981,2772852933615865
14281849,54.3077,79853981,2773062949585895
14284479,54.3177,79853981,2773272965555925
14287109,54.3277,79853981,2773482981525955
14289739,54.3377,79853981,2773692997495985
14292369,54.3477,79853981,2773903013466015
14294999,54.3577,79853981,2774113029436045
14297629,54.3677,79853981,2774323045406075
14300259,54.3777,79853981,2774533061376105
14302889,54.3877,79853981,2774743077346135
14305519,54.3977,79853981,2774953093316165
14308149,54.4077,79853981,2775163109286195
14310779,54.4177,79853981,2775373125256225
14313409,54.4277,79853981,2775583141226255
14316039,54.4377,79853981,2775793157196285
14318669,54.4477,79853981,2776003173166315
14321299,54.4577,79853981,2776213189136345
14323929,54.4678,79853981,2776423205106375
14326559,54.4778,79853981,2776633221076405
14329189,54.4878,79853981,2776843237046435
14331819,54.4978,79853981,2777053253016465
14334449,54.5078,79853981,2777263268986495
14337079,54.5178,79853981,2777473284956525
14339709,54.5278,79853981,2777683300926555
14342339,54.5378,79853981,2777893316896585
14344969,54.5478,79853981,2778103332866615
14347599,54.5578,79853981,2778313348836645
14350229,54.5678,79853981,2778523364806675
14352859,54.5778,79853981,2778733380776705
14355489,54.5878,79853981,2778943396746735
14358119,54.5978,79853981,2779153412716765
14360749,54.6078,79853981,2779363428686795
14363379,54.6178,79853981,2779573444656825
14366009,54.6278,79853981,2779783460626855
14368639,54.6378,79853981,2779993476596885
14371269,54.6478,79853981,2780203492566915
14373899,54.6578,79853981,2780413508536945
14376529,54.6678,79853981,2780623524506975
14379159,54.6778,79853981,2780833540477005
14381789,54.6878,79853981,2781043556447035
14384419,54.6978,79853981,2781253572417065
14387049,54.7078,79853981,2781463588387095
14389679,54.7178,79853981,2781673604357125
14392309,54.7278,79853981,2781883620327155
14394939,54.7378,79853981,2782093636297185
14397569,54.7478,79853981,2782303652267215
14400199,54.7578,79853981,2782513668237245
14402829,54.7678,79853981,2782723684207275
14405459,54.7778,79853981,2782933700177305
14408089,54.7878,79853981,2783143716147335
14410719,54.7978,79853981,2783353732117365
14413349,54.8078,79853981,2783563748087395
14415979,54.8178,79853981,2783773764057425
14418609,54.8278,79853981,2783983780027455
14421239,54.8378,79853981,2784193795997485
14423869,54.8478,79853981,2784403811967515
14426499,54.8578,79853981,2784613827937545
14429129,54.8678,79853981,2784823843907575
14431759,54.8778,79853981,2785033859877605
14434389,54.8878,79853981,2785243875847635
14437019,54.8978,79853981,2785453891817665
14439649,54.9078,79853981,2785663907787695
14442279,54.9178,79853981,2785873923757725
14444909,54.9278,79853981,2786083939727755
14447539,54.9378,79853981,2786293955697785
14450169,54.9478,79853981,2786503971667815
14452799,54.9578,79853981,2786713987637845
14455429,54.9678,79853981,2786924003607875
14458059,54.9778,79853981,2787134019577905
14460689,54.9878,79853981,2787344035547935
14463319,54.9978,79853981,2787554051517965
14465949,55.0078,79853981,2787764067487995
14468579,55.0178,79853981,2787974083458025
14471209,55.0278,79853981,2788184099428055
14473839,55.0378,79853981,2788394115398085
14476469,55.0478,79853981,2788604131368115
14479099,55.0578,79853981,2788814147338145
14481729,55.0678,79853981,2789024163308175
14484359,55.0778,79853981,2789234179278205
14486989,55.0878,79853981,2789444195248235
14489619,55.0978,79853981,2789654211218265
14492249,55.1078,79853981,2789864227188295
14494879,55.1178,79853981,2790074243158325
14497509,55.1278,79853981,2790284259128355
14500139,55.1378,79853981,2790494275098385
14502769,55.1478,79853981,2790704291068415
14505399,55.1578,79853981,2790914307038445
14508029,55.1678,79853981,2791124323008475
14510659,55.1778,79853981,2791334338978505
14513289,55.1878,79853981,2791544354948535
14515919,55.1978,79853981,2791754370918565
14518549,55.2078,79853981,2791964386888595
14521179,55.2178,79853981,2792174402858625
14523809,55.2278,79853981,2792384418828655
14526439,55.2378,79853981,2792594434798685
14529069,55.2478,79853981,2792804450768715
14531699,55.2578,79853981,2793014466738745
14534329,55.2678,79853981,2793224482708775
14536959,55.2778,79853981,2793434498678805
14539589,55.2878,79853981,2793644514648835
14542219,55.2978,79853981,2793854530618865
14544849,55.3078,79853981,2794064546588895
14547479,55.3178,79853981,2794274562558925
14550109,55.3278,79853981,2794484578528955
14552739,55.3378,79853981,2794694594498985
14555369,55.3478,79853981,2794904610469015
14557999,55.3578,79853981,2795114626439045
14560629,55.3678,79853981,2795324642409075
14563259,55.3778,79853981,2795534658379105
14565889,55.3878,79853981,2795744674349135
14568519,55.3978,79853981,2795954690319165
14571149,55.4078,79853981,2796164706289195
14573779,55.4178,79853981,2796374722259225
14576409,55.4278,79853981,2796584738229255
14579039,55.4378,79853981,2796794754199285
14581669,55.4478,79853981,2797004770169315
14584299,55.4578,79853981,2797214786139345
14586929,55.4678,79853981,2797424802109375
14589559,55.4778,79853981,2797634818079405
14592189,55.4878,79853981,2797844834049435
14594819,55.4978,79853981,2798054850019465
14597449,55.5078,79853981,2798264865989495
14600079,55.5178,79853981,2798474881959525
14602709,55.5278,79853981,2798684897929555
14605339,55.5378,79853981,2798894913899585
14607969,55.5478,79853981,2799104929869615
14610599,55.5578,79853981,2799314945839645
14613229,55.5678,79853981,2799524961809675
14615859,55.5778,79853981,2799734977779705
14618489,55.5878,79853981,2799944993749735
14621119,55.5978,79853981,2800155009719765
14623749,55.6078,79853981,2800365025689795
14626379,55.6178,79853981,2800575041659825
14629009,55.6278,79853981,2800785057629855
14631639,55.6378,79853981,2800995073599885
14634269,55.6478,79853981,2801205089569915
14636899,55.6578,79853981,2801415105539945
14639529,55.6678,79853981,2801625121509975
14642159,55.6778,79853981,2801835137480005
14644789,55.6878,79853981,2802045153450035
14647419,55.6978,79853981,2802255169420065
14650049,55.7078,79853981,2802465185390095
14652679,55.7178,79853981,2802675201360125
14655309,55.7278,79853981,2802885217330155
14657939,55.7378,79853981,2803095233300185
14660569,55.7478,79853981,2803305249270215
14663199,55.7578,79853981,2803515265240245
14665829,55.7678,79853981,2803725281210275
14668459,55.7779,79853981,2803935297180305
14671089,55.7879,79853981,2804145313150335
14673719,55.7979,79853981,2804355329120365
14676349,55.8079,79853981,2804565345090395
14678979,55.8179,79853981,2804775361060425
14681609,55.8279,79853981,2804985377030455
14684239,55.8379,79853981,2805195393000485
14686869,55.8479,79853981,2805405408970515
14689499,55.8579,79853981,2805615424940545
14692129,55.8679,79853981,2805825440910575
14694759,55.8779,79853981,2806035456880605
14697389,55.8879,79853981,2806245472850635
14700019,55.8979,79853981,2806455488820665
14702649,55.9079,79853981,2806665504790695
14705279,55.9179,79853981,2806875520760725
14707909,55.9279,79853981,2807085536730755
14710539,55.9379,79853981,2807295552700785
14713169,55.9479,79853981,2807505568670815
14715799,55.9579,79853981,2807715584640845
14718429,55.9679,79853981,2807925600610875
14721059,55.9779,79853981,2808135616580905
14723689,55.9879,79853981,2808345632550935
14726319,55.9979,79853981,2808555648520965
14728949,56.0079,79853981,2808765664490995
14731579,56.0179,79853981,2808975680461025
14734209,56.0279,79853981,2809185696431055
14736839,56.0379,79853981,2809395712401085
14739469,56.0479,79853981,2809605728371115
14742099,56.0579,79853981,2809815744341145
14744729,56.0679,79853981,2810025760311175
14747359,56.0779,79853981,2810235776281205
14749989,56.0879,79853981,2810445792251235
14752619,56.0979,79853981,2810655808221265
14755249,56.1079,79853981,2810865824191295
14757879,56.1179,79853981,2811075840161325
14760509,56.1279,79853981,2811285856131355
14763139,56.1379,79853981,2811495872101385
14765769,56.1479,79853981,2811705888071415
14768399,56.1579,79853981,2811915904041445
14771029,56.1679,79853981,2812125920011475
14773659,56.1779,79853981,2812335935981505
14776289,56.1879,79853981,2812545951951535
14778919,56.1979,79853981,2812755967921565
14781549,56.2079,79853981,2812965983891595
14784179,56.2179,79853981,2813175999861625
14786809,56.2279,79853981,2813386015831655
14789439,56.2379,79853981,2813596031801685
14792069,56.2479,79853981,2813806047771715
14794699,56.2579,79853981,2814016063741745
14797329,56.2679,79853981,2814226079711775
14799959,56.2779,79853981,2814436095681805
14802589,56.2879,79853981,2814646111651835
14805219,56.2979,79853981,2814856127621865
14807849,56.3079,79853981,2815066143591895
14810479,56.3179,79853981,2815276159561925
14813109,56.3279,79853981,2815486175531955
14815739,56.3379,79853981,2815696191501985
14818369,56.3479,79853981,2815906207472015
14820999,56.3579,79853981,2816116223442045
14823629,56.3679,79853981,2816326239412075
14826259,56.3779,79853981,2816536255382105
14828889,56.3879,79853981,2816746271352135
14831519,56.3979,79853981,2816956287322165
14834149,56.4079,79853981,2817166303292195
14836779,56.4179,79853981,2817376319262225
14839409,56.4279,79853981,2817586335232255
14842039,56.4379,79853981,2817796351202285
14844669,56.4479,79853981,2818006367172315
14847299,56.4579,79853981,2818216383142345
14849929,56.4679,79853981,2818426399112375
14852559,56.4779,79853981,2818636415082405
14855189,56.4879,79853981,2818846431052435
14857819,56.4979,79853981,2819056447022465
14860449,56.5079,79853981,2819266462992495
14863079,56.5179,79853981,2819476478962525
14865709,56.5279,79853981,2819686494932555
14868339,56.5379,79853981,2819896510902585
14870969,56.5479,79853981,2820106526872615
14873599,56.5579,79853981,2820316542842645
14876229,56.5679,79853981,2820526558812675
14878859,56.5779,79853981,2820736574782705
14881489,56.5879,79853981,2820946590752735
14884119,56.5979,79853981,2821156606722765
14886749,56.6079,79853981,2821366622692795
14889379,56.6179,79853981,2821576638662825
14892009,56.6279,79853981,2821786654632855
14894639,56.6379,79853981,2821996670602885
14897269,56.6479,79853981,2822206686572915
14899899,56.6579,79853981,2822416702542945
14902529,56.6679,79853981,2822626718512975
14905159,56.6779,79853981,2822836734483005
14907789,56.6879,79853981,2823046750453035
14910419,56.6979,79853981,2823256766423065
14913049,56.7079,79853981,2823466782393095
14915679,56.7179,79853981,2823676798363125
14918309,56.7279,79853981,2823886814333155
14920939,56.7379,79853981,2824096830303185
14923569,56.7479,79853981,2824306846273215
14926199,56.7579,79853981,2824516862243245
14928829,56.7679,79853981,2824726878213275
14931459,56.7779,79853981,2824936894183305
14934089,56.7879,79853981,2825146910153335
14936719,56.7979,79853981,2825356926123365
14939349,56.8079,79853981,2825566942093395
14941979,56.8179,79853981,2825776958063425
14944609,56.8279,79853981,2825986974033455
14947239,56.8379,79853981,2826196990003485
14949869,56.8479,79853981,2826407005973515
14952499,56.8579,79853981,2826617021943545
14955129,56.8679,79853981,2826827037913575
14957759,56.8779,79853981,2827037053883605
14960389,56.8879,79853981,2827247069853635
14963019,56.8979,79853981,2827457085823665
14965649,56.9079,79853981,2827667101793695
14968279,56.9179,79853981,2827877117763725
14970909,56.9279,79853981,2828087133733755
14973539,56.9379,79853981,2828297149703785
14976169,56.9479,79853981,2828507165673815
14978799,56.9579,79853981,2828717181643845
14981429,56.9679,79853981,2828927197613875
14984059,56.9779,79853981,2829137213583905
14986689,56.9879,79853981,2829347229553935
14989319,56.9979,79853981,2829557245523965
14991949,57.0079,79853981,2829767261493995
14994579,57.0179,79853981,2829977277464025
14997209,57.0279,79853981,2830187293434055
14999839,57.0379,79853981,2830397309404085
15002469,57.0479,79853981,2830607325374115
15005099,57.0579,79853981,2830817341344145
15007729,57.0679,79853981,2831027357314175
15010359,57.0779,79853981,2831237373284205
15012989,57.0879,79853981,2831447389254235
15015619,57.0980,79853981,2831657405224265
15018249,57.1080,79853981,2831867421194295
15020879,57.1180,79853981,2832077437164325
15023509,57.1280,79853981,2832287453134355
15026139,57.1380,79853981,2832497469104385
15028769,57.1480,79853981,2832707485074415
15031399,57.1580,79853981,2832917501044445
15034029,57.1680,79853981,2833127517014475
15036659,57.1780,79853981,2833337532984505
15039289,57.1880,79853981,2833547548954535
15041919,57.1980,79853981,2833757564924565
15044549,57.2080,79853981,2833967580894595
15047179,57.2180,79853981,2834177596864625
15049809,57.2280,79853981,2834387612834655
15052439,57.2380,79853981,2834597628804685
15055069,57.2480,79853981,2834807644774715
15057699,57.2580,79853981,2835017660744745
15060329,57.2680,79853981,2835227676714775
15062959,57.2780,79853981,2835437692684805
15065589,57.2880,79853981,2835647708654835
15068219,57.2980,79853981,2835857724624865
15070849,57.3080,79853981,2836067740594895
15073479,57.3180,79853981,2836277756564925
15076109,57.3280,79853981,2836487772534955
15078739,57.3380,79853981,2836697788504985
15081369,57.3480,79853981,2836907804475015
15083999,57.3580,79853981,2837117820445045
15086629,57.3680,79853981,2837327836415075
15089259,57.3780,79853981,2837537852385105
15091889,57.3880,79853981,2837747868355135
15094519,57.3980,79853981,2837957884325165
15097149,57.4080,79853981,2838167900295195
15099779,57.4180,79853981,2838377916265225
15102409,57.4280,79853981,2838587932235255
15105039,57.4380,79853981,2838797948205285
15107669,57.4480,79853981,2839007964175315
15110299,57.4580,79853981,2839217980145345
15112929,57.4680,79853981,2839427996115375
15115559,57.4780,79853981,2839638012085405
15118189,57.4880,79853981,2839848028055435
15120819,57.4980,79853981,2840058044025465
15123449,57.5080,79853981,2840268059995495
15126079,57.5180,79853981,2840478075965525
15128709,57.5280,79853981,2840688091935555
15131339,57.5380,79853981,2840898107905585
15133969,57.5480,79853981,2841108123875615
15136599,57.5580,79853981,2841318139845645
15139229,57.5680,79853981,2841528155815675
15141859,57.5780,79853981,2841738171785705
15144489,57.5880,79853981,2841948187755735
15147119,57.5980,79853981,2842158203725765
15149749,57.6080,79853981,2842368219695795
15152379,57.6180,79853981,2842578235665825
15155009,57.6280,79853981,2842788251635855
15157639,57.6380,79853981,2842998267605885
15160269,57.6480,79853981,2843208283575915
15162899,57.6580,79853981,2843418299545945
15165529,57.6680,79853981,2843628315515975
15168159,57.6780,79853981,2843838331486005
15170789,57.6880,79853981,2844048347456035
15173419,57.6980,79853981,2844258363426065
15176049,57.7080,79853981,2844468379396095
15178679,57.7180,79853981,2844678395366125
15181309,57.7280,79853981,2844888411336155
15183939,57.7380,79853981,2845098427306185
15186569,57.7480,79853981,2845308443276215
15189199,57.7580,79853981,2845518459246245
15191829,57.7680,79853981,2845728475216275
15194459,57.7780,79853981,2845938491186305
15197089,57.7880,79853981,2846148507156335
15199719,57.7980,79853981,2846358523126365
15202349,57.8080,79853981,2846568539096395
15204979,57.8180,79853981,2846778555066425
15207609,57.8280,79853981,2846988571036455
15210239,57.8380,79853981,2847198587006485
15212869,57.8480,79853981,2847408602976515
15215499,57.8580,79853981,2847618618946545
15218129,57.8680,79853981,2847828634916575
15220759,57.8780,79853981,2848038650886605
15223389,57.8880,79853981,2848248666856635
15226019,57.8980,79853981,2848458682826665
15228649,57.9080,79853981,2848668698796695
15231279,57.9180,79853981,2848878714766725
15233909,57.9280,79853981,2849088730736755
15236539,57.9380,79853981,2849298746706785
15239169,57.9480,79853981,2849508762676815
15241799,57.9580,79853981,2849718778646845
15244429,57.9680,79853981,2849928794616875
15247059,57.9780,79853981,2850138810586905
15249689,57.9880,79853981,2850348826556935
15252319,57.9980,79853981,2850558842526965
15254949,58.0080,79853981,2850768858496995
15257579,58.0180,79853981,2850978874467025
15260209,58.0280,79853981,2851188890437055
15262839,58.0380,79853981,2851398906407085
15265469,58.0480,79853981,2851608922377115
15268099,58.0580,79853981,2851818938347145
15270729,58.0680,79853981,2852028954317175
15273359,58.0780,79853981,2852238970287205
15275989,58.0880,79853981,2852448986257235
15278619,58.0980,79853981,2852659002227265
15281249,58.1080,79853981,2852869018197295
15283879,58.1180,79853981,2853079034167325
15286509,58.1280,79853981,2853289050137355
15289139,58.1380,79853981,2853499066107385
15291769,58.1480,79853981,2853709082077415
15294399,58.1580,79853981,2853919098047445
15297029,58.1680,79853981,2854129114017475
15299659,58.1780,79853981,2854339129987505
15302289,58.1880,79853981,2854549145957535
15304919,58.1980,79853981,2854759161927565
15307549,58.2080,79853981,2854969177897595
15310179,58.2180,79853981,2855179193867625
15312809,58.2280,79853981,2855389209837655
15315439,58.2380,79853981,2855599225807685
15318069,58.2480,79853981,2855809241777715
15320699,58.2580,79853981,2856019257747745
15323329,58.2680,79853981,2856229273717775
15325959,58.2780,79853981,2856439289687805
15328589,58.2880,79853981,2856649305657835
15331219,58.2980,79853981,2856859321627865
15333849,58.3080,79853981,2857069337597895
15336479,58.3180,79853981,2857279353567925
15339109,58.3280,79853981,2857489369537955
15341739,58.3380,79853981,2857699385507985
15344369,58.3480,79853981,2857909401478015
15346999,58.3580,79853981,2858119417448045
15349629,58.3680,79853981,2858329433418075
15352259,58.3780,79853981,2858539449388105
15354889,58.3880,79853981,2858749465358135
15357519,58.3980,79853981,2858959481328165
15360149,58.4081,79853981,2859169497298195
15362779,58.4181,79853981,2859379513268225
15365409,58.4281,79853981,2859589529238255
15368039,58.4381,79853981,2859799545208285
15370669,58.4481,79853981,2860009561178315
15373299,58.4581,79853981,2860219577148345
15375929,58.4681,79853981,2860429593118375
15378559,58.4781,79853981,2860639609088405
15381189,58.4881,79853981,2860849625058435
15383819,58.4981,79853981,2861059641028465
15386449,58.5081,79853981,2861269656998495
15389079,58.5181,79853981,2861479672968525
15391709,58.5281,79853981,2861689688938555
15394339,58.5381,79853981,2861899704908585
15396969,58.5481,79853981,2862109720878615
15399599,58.5581,79853981,2862319736848645
15402229,58.5681,79853981,2862529752818675
15404859,58.5781,79853981,2862739768788705
15407489,58.5881,79853981,2862949784758735
15410119,58.5981,79853981,2863159800728765
15412749,58.6081,79853981,2863369816698795
15415379,58.6181,79853981,2863579832668825
15418009,58.6281,79853981,2863789848638855
15420639,58.6381,79853981,2863999864608885
15423269,58.6481,79853981,2864209880578915
15425899,58.6581,79853981,2864419896548945
15428529,58.6681,79853981,2864629912518975
15431159,58.6781,79853981,2864839928489005
15433789,58.6881,79853981,2865049944459035
15436419,58.6981,79853981,2865259960429065
15439049,58.7081,79853981,2865469976399095
15441679,58.7181,79853981,2865679992369125
15444309,58.7281,79853981,2865890008339155
15446939,58.7381,79853981,2866100024309185
15449569,58.7481,79853981,2866310040279215
15452199,58.7581,79853981,2866520056249245
15454829,58.7681,79853981,2866730072219275
15457459,58.7781,79853981,2866940088189305
15460089,58.7881,79853981,2867150104159335
15462719,58.7981,79853981,2867360120129365
15465349,58.8081,79853981,2867570136099395
15467979,58.8181,79853981,2867780152069425
15470609,58.8281,79853981,2867990168039455
15473239,58.8381,79853981,2868200184009485
15475869,58.8481,79853981,2868410199979515
15478499,58.8581,79853981,2868620215949545
15481129,58.8681,79853981,2868830231919575
15483759,58.8781,79853981,2869040247889605
15486389,58.8881,79853981,2869250263859635
15489019,58.8981,79853981,2869460279829665
15491649,58.9081,79853981,2869670295799695
15494279,58.9181,79853981,2869880311769725
15496909,58.9281,79853981,2870090327739755
15499539,58.9381,79853981,2870300343709785
15502169,58.9481,79853981,2870510359679815
15504799,58.9581,79853981,2870720375649845
15507429,58.9681,79853981,2870930391619875
15510059,58.9781,79853981,2871140407589905
15512689,58.9881,79853981,2871350423559935
15515319,58.9981,79853981,2871560439529965
15517949,59.0081,79853981,2871770455499995
15520579,59.0181,79853981,2871980471470025
15523209,59.0281,79853981,2872190487440055
15525839,59.0381,79853981,2872400503410085
15528469,59.0481,79853981,2872610519380115
15531099,59.0581,79853981,2872820535350145
15533729,59.0681,79853981,2873030551320175
15536359,59.0781,79853981,2873240567290205
15538989,59.0881,79853981,2873450583260235
15541619,59.0981,79853981,2873660599230265
15544249,59.1081,79853981,2873870615200295
15546879,59.1181,79853981,2874080631170325
15549509,59.1281,79853981,2874290647140355
15552139,59.1381,79853981,2874500663110385
15554769,59.1481,79853981,2874710679080415
15557399,59.1581,79853981,2874920695050445
15560029,59.1681,79853981,2875130711020475
15562659,59.1781,79853981,2875340726990505
15565289,59.1881,79853981,2875550742960535
15567919,59.1981,79853981,2875760758930565
15570549,59.2081,79853981,2875970774900595
15573179,59.2181,79853981,2876180790870625
15575809,59.2281,79853981,2876390806840655
15578439,59.2381,79853981,2876600822810685
15581069,59.2481,79853981,2876810838780715
15583699,59.2581,79853981,2877020854750745
15586329,59.2681,79853981,2877230870720775
15588959,59.2781,79853981,2877440886690805
15591589,59.2881,79853981,2877650902660835
15594219,59.2981,79853981,2877860918630865
15596849,59.3081,79853981,2878070934600895
15599479,59.3181,79853981,2878280950570925
15602109,59.3281,79853981,2878490966540955
15604739,59.3381,79853981,2878700982510985
15607369,59.3481,79853981,2878910998481015
15609999,59.3581,79853981,2879121014451045
15612629,59.3681,79853981,2879331030421075
15615259,59.3781,79853981,2879541046391105
15617889,59.3881,79853981,2879751062361135
15620519,59.3981,79853981,2879961078331165
15623149,59.4081,79853981,2880171094301195
15625779,59.4181,79853981,2880381110271225
15628409,59.4281,79853981,2880591126241255
15631039,59.4381,79853981,2880801142211285
15633669,59.4481,79853981,2881011158181315
15636299,59.4581,79853981,2881221174151345
15638929,59.4681,79853981,2881431190121375
15641559,59.4781,79853981,2881641206091405
15644189,59.4881,79853981,2881851222061435
15646819,59.4981,79853981,2882061238031465
15649449,59.5081,79853981,2882271254001495
15652079,59.5181,79853981,2882481269971525
15654709,59.5281,79853981,2882691285941555
15657339,59.5381,79853981,2882901301911585
15659969,59.5481,79853981,2883111317881615
15662599,59.5581,79853981,2883321333851645
15665229,59.5681,79853981,2883531349821675
15667859,59.5781,79853981,2883741365791705
15670489,59.5881,79853981,2883951381761735
15673119,59.5981,79853981,2884161397731765
15675749,59.6081,79853981,2884371413701795
15678379,59.6181,79853981,2884581429671825
15681009,59.6281,79853981,2884791445641855
15683639,59.6381,79853981,2885001461611885
15686269,59.6481,79853981,2885211477581915
15688899,59.6581,79853981,2885421493551945
15691529,59.6681,79853981,2885631509521975
15694159,59.6781,79853981,2885841525492005
15696789,59.6881,79853981,2886051541462035
15699419,59.6981,79853981,2886261557432065
15702049,59.7081,79853981,2886471573402095
15704679,59.7181,79853981,2886681589372125
15707309,59.7282,79853981,2886891605342155
15709939,59.7382,79853981,2887101621312185
15712569,59.7482,79853981,2887311637282215
15715199,59.7582,79853981,2887521653252245
15717829,59.7682,79853981,2887731669222275
15720459,59.7782,79853981,2887941685192305
15723089,59.7882,79853981,2888151701162335
15725719,59.7982,79853981,2888361717132365
15728349,59.8082,79853981,2888571733102395
15730979,59.8182,79853981,2888781749072425
15733609,59.8282,79853981,2888991765042455
15736239,59.8382,79853981,2889201781012485
15738869,59.8482,79853981,2889411796982515
15741499,59.8582,79853981,2889621812952545
15744129,59.8682,79853981,2889831828922575
15746759,59.8782,79853981,2890041844892605
15749389,59.8882,79853981,2890251860862635
15752019,59.8982,79853981,2890461876832665
15754649,59.9082,79853981,2890671892802695
15757279,59.9182,79853981,2890881908772725
15759909,59.9282,79853981,2891091924742755
15762539,59.9382,79853981,2891301940712785
15765169,59.9482,79853981,2891511956682815
15767799,59.9582,79853981,2891721972652845
15770429,59.9682,79853981,2891931988622875
15773059,59.9782,79853981,2892142004592905
15775689,59.9882,79853981,2892352020562935
15778319,59.9982,79853981,2892562036532965
15780949,60.0082,79853981,2892772052502995
15783579,60.0182,79853981,2892982068473025
15786209,60.0282,79853981,2893192084443055
15788839,60.0382,79853981,2893402100413085
15791469,60.0482,79853981,2893612116383115
15794099,60.0582,79853981,2893822132353145
15796729,60.0682,79853981,2894032148323175
15799359,60.0782,79853981,2894242164293205
15801989,60.0882,79853981,2894452180263235
15804619,60.0982,79853981,2894662196233265
15807249,60.1082,79853981,2894872212203295
15809879,60.1182,79853981,2895082228173325
15812509,60.1282,79853981,2895292244143355
15815139,60.1382,79853981,2895502260113385
15817769,60.1482,79853981,2895712276083415
15820399,60.1582,79853981,2895922292053445
15823029,60.1682,79853981,2896132308023475
15825659,60.1782,79853981,2896342323993505
15828289,60.1882,79853981,2896552339963535
15830919,60.1982,79853981,2896762355933565
15833549,60.2082,79853981,2896972371903595
15836179,60.2182,79853981,2897182387873625
15838809,60.2282,79853981,2897392403843655
15841439,60.2382,79853981,2897602419813685
15844069,60.2482,79853981,2897812435783715
15846699,60.2582,79853981,2898022451753745
15849329,60.2682,79853981,2898232467723775
15851959,60.2782,79853981,2898442483693805
15854589,60.2882,79853981,2898652499663835
15857219,60.2982,79853981,2898862515633865
15859849,60.3082,79853981,2899072531603895
15862479,60.3182,79853981,2899282547573925
15865109,60.3282,79853981,2899492563543955
15867739,60.3382,79853981,2899702579513985
15870369,60.3482,79853981,2899912595484015
15872999,60.3582,79853981,2900122611454045
15875629,60.3682,79853981,2900332627424075
15878259,60.3782,79853981,2900542643394105
15880889,60.3882,79853981,2900752659364135
15883519,60.3982,79853981,2900962675334165
15886149,60.4082,79853981,2901172691304195
15888779,60.4182,79853981,2901382707274225
15891409,60.4282,79853981,2901592723244255
15894039,60.4382,79853981,2901802739214285
15896669,60.4482,79853981,2902012755184315
15899299,60.4582,79853981,2902222771154345
15901929,60.4682,79853981,2902432787124375
15904559,60.4782,79853981,2902642803094405
15907189,60.4882,79853981,2902852819064435
15909819,60.4982,79853981,2903062835034465
15912449,60.5082,79853981,2903272851004495
15915079,60.5182,79853981,2903482866974525
15917709,60.5282,79853981,2903692882944555
15920339,60.5382,79853981,2903902898914585
15922969,60.5482,79853981,2904112914884615
15925599,60.5582,79853981,2904322930854645
15928229,60.5682,79853981,2904532946824675
15930859,60.5782,79853981,2904742962794705
15933489,60.5882,79853981,2904952978764735
15936119,60.5982,79853981,2905162994734765
15938749,60.6082,79853981,2905373010704795
15941379,60.6182,79853981,2905583026674825
15944009,60.6282,79853981,2905793042644855
15946639,60.6382,79853981,2906003058614885
15949269,60.6482,79853981,2906213074584915
15951899,60.6582,79853981,2906423090554945
15954529,60.6682,79853981,2906633106524975
15957159,60.6782,79853981,2906843122495005
15959789,60.6882,79853981,2907053138465035
15962419,60.6982,79853981,2907263154435065
15965049,60.7082,79853981,2907473170405095
15967679,60.7182,79853981,2907683186375125
15970309,60.7282,79853981,2907893202345155
15972939,60.7382,79853981,2908103218315185
15975569,60.7482,79853981,2908313234285215
15978199,60.7582,79853981,2908523250255245
15980829,60.7682,79853981,2908733266225275
15983459,60.7782,79853981,2908943282195305
15986089,60.7882,79853981,2909153298165335
15988719,60.7982,79853981,2909363314135365
15991349,60.8082,79853981,2909573330105395
15993979,60.8182,79853981,2909783346075425
15996609,60.8282,79853981,2909993362045455
15999239,60.8382,79853981,2910203378015485
16001869,60.8482,79853981,2910413393985515
16004499,60.8582,79853981,2910623409955545
16007129,60.8682,79853981,2910833425925575
16009759,60.8782,79853981,2911043441895605
16012389,60.8882,79853981,2911253457865635
16015019,60.8982,79853981,2911463473835665
16017649,60.9082,79853981,2911673489805695
16020279,60.9182,79853981,2911883505775725
16022909,60.9282,79853981,2912093521745755
16025539,60.9382,79853981,2912303537715785
16028169,60.9482,79853981,2912513553685815
16030799,60.9582,79853981,2912723569655845
16033429,60.9682,79853981,2912933585625875
16036059,60.9782,79853981,2913143601595905
16038689,60.9882,79853981,2913353617565935
16041319,60.9982,79853981,2913563633535965
16043949,61.0082,79853981,2913773649505995
16046579,61.0182,79853981,2913983665476025
16049209,61.0282,79853981,2914193681446055
16051839,61.0383,79853981,2914403697416085
16054469,61.0483,79853981,2914613713386115
16057099,61.0583,79853981,2914823729356145
16059729,61.0683,79853981,2915033745326175
16062359,61.0783,79853981,2915243761296205
16064989,61.0883,79853981,2915453777266235
16067619,61.0983,79853981,2915663793236265
16070249,61.1083,79853981,2915873809206295
16072879,61.1183,79853981,2916083825176325
16075509,61.1283,79853981,2916293841146355
16078139,61.1383,79853981,2916503857116385
16080769,61.1483,79853981,2916713873086415
16083399,61.1583,79853981,2916923889056445
16086029,61.1683,79853981,2917133905026475
16088659,61.1783,79853981,2917343920996505
16091289,61.1883,79853981,2917553936966535
16093919,61.1983,79853981,2917763952936565
16096549,61.2083,79853981,2917973968906595
16099179,61.2183,79853981,2918183984876625
16101809,61.2283,79853981,2918394000846655
16104439,61.2383,79853981,2918604016816685
16107069,61.2483,79853981,2918814032786715
16109699,61.2583,79853981,2919024048756745
16112329,61.2683,79853981,2919234064726775
16114959,61.2783,79853981,2919444080696805
16117589,61.2883,79853981,2919654096666835
16120219,61.2983,79853981,2919864112636865
16122849,61.3083,79853981,2920074128606895
16125479,61.3183,79853981,2920284144576925
16128109,61.3283,79853981,2920494160546955
16130739,61.3383,79853981,2920704176516985
16133369,61.3483,79853981,2920914192487015
16135999,61.3583,79853981,2921124208457045
16138629,61.3683,79853981,2921334224427075
16141259,61.3783,79853981,2921544240397105
16143889,61.3883,79853981,2921754256367135
16146519,61.3983,79853981,2921964272337165
16149149,61.4083,79853981,2922174288307195
16151779,61.4183,79853981,2922384304277225
16154409,61.4283,79853981,2922594320247255
16157039,61.4383,79853981,2922804336217285
16159669,61.4483,79853981,2923014352187315
16162299,61.4583,79853981,2923224368157345
16164929,61.4683,79853981,2923434384127375
16167559,61.4783,79853981,2923644400097405
16170189,61.4883,79853981,2923854416067435
16172819,61.4983,79853981,2924064432037465
16175449,61.5083,79853981,2924274448007495
16178079,61.5183,79853981,2924484463977525
16180709,61.5283,79853981,2924694479947555
16183339,61.5383,79853981,2924904495917585
16185969,61.5483,79853981,2925114511887615
16188599,61.5583,79853981,2925324527857645
16191229,61.5683,79853981,2925534543827675
16193859,61.5783,79853981,2925744559797705
16196489,61.5883,79853981,2925954575767735
16199119,61.5983,79853981,2926164591737765
16201749,61.6083,79853981,2926374607707795
16204379,61.6183,79853981,2926584623677825
16207009,61.6283,79853981,2926794639647855
16209639,61.6383,79853981,2927004655617885
16212269,61.6483,79853981,2927214671587915
16214899,61.6583,79853981,2927424687557945
16217529,61.6683,79853981,2927634703527975
16220159,61.6783,79853981,2927844719498005
16222789,61.6883,79853981,2928054735468035
16225419,61.6983,79853981,2928264751438065
16228049,61.7083,79853981,2928474767408095
16230679,61.7183,79853981,2928684783378125
16233309,61.7283,79853981,2928894799348155
16235939,61.7383,79853981,2929104815318185
16238569,61.7483,79853981,2929314831288215
16241199,61.7583,79853981,2929524847258245
16243829,61.7683,79853981,2929734863228275
16246459,61.7783,79853981,2929944879198305
16249089,61.7883,79853981,2930154895168335
16251719,61.7983,79853981,2930364911138365
16254349,61.8083,79853981,2930574927108395
16256979,61.8183,79853981,2930784943078425
16259609,61.8283,79853981,2930994959048455
16262239,61.8383,79853981,2931204975018485
16264869,61.8483,79853981,2931414990988515
16267499,61.8583,79853981,2931625006958545
16270129,61.8683,79853981,2931835022928575
16272759,61.8783,79853981,2932045038898605
16275389,61.8883,79853981,2932255054868635
16278019,61.8983,79853981,2932465070838665
16280649,61.9083,79853981,2932675086808695
16283279,61.9183,79853981,2932885102778725
16285909,61.9283,79853981,2933095118748755
16288539,61.9383,79853981,2933305134718785
16291169,61.9483,79853981,2933515150688815
16293799,61.9583,79853981,2933725166658845
16296429,61.9683,79853981,2933935182628875
16299059,61.9783,79853981,2934145198598905
16301689,61.9883,79853981,2934355214568935
16304319,61.9983,79853981,2934565230538965
16306949,62.0083,79853981,2934775246508995
16309579,62.0183,79853981,2934985262479025
16312209,62.0283,79853981,2935195278449055
16314839,62.0383,79853981,2935405294419085
16317469,62.0483,79853981,2935615310389115
16320099,62.0583,79853981,2935825326359145
16322729,62.0683,79853981,2936035342329175
16325359,62.0783,79853981,2936245358299205
16327989,62.0883,79853981,2936455374269235
16330619,62.0983,79853981,2936665390239265
16333249,62.1083,79853981,2936875406209295
16335879,62.1183,79853981,2937085422179325
16338509,62.1283,79853981,2937295438149355
16341139,62.1383,79853981,2937505454119385
16343769,62.1483,79853981,2937715470089415
16346399,62.1583,79853981,2937925486059445
16349029,62.1683,79853981,2938135502029475
16351659,62.1783,79853981,2938345517999505
16354289,62.1883,79853981,2938555533969535
16356919,62.1983,79853981,2938765549939565
16359549,62.2083,79853981,2938975565909595
16362179,62.2183,79853981,2939185581879625
16364809,62.2283,79853981,2939395597849655
16367439,62.2383,79853981,2939605613819685
16370069,62.2483,79853981,2939815629789715
16372699,62.2583,79853981,2940025645759745
16375329,62.2683,79853981,2940235661729775
16377959,62.2783,79853981,2940445677699805
16380589,62.2883,79853981,2940655693669835
16383219,62.2983,79853981,2940865709639865
16385849,62.3083,79853981,2941075725609895
16388479,62.3183,79853981,2941285741579925
16391109,62.3283,79853981,2941495757549955
16393739,62.3383,79853981,2941705773519985
16396369,62.3483,79853981,2941915789490015
16398999,62.3584,79853981,2942125805460045
16401629,62.3684,79853981,2942335821430075
16404259,62.3784,79853981,2942545837400105
16406889,62.3884,79853981,2942755853370135
16409519,62.3984,79853981,2942965869340165
16412149,62.4084,79853981,2943175885310195
16414779,62.4184,79853981,2943385901280225
16417409,62.4284,79853981,2943595917250255
16420039,62.4384,79853981,2943805933220285
16422669,62.4484,79853981,2944015949190315
16425299,62.4584,79853981,2944225965160345
16427929,62.4684,79853981,2944435981130375
16430559,62.4784,79853981,2944645997100405
16433189,62.4884,79853981,2944856013070435
16435819,62.4984,79853981,2945066029040465
16438449,62.5084,79853981,2945276045010495
16441079,62.5184,79853981,2945486060980525
16443709,62.5284,79853981,2945696076950555
16446339,62.5384,79853981,2945906092920585
16448969,62.5484,79853981,2946116108890615
16451599,62.5584,79853981,2946326124860645
16454229,62.5684,79853981,2946536140830675
16456859,62.5784,79853981,2946746156800705
16459489,62.5884,79853981,2946956172770735
16462119,62.5984,79853981,2947166188740765
16464749,62.6084,79853981,2947376204710795
16467379,62.6184,79853981,2947586220680825
16470009,62.6284,79853981,2947796236650855
16472639,62.6384,79853981,2948006252620885
16475269,62.6484,79853981,2948216268590915
16477899,62.6584,79853981,2948426284560945
16480529,62.6684,79853981,2948636300530975
16483159,62.6784,79853981,2948846316501005
16485789,62.6884,79853981,2949056332471035
16488419,62.6984,79853981,2949266348441065
16491049,62.7084,79853981,2949476364411095
16493679,62.7184,79853981,2949686380381125
16496309,62.7284,79853981,2949896396351155
16498939,62.7384,79853981,2950106412321185
16501569,62.7484,79853981,2950316428291215
16504199,62.7584,79853981,2950526444261245
16506829,62.7684,79853981,2950736460231275
16509459,62.7784,79853981,2950946476201305
16512089,62.7884,79853981,2951156492171335
16514719,62.7984,79853981,2951366508141365
16517349,62.8084,79853981,2951576524111395
16519979,62.8184,79853981,2951786540081425
16522609,62.8284,79853981,2951996556051455
16525239,62.8384,79853981,2952206572021485
16527869,62.8484,79853981,2952416587991515
16530499,62.8584,79853981,2952626603961545
16533129,62.8684,79853981,2952836619931575
16535759,62.8784,79853981,2953046635901605
16538389,62.8884,79853981,2953256651871635
16541019,62.8984,79853981,2953466667841665
16543649,62.9084,79853981,2953676683811695
16546279,62.9184,79853981,2953886699781725
16548909,62.9284,79853981,2954096715751755
16551539,62.9384,79853981,2954306731721785
16554169,62.9484,79853981,2954516747691815
16556799,62.9584,79853981,2954726763661845
16559429,62.9684,79853981,2954936779631875
16562059,62.9784,79853981,2955146795601905
16564689,62.9884,79853981,2955356811571935
16567319,62.9984,79853981,2955566827541965
16569949,63.0084,79853981,2955776843511995
16572579,63.0184,79853981,2955986859482025
16575209,63.0284,79853981,2956196875452055
16577839,63.0384,79853981,2956406891422085
16580469,63.0484,79853981,2956616907392115
16583099,63.0584,79853981,2956826923362145
16585729,63.0684,79853981,2957036939332175
16588359,63.0784,79853981,2957246955302205
16590989,63.0884,79853981,2957456971272235
16593619,63.0984,79853981,2957666987242265
16596249,63.1084,79853981,2957877003212295
16598879,63.1184,79853981,2958087019182325
16601509,63.1284,79853981,2958297035152355
16604139,63.1384,79853981,2958507051122385
16606769,63.1484,79853981,2958717067092415
16609399,63.1584,79853981,2958927083062445
16612029,63.1684,79853981,2959137099032475
16614659,63.1784,79853981,2959347115002505
16617289,63.1884,79853981,2959557130972535
16619919,63.1984,79853981,2959767146942565
16622549,63.2084,79853981,2959977162912595
16625179,63.2184,79853981,2960187178882625
16627809,63.2284,79853981,2960397194852655
16630439,63.2384,79853981,2960607210822685
16633069,63.2484,79853981,2960817226792715
16635699,63.2584,79853981,2961027242762745
16638329,63.2684,79853981,2961237258732775
16640959,63.2784,79853981,2961447274702805
16643589,63.2884,79853981,2961657290672835
16646219,63.2984,79853981,2961867306642865
16648849,63.3084,79853981,2962077322612895
16651479,63.3184,79853981,2962287338582925
16654109,63.3284,79853981,2962497354552955
16656739,63.3384,79853981,2962707370522985
16659369,63.3484,79853981,2962917386493015
16661999,63.3584,79853981,2963127402463045
16664629,63.3684,79853981,2963337418433075
16667259,63.3784,79853981,2963547434403105
16669889,63.3884,79853981,2963757450373135
16672519,63.3984,79853981,2963967466343165
16675149,63.4084,79853981,2964177482313195
16677779,63.4184,79853981,2964387498283225
16680409,63.4284,79853981,2964597514253255
16683039,63.4384,79853981,2964807530223285
16685669,63.4484,79853981,2965017546193315
16688299,63.4584,79853981,2965227562163345
16690929,63.4684,79853981,2965437578133375
16693559,63.4784,79853981,2965647594103405
16696189,63.4884,79853981,2965857610073435
16698819,63.4984,79853981,2966067626043465
16701449,63.5084,79853981,2966277642013495
16704079,63.5184,79853981,2966487657983525
16706709,63.5284,79853981,2966697673953555
16709339,63.5384,79853981,2966907689923585
16711969,63.5484,79853981,2967117705893615
16714599,63.5584,79853981,2967327721863645
16717229,63.5684,79853981,2967537737833675
16719859,63.5784,79853981,2967747753803705
16722489,63.5884,79853981,2967957769773735
16725119,63.5984,79853981,2968167785743765
16727749,63.6084,79853981,2968377801713795
16730379,63.6184,79853981,2968587817683825
16733009,63.6284,79853981,2968797833653855
16735639,63.6384,79853981,2969007849623885
16738269,63.6484,79853981,2969217865593915
16740899,63.6584,79853981,2969427881563945
16743529,63.6685,79853981,2969637897533975
16746159,63.6785,79853981,2969847913504005
16748789,63.6885,79853981,2970057929474035
16751419,63.6985,79853981,2970267945444065
16754049,63.7085,79853981,2970477961414095
16756679,63.7185,79853981,2970687977384125
16759309,63.7285,79853981,2970897993354155
16761939,63.7385,79853981,2971108009324185
16764569,63.7485,79853981,2971318025294215
16767199,63.7585,79853981,2971528041264245
16769829,63.7685,79853981,2971738057234275
16772459,63.7785,79853981,2971948073204305
16775089,63.7885,79853981,2972158089174335
16777719,63.7985,79853981,2972368105144365
16780349,63.8085,79853981,2972578121114395
16782979,63.8185,79853981,2972788137084425
16785609,63.8285,79853981,2972998153054455
16788239,63.8385,79853981,2973208169024485
16790869,63.8485,79853981,2973418184994515
16793499,63.8585,79853981,2973628200964545
16796129,63.8685,79853981,2973838216934575
16798759,63.8785,79853981,2974048232904605
16801389,63.8885,79853981,2974258248874635
16804019,63.8985,79853981,2974468264844665
16806649,63.9085,79853981,2974678280814695
16809279,63.9185,79853981,2974888296784725
16811909,63.9285,79853981,2975098312754755
16814539,63.9385,79853981,2975308328724785
16817169,63.9485,79853981,2975518344694815
16819799,63.9585,79853981,2975728360664845
16822429,63.9685,79853981,2975938376634875
16825059,63.9785,79853981,2976148392604905
16827689,63.9885,79853981,2976358408574935
16830319,63.9985,79853981,2976568424544965
16832949,64.0085,79853981,2976778440514995
16835579,64.0185,79853981,2976988456485025
16838209,64.0285,79853981,2977198472455055
16840839,64.0385,79853981,2977408488425085
16843469,64.0485,79853981,2977618504395115
16846099,64.0585,79853981,2977828520365145
16848729,64.0685,79853981,2978038536335175
16851359,64.0785,79853981,2978248552305205
16853989,64.0885,79853981,2978458568275235
16856619,64.0985,79853981,2978668584245265
16859249,64.1085,79853981,2978878600215295
16861879,64.1185,79853981,2979088616185325
16864509,64.1285,79853981,2979298632155355
16867139,64.1385,79853981,2979508648125385
16869769,64.1485,79853981,2979718664095415
16872399,64.1585,79853981,2979928680065445
16875029,64.1685,79853981,2980138696035475
16877659,64.1785,79853981,2980348712005505
16880289,64.1885,79853981,2980558727975535
16882919,64.1985,79853981,2980768743945565
16885549,64.2085,79853981,2980978759915595
16888179,64.2185,79853981,2981188775885625
16890809,64.2285,79853981,2981398791855655
16893439,64.2385,79853981,2981608807825685
16896069,64.2485,79853981,2981818823795715
16898699,64.2585,79853981,2982028839765745
16901329,64.2685,79853981,2982238855735775
16903959,64.2785,79853981,2982448871705805
16906589,64.2885,79853981,2982658887675835
16909219,64.2985,79853981,2982868903645865
16911849,64.3085,79853981,2983078919615895
16914479,64.3185,79853981,2983288935585925
16917109,64.3285,79853981,2983498951555955
16919739,64.3385,79853981,2983708967525985
16922369,64.3485,79853981,2983918983496015
16924999,64.3585,79853981,2984128999466045
16927629,64.3685,79853981,2984339015436075
16930259,64.3785,79853981,2984549031406105
16932889,64.3885,79853981,2984759047376135
16935519,64.3985,79853981,2984969063346165
16938149,64.4085,79853981,2985179079316195
16940779,64.4185,79853981,2985389095286225
16943409,64.4285,79853981,2985599111256255
16946039,64.4385,79853981,2985809127226285
16948669,64.4485,79853981,2986019143196315
16951299,64.4585,79853981,2986229159166345
16953929,64.4685,79853981,2986439175136375
16956559,64.4785,79853981,2986649191106405
16959189,64.4885,79853981,2986859207076435
16961819,64.4985,79853981,2987069223046465
16964449,64.5085,79853981,2987279239016495
16967079,64.5185,79853981,2987489254986525
16969709,64.5285,79853981,2987699270956555
16972339,64.5385,79853981,2987909286926585
16974969,64.5485,79853981,2988119302896615
16977599,64.5585,79853981,2988329318866645
16980229,64.5685,79853981,2988539334836675
16982859,64.5785,79853981,2988749350806705
16985489,64.5885,79853981,2988959366776735
16988119,64.5985,79853981,2989169382746765
16990749,64.6085,79853981,2989379398716795
16993379,64.6185,79853981,2989589414686825
16996009,64.6285,79853981,2989799430656855
16998639,64.6385,79853981,2990009446626885
17001269,64.6485,79853981,2990219462596915
17003899,64.6585,79853981,2990429478566945
17006529,64.6685,79853981,2990639494536975
17009159,64.6785,79853981,2990849510507005
17011789,64.6885,79853981,2991059526477035
17014419,64.6985,79853981,2991269542447065
17017049,64.7085,79853981,2991479558417095
17019679,64.7185,79853981,2991689574387125
17022309,64.7285,79853981,2991899590357155
17024939,64.7385,79853981,2992109606327185
17027569,64.7485,79853981,2992319622297215
17030199,64.7585,79853981,2992529638267245
17032829,64.7685,79853981,2992739654237275
17035459,64.7785,79853981,2992949670207305
17038089,64.7885,79853981,2993159686177335
17040719,64.7985,79853981,2993369702147365
17043349,64.8085,79853981,2993579718117395
17045979,64.8185,79853981,2993789734087425
17048609,64.8285,79853981,2993999750057455
17051239,64.8385,79853981,2994209766027485
17053869,64.8485,79853981,2994419781997515
17056499,64.8585,79853981,2994629797967545
17059129,64.8685,79853981,2994839813937575
17061759,64.8785,79853981,2995049829907605
17064389,64.8885,79853981,2995259845877635
17067019,64.8985,79853981,2995469861847665
17069649,64.9085,79853981,2995679877817695
17072279,64.9185,79853981,2995889893787725
17074909,64.9285,79853981,2996099909757755
17077539,64.9385,79853981,2996309925727785
17080169,64.9485,79853981,2996519941697815
17082799,64.9585,79853981,2996729957667845
17085429,64.9685,79853981,2996939973637875
17088059,64.9785,79853981,2997149989607905
17090689,64.9886,79853981,2997360005577935
17093319,64.9986,79853981,2997570021547965
17095949,65.0086,79853981,2997780037517995
17098579,65.0186,79853981,2997990053488025
17101209,65.0286,79853981,2998200069458055
17103839,65.0386,79853981,2998410085428085
17106469,65.0486,79853981,2998620101398115
17109099,65.0586,79853981,2998830117368145
17111729,65.0686,79853981,2999040133338175
17114359,65.0786,79853981,2999250149308205
17116989,65.0886,79853981,2999460165278235
17119619,65.0986,79853981,2999670181248265
17122249,65.1086,79853981,2999880197218295
17124879,65.1186,79853981,3000090213188325
17127509,65.1286,79853981,3000300229158355
17130139,65.1386,79853981,3000510245128385
17132769,65.1486,79853981,3000720261098415
17135399,65.1586,79853981,3000930277068445
17138029,65.1686,79853981,3001140293038475
17140659,65.1786,79853981,3001350309008505
17143289,65.1886,79853981,3001560324978535
17145919,65.1986,79853981,3001770340948565
17148549,65.2086,79853981,3001980356918595
17151179,65.2186,79853981,3002190372888625
17153809,65.2286,79853981,3002400388858655
17156439,65.2386,79853981,3002610404828685
17159069,65.2486,79853981,3002820420798715
17161699,65.2586,79853981,3003030436768745
17164329,65.2686,79853981,3003240452738775
17166959,65.2786,79853981,3003450468708805
17169589,65.2886,79853981,3003660484678835
17172219,65.2986,79853981,3003870500648865
17174849,65.3086,79853981,3004080516618895
17177479,65.3186,79853981,3004290532588925
17180109,65.3286,79853981,3004500548558955
17182739,65.3386,79853981,3004710564528985
17185369,65.3486,79853981,3004920580499015
17187999,65.3586,79853981,3005130596469045
17190629,65.3686,79853981,3005340612439075
17193259,65.3786,79853981,3005550628409105
17195889,65.3886,79853981,3005760644379135
17198519,65.3986,79853981,3005970660349165
17201149,65.4086,79853981,3006180676319195
17203779,65.4186,79853981,3006390692289225
17206409,65.4286,79853981,3006600708259255
17209039,65.4386,79853981,3006810724229285
17211669,65.4486,79853981,3007020740199315
17214299,65.4586,79853981,3007230756169345
17216929,65.4686,79853981,3007440772139375
17219559,65.4786,79853981,3007650788109405
17222189,65.4886,79853981,3007860804079435
17224819,65.4986,79853981,3008070820049465
17227449,65.5086,79853981,3008280836019495
17230079,65.5186,79853981,3008490851989525
17232709,65.5286,79853981,3008700867959555
17235339,65.5386,79853981,3008910883929585
17237969,65.5486,79853981,3009120899899615
17240599,65.5586,79853981,3009330915869645
17243229,65.5686,79853981,3009540931839675
17245859,65.5786,79853981,3009750947809705
17248489,65.5886,79853981,3009960963779735
17251119,65.5986,79853981,3010170979749765
17253749,65.6086,79853981,3010380995719795
17256379,65.6186,79853981,3010591011689825
17259009,65.6286,79853981,3010801027659855
17261639,65.6386,79853981,3011011043629885
17264269,65.6486,79853981,3011221059599915
17266899,65.6586,79853981,3011431075569945
17269529,65.6686,79853981,3011641091539975
17272159,65.6786,79853981,3011851107510005
17274789,65.6886,79853981,3012061123480035
17277419,65.6986,79853981,3012271139450065
17280049,65.7086,79853981,3012481155420095
17282679,65.7186,79853981,3012691171390125
17285309,65.7286,79853981,3012901187360155
17287939,65.7386,79853981,3013111203330185
17290569,65.7486,79853981,3013321219300215
17293199,65.7586,79853981,3013531235270245
17295829,65.7686,79853981,3013741251240275
17298459,65.7786,79853981,3013951267210305
17301089,65.7886,79853981,3014161283180335
17303719,65.7986,79853981,3014371299150365
17306349,65.8086,79853981,3014581315120395
17308979,65.8186,79853981,3014791331090425
17311609,65.8286,79853981,3015001347060455
17314239,65.8386,79853981,3015211363030485
17316869,65.8486,79853981,3015421379000515
17319499,65.8586,79853981,3015631394970545
17322129,65.8686,79853981,3015841410940575
17324759,65.8786,79853981,3016051426910605
17327389,65.8886,79853981,3016261442880635
17330019,65.8986,79853981,3016471458850665
17332649,65.9086,79853981,3016681474820695
17335279,65.9186,79853981,3016891490790725
17337909,65.9286,79853981,3017101506760755
17340539,65.9386,79853981,3017311522730785
17343169,65.9486,79853981,3017521538700815
17345799,65.9586,79853981,3017731554670845
17348429,65.9686,79853981,3017941570640875
17351059,65.9786,79853981,3018151586610905
17353689,65.9886,79853981,3018361602580935
17356319,65.9986,79853981,3018571618550965
17358949,66.0086,79853981,3018781634520995
17361579,66.0186,79853981,3018991650491025
17364209,66.0286,79853981,3019201666461055
17366839,66.0386,79853981,3019411682431085
17369469,66.0486,79853981,3019621698401115
17372099,66.0586,79853981,3019831714371145
17374729,66.0686,79853981,3020041730341175
17377359,66.0786,79853981,3020251746311205
17379989,66.0886,79853981,3020461762281235
17382619,66.0986,79853981,3020671778251265
17385249,66.1086,79853981,3020881794221295
17387879,66.1186,79853981,3021091810191325
17390509,66.1286,79853981,3021301826161355
17393139,66.1386,79853981,3021511842131385
17395769,66.1486,79853981,3021721858101415
17398399,66.1586,79853981,3021931874071445
17401029,66.1686,79853981,3022141890041475
17403659,66.1786,79853981,3022351906011505
17406289,66.1886,79853981,3022561921981535
17408919,66.1986,79853981,3022771937951565
17411549,66.2086,79853981,3022981953921595
17414179,66.2186,79853981,3023191969891625
17416809,66.2286,79853981,3023401985861655
17419439,66.2386,79853981,3023612001831685
17422069,66.2486,79853981,3023822017801715
17424699,66.2586,79853981,3024032033771745
17427329,66.2686,79853981,3024242049741775
17429959,66.2786,79853981,3024452065711805
17432589,66.2886,79853981,3024662081681835
17435219,66.2987,79853981,3024872097651865
17437849,66.3087,79853981,3025082113621895
17440479,66.3187,79853981,3025292129591925
17443109,66.3287,79853981,3025502145561955
17445739,66.3387,79853981,3025712161531985
17448369,66.3487,79853981,3025922177502015
17450999,66.3587,79853981,3026132193472045
17453629,66.3687,79853981,3026342209442075
17456259,66.3787,79853981,3026552225412105
17458889,66.3887,79853981,3026762241382135
17461519,66.3987,79853981,3026972257352165
17464149,66.4087,79853981,3027182273322195
17466779,66.4187,79853981,3027392289292225
17469409,66.4287,79853981,3027602305262255
17472039,66.4387,79853981,3027812321232285
17474669,66.4487,79853981,3028022337202315
17477299,66.4587,79853981,3028232353172345
17479929,66.4687,79853981,3028442369142375
17482559,66.4787,79853981,3028652385112405
17485189,66.4887,79853981,3028862401082435
17487819,66.4987,79853981,3029072417052465
17490449,66.5087,79853981,3029282433022495
17493079,66.5187,79853981,3029492448992525
17495709,66.5287,79853981,3029702464962555
17498339,66.5387,79853981,3029912480932585
17500969,66.5487,79853981,3030122496902615
17503599,66.5587,79853981,3030332512872645
17506229,66.5687,79853981,3030542528842675
17508859,66.5787,79853981,3030752544812705
17511489,66.5887,79853981,3030962560782735
17514119,66.5987,79853981,3031172576752765
17516749,66.6087,79853981,3031382592722795
17519379,66.6187,79853981,3031592608692825
17522009,66.6287,79853981,3031802624662855
17524639,66.6387,79853981,3032012640632885
17527269,66.6487,79853981,3032222656602915
17529899,66.6587,79853981,3032432672572945
17532529,66.6687,79853981,3032642688542975
17535159,66.6787,79853981,3032852704513005
17537789,66.6887,79853981,3033062720483035
17540419,66.6987,79853981,3033272736453065
17543049,66.7087,79853981,3033482752423095
17545679,66.7187,79853981,3033692768393125
17548309,66.7287,79853981,3033902784363155
17550939,66.7387,79853981,3034112800333185
17553569,66.7487,79853981,3034322816303215
17556199,66.7587,79853981,3034532832273245
17558829,66.7687,79853981,3034742848243275
17561459,66.7787,79853981,3034952864213305
17564089,66.7887,79853981,3035162880183335
17566719,66.7987,79853981,3035372896153365
17569349,66.8087,79853981,3035582912123395
17571979,66.8187,79853981,3035792928093425
17574609,66.8287,79853981,3036002944063455
17577239,66.8387,79853981,3036212960033485
17579869,66.8487,79853981,3036422976003515
17582499,66.8587,79853981,3036632991973545
17585129,66.8687,79853981,3036843007943575
17587759,66.8787,79853981,3037053023913605
17590389,66.8887,79853981,3037263039883635
17593019,66.8987,79853981,3037473055853665
17595649,66.9087,79853981,3037683071823695
17598279,66.9187,79853981,3037893087793725
17600909,66.9287,79853981,3038103103763755
17603539,66.9387,79853981,3038313119733785
17606169,66.9487,79853981,3038523135703815
17608799,66.9587,79853981,3038733151673845
17611429,66.9687,79853981,3038943167643875
17614059,66.9787,79853981,3039153183613905
17616689,66.9887,79853981,3039363199583935
17619319,66.9987,79853981,3039573215553965
17621949,67.0087,79853981,3039783231523995
17624579,67.0187,79853981,3039993247494025
17627209,67.0287,79853981,3040203263464055
17629839,67.0387,79853981,3040413279434085
17632469,67.0487,79853981,3040623295404115
17635099,67.0587,79853981,3040833311374145
17637729,67.0687,79853981,3041043327344175
17640359,67.0787,79853981,3041253343314205
17642989,67.0887,79853981,3041463359284235
17645619,67.0987,79853981,3041673375254265
17648249,67.1087,79853981,3041883391224295
17650879,67.1187,79853981,3042093407194325
17653509,67.1287,79853981,3042303423164355
17656139,67.1387,79853981,3042513439134385
17658769,67.1487,79853981,3042723455104415
17661399,67.1587,79853981,3042933471074445
17664029,67.1687,79853981,3043143487044475
17666659,67.1787,79853981,3043353503014505
17669289,67.1887,79853981,3043563518984535
17671919,67.1987,79853981,3043773534954565
17674549,67.2087,79853981,3043983550924595
17677179,67.2187,79853981,3044193566894625
17679809,67.2287,79853981,3044403582864655
17682439,67.2387,79853981,3044613598834685
17685069,67.2487,79853981,3044823614804715
17687699,67.2587,79853981,3045033630774745
17690329,67.2687,79853981,3045243646744775
17692959,67.2787,79853981,3045453662714805
17695589,67.2887,79853981,3045663678684835
17698219,67.2987,79853981,3045873694654865
17700849,67.3087,79853981,3046083710624895
17703479,67.3187,79853981,3046293726594925
17706109,67.3287,79853981,3046503742564955
17708739,67.3387,79853981,3046713758534985
17711369,67.3487,79853981,3046923774505015
17713999,67.3587,79853981,3047133790475045
17716629,67.3687,79853981,3047343806445075
17719259,67.3787,79853981,3047553822415105
17721889,67.3887,79853981,3047763838385135
17724519,67.3987,79853981,3047973854355165
17727149,67.4087,79853981,3048183870325195
17729779,67.4187,79853981,3048393886295225
17732409,67.4287,79853981,3048603902265255
17735039,67.4387,79853981,3048813918235285
17737669,67.4487,79853981,3049023934205315
17740299,67.4587,79853981,3049233950175345
17742929,67.4687,79853981,3049443966145375
17745559,67.4787,79853981,3049653982115405
17748189,67.4887,79853981,3049863998085435
17750819,67.4987,79853981,3050074014055465
17753449,67.5087,79853981,3050284030025495
17756079,67.5187,79853981,3050494045995525
17758709,67.5287,79853981,3050704061965555
17761339,67.5387,79853981,3050914077935585
17763969,67.5487,79853981,3051124093905615
17766599,67.5587,79853981,3051334109875645
17769229,67.5687,79853981,3051544125845675
17771859,67.5787,79853981,3051754141815705
17774489,67.5887,79853981,3051964157785735
17777119,67.5987,79853981,3052174173755765
17779749,67.6087,79853981,3052384189725795
17782379,67.6188,79853981,3052594205695825
17785009,67.6288,79853981,3052804221665855
17787639,67.6388,79853981,3053014237635885
17790269,67.6488,79853981,3053224253605915
17792899,67.6588,79853981,3053434269575945
17795529,67.6688,79853981,3053644285545975
17798159,67.6788,79853981,3053854301516005
17800789,67.6888,79853981,3054064317486035
17803419,67.6988,79853981,3054274333456065
17806049,67.7088,79853981,3054484349426095
17808679,67.7188,79853981,3054694365396125
17811309,67.7288,79853981,3054904381366155
17813939,67.7388,79853981,3055114397336185
17816569,67.7488,79853981,3055324413306215
17819199,67.7588,79853981,3055534429276245
17821829,67.7688,79853981,3055744445246275
17824459,67.7788,79853981,3055954461216305
17827089,67.7888,79853981,3056164477186335
17829719,67.7988,79853981,3056374493156365
17832349,67.8088,79853981,3056584509126395
17834979,67.8188,79853981,3056794525096425
17837609,67.8288,79853981,3057004541066455
17840239,67.8388,79853981,3057214557036485
17842869,67.8488,79853981,3057424573006515
17845499,67.8588,79853981,3057634588976545
17848129,67.8688,79853981,3057844604946575
17850759,67.8788,79853981,3058054620916605
17853389,67.8888,79853981,3058264636886635
17856019,67.8988,79853981,3058474652856665
17858649,67.9088,79853981,3058684668826695
17861279,67.9188,79853981,3058894684796725
17863909,67.9288,79853981,3059104700766755
17866539,67.9388,79853981,3059314716736785
17869169,67.9488,79853981,3059524732706815
17871799,67.9588,79853981,3059734748676845
17874429,67.9688,79853981,3059944764646875
17877059,67.9788,79853981,3060154780616905
17879689,67.9888,79853981,3060364796586935
17882319,67.9988,79853981,3060574812556965
17884949,68.0088,79853981,3060784828526995
17887579,68.0188,79853981,3060994844497025
17890209,68.0288,79853981,3061204860467055
17892839,68.0388,79853981,3061414876437085
17895469,68.0488,79853981,3061624892407115
17898099,68.0588,79853981,3061834908377145
17900729,68.0688,79853981,3062044924347175
17903359,68.0788,79853981,3062254940317205
17905989,68.0888,79853981,3062464956287235
17908619,68.0988,79853981,3062674972257265
17911249,68.1088,79853981,3062884988227295
17913879,68.1188,79853981,3063095004197325
17916509,68.1288,79853981,3063305020167355
17919139,68.1388,79853981,3063515036137385
17921769,68.1488,79853981,3063725052107415
17924399,68.1588,79853981,3063935068077445
17927029,68.1688,79853981,3064145084047475
17929659,68.1788,79853981,3064355100017505
17932289,68.1888,79853981,3064565115987535
17934919,68.1988,79853981,3064775131957565
17937549,68.2088,79853981,3064985147927595
17940179,68.2188,79853981,3065195163897625
17942809,68.2288,79853981,3065405179867655
17945439,68.2388,79853981,3065615195837685
17948069,68.2488,79853981,3065825211807715
17950699,68.2588,79853981,3066035227777745
17953329,68.2688,79853981,3066245243747775
17955959,68.2788,79853981,3066455259717805
17958589,68.2888,79853981,3066665275687835
17961219,68.2988,79853981,3066875291657865
17963849,68.3088,79853981,3067085307627895
17966479,68.3188,79853981,3067295323597925
17969109,68.3288,79853981,3067505339567955
17971739,68.3388,79853981,3067715355537985
17974369,68.3488,79853981,3067925371508015
17976999,68.3588,79853981,3068135387478045
17979629,68.3688,79853981,3068345403448075
17982259,68.3788,79853981,3068555419418105
17984889,68.3888,79853981,3068765435388135
17987519,68.3988,79853981,3068975451358165
17990149,68.4088,79853981,3069185467328195
17992779,68.4188,79853981,3069395483298225
17995409,68.4288,79853981,3069605499268255
17998039,68.4388,79853981,3069815515238285
18000669,68.4488,79853981,3070025531208315
18003299,68.4588,79853981,3070235547178345
18005929,68.4688,79853981,3070445563148375
18008559,68.4788,79853981,3070655579118405
18011189,68.4888,79853981,3070865595088435
18013819,68.4988,79853981,3071075611058465
18016449,68.5088,79853981,3071285627028495
18019079,68.5188,79853981,3071495642998525
18021709,68.5288,79853981,3071705658968555
18024339,68.5388,79853981,3071915674938585
18026969,68.5488,79853981,3072125690908615
18029599,68.5588,79853981,3072335706878645
18032229,68.5688,79853981,3072545722848675
18034859,68.5788,79853981,3072755738818705
18037489,68.5888,79853981,3072965754788735
18040119,68.5988,79853981,3073175770758765
18042749,68.6088,79853981,3073385786728795
18045379,68.6188,79853981,3073595802698825
18048009,68.6288,79853981,3073805818668855
18050639,68.6388,79853981,3074015834638885
18053269,68.6488,79853981,3074225850608915
18055899,68.6588,79853981,3074435866578945
18058529,68.6688,79853981,3074645882548975
18061159,68.6788,79853981,3074855898519005
18063789,68.6888,79853981,3075065914489035
18066419,68.6988,79853981,3075275930459065
18069049,68.7088,79853981,3075485946429095
18071679,68.7188,79853981,3075695962399125
18074309,68.7288,79853981,3075905978369155
18076939,68.7388,79853981,3076115994339185
18079569,68.7488,79853981,3076326010309215
18082199,68.7588,79853981,3076536026279245
18084829,68.7688,79853981,3076746042249275
18087459,68.7788,79853981,3076956058219305
18090089,68.7888,79853981,3077166074189335
18092719,68.7988,79853981,3077376090159365
18095349,68.8088,79853981,3077586106129395
18097979,68.8188,79853981,3077796122099425
18100609,68.8288,79853981,3078006138069455
18103239,68.8388,79853981,3078216154039485
18105869,68.8488,79853981,3078426170009515
18108499,68.8588,79853981,3078636185979545
18111129,68.8688,79853981,3078846201949575
18113759,68.8788,79853981,3079056217919605
18116389,68.8888,79853981,3079266233889635
18119019,68.8988,79853981,3079476249859665
18121649,68.9088,79853981,3079686265829695
18124279,68.9188,79853981,3079896281799725
18126909,68.9289,79853981,3080106297769755
18129539,68.9389,79853981,3080316313739785
18132169,68.9489,79853981,3080526329709815
18134799,68.9589,79853981,3080736345679845
18137429,68.9689,79853981,3080946361649875
18140059,68.9789,79853981,3081156377619905
18142689,68.9889,79853981,3081366393589935
18145319,68.9989,79853981,3081576409559965
18147949,69.0089,79853981,3081786425529995
18150579,69.0189,79853981,3081996441500025
18153209,69.0289,79853981,3082206457470055
18155839,69.0389,79853981,3082416473440085
18158469,69.0489,79853981,3082626489410115
18161099,69.0589,79853981,3082836505380145
18163729,69.0689,79853981,3083046521350175
18166359,69.0789,79853981,3083256537320205
18168989,69.0889,79853981,3083466553290235
18171619,69.0989,79853981,3083676569260265
18174249,69.1089,79853981,3083886585230295
18176879,69.1189,79853981,3084096601200325
18179509,69.1289,79853981,3084306617170355
18182139,69.1389,79853981,3084516633140385
18184769,69.1489,79853981,3084726649110415
18187399,69.1589,79853981,3084936665080445
18190029,69.1689,79853981,3085146681050475
18192659,69.1789,79853981,3085356697020505
18195289,69.1889,79853981,3085566712990535
18197919,69.1989,79853981,3085776728960565
18200549,69.2089,79853981,3085986744930595
18203179,69.2189,79853981,3086196760900625
18205809,69.2289,79853981,3086406776870655
18208439,69.2389,79853981,3086616792840685
18211069,69.2489,79853981,3086826808810715
18213699,69.2589,79853981,3087036824780745
18216329,69.2689,79853981,3087246840750775
18218959,69.2789,79853981,3087456856720805
18221589,69.2889,79853981,3087666872690835
18224219,69.2989,79853981,3087876888660865
18226849,69.3089,79853981,3088086904630895
18229479,69.3189,79853981,3088296920600925
18232109,69.3289,79853981,3088506936570955
18234739,69.3389,79853981,3088716952540985
18237369,69.3489,79853981,3088926968511015
18239999,69.3589,79853981,3089136984481045
18242629,69.3689,79853981,3089347000451075
18245259,69.3789,79853981,3089557016421105
18247889,69.3889,79853981,3089767032391135
18250519,69.3989,79853981,3089977048361165
18253149,69.4089,79853981,3090187064331195
18255779,69.4189,79853981,3090397080301225
18258409,69.4289,79853981,3090607096271255
18261039,69.4389,79853981,3090817112241285
18263669,69.4489,79853981,3091027128211315
18266299,69.4589,79853981,3091237144181345
18268929,69.4689,79853981,3091447160151375
18271559,69.4789,79853981,3091657176121405
18274189,69.4889,79853981,3091867192091435
18276819,69.4989,79853981,3092077208061465
18279449,69.5089,79853981,3092287224031495
18282079,69.5189,79853981,3092497240001525
18284709,69.5289,79853981,3092707255971555
18287339,69.5389,79853981,3092917271941585
18289969,69.5489,79853981,3093127287911615
18292599,69.5589,79853981,3093337303881645
18295229,69.5689,79853981,3093547319851675
18297859,69.5789,79853981,3093757335821705
18300489,69.5889,79853981,3093967351791735
18303119,69.5989,79853981,3094177367761765
18305749,69.6089,79853981,3094387383731795
18308379,69.6189,79853981,3094597399701825
18311009,69.6289,79853981,3094807415671855
18313639,69.6389,79853981,3095017431641885
18316269,69.6489,79853981,3095227447611915
18318899,69.6589,79853981,3095437463581945
18321529,69.6689,79853981,3095647479551975
18324159,69.6789,79853981,3095857495522005
18326789,69.6889,79853981,3096067511492035
18329419,69.6989,79853981,3096277527462065
18332049,69.7089,79853981,3096487543432095
18334679,69.7189,79853981,3096697559402125
18337309,69.7289,79853981,3096907575372155
18339939,69.7389,79853981,3097117591342185
18342569,69.7489,79853981,3097327607312215
18345199,69.7589,79853981,3097537623282245
18347829,69.7689,79853981,3097747639252275
18350459,69.7789,79853981,3097957655222305
18353089,69.7889,79853981,3098167671192335
18355719,69.7989,79853981,3098377687162365
18358349,69.8089,79853981,3098587703132395
18360979,69.8189,79853981,3098797719102425
18363609,69.8289,79853981,3099007735072455
18366239,69.8389,79853981,3099217751042485
18368869,69.8489,79853981,3099427767012515
18371499,69.8589,79853981,3099637782982545
18374129,69.8689,79853981,3099847798952575
18376759,69.8789,79853981,3100057814922605
18379389,69.8889,79853981,3100267830892635
18382019,69.8989,79853981,3100477846862665
18384649,69.9089,79853981,3100687862832695
18387279,69.9189,79853981,3100897878802725
18389909,69.9289,79853981,3101107894772755
18392539,69.9389,79853981,3101317910742785
18395169,69.9489,79853981,3101527926712815
18397799,69.9589,79853981,3101737942682845
18400429,69.9689,79853981,3101947958652875
18403059,69.9789,79853981,3102157974622905
18405689,69.9889,79853981,3102367990592935
18408319,69.9989,79853981,3102578006562965
18410949,70.0089,79853981,3102788022532995
18413579,70.0189,79853981,3102998038503025
18416209,70.0289,79853981,3103208054473055
18418839,70.0389,79853981,3103418070443085
18421469,70.0489,79853981,3103628086413115
18424099,70.0589,79853981,3103838102383145
18426729,70.0689,79853981,3104048118353175
18429359,70.0789,79853981,3104258134323205
18431989,70.0889,79853981,3104468150293235
18434619,70.0989,79853981,3104678166263265
18437249,70.1089,79853981,3104888182233295
18439879,70.1189,79853981,3105098198203325
18442509,70.1289,79853981,3105308214173355
18445139,70.1389,79853981,3105518230143385
18447769,70.1489,79853981,3105728246113415
18450399,70.1589,79853981,3105938262083445
18453029,70.1689,79853981,3106148278053475
18455659,70.1789,79853981,3106358294023505
18458289,70.1889,79853981,3106568309993535
18460919,70.1989,79853981,3106778325963565
18463549,70.2089,79853981,3106988341933595
18466179,70.2189,79853981,3107198357903625
18468809,70.2289,79853981,3107408373873655
18471439,70.2389,79853981,3107618389843685
18474069,70.2490,79853981,3107828405813715
18476699,70.2590,79853981,3108038421783745
18479329,70.2690,79853981,3108248437753775
18481959,70.2790,79853981,3108458453723805
18484589,70.2890,79853981,3108668469693835
18487219,70.2990,79853981,3108878485663865
18489849,70.3090,79853981,3109088501633895
18492479,70.3190,79853981,3109298517603925
18495109,70.3290,79853981,3109508533573955
18497739,70.3390,79853981,3109718549543985
18500369,70.3490,79853981,3109928565514015
18502999,70.3590,79853981,3110138581484045
18505629,70.3690,79853981,3110348597454075
18508259,70.3790,79853981,3110558613424105
18510889,70.3890,79853981,3110768629394135
18513519,70.3990,79853981,3110978645364165
18516149,70.4090,79853981,3111188661334195
18518779,70.4190,79853981,3111398677304225
18521409,70.4290,79853981,3111608693274255
18524039,70.4390,79853981,3111818709244285
18526669,70.4490,79853981,3112028725214315
18529299,70.4590,79853981,3112238741184345
18531929,70.4690,79853981,3112448757154375
18534559,70.4790,79853981,3112658773124405
18537189,70.4890,79853981,3112868789094435
18539819,70.4990,79853981,3113078805064465
18542449,70.5090,79853981,3113288821034495
18545079,70.5190,79853981,3113498837004525
18547709,70.5290,79853981,3113708852974555
18550339,70.5390,79853981,3113918868944585
18552969,70.5490,79853981,3114128884914615
18555599,70.5590,79853981,3114338900884645
18558229,70.5690,79853981,3114548916854675
18560859,70.5790,79853981,3114758932824705
18563489,70.5890,79853981,3114968948794735
18566119,70.5990,79853981,3115178964764765
18568749,70.6090,79853981,3115388980734795
18571379,70.6190,79853981,3115598996704825
18574009,70.6290,79853981,3115809012674855
18576639,70.6390,79853981,3116019028644885
18579269,70.6490,79853981,3116229044614915
18581899,70.6590,79853981,3116439060584945
18584529,70.6690,79853981,3116649076554975
18587159,70.6790,79853981,3116859092525005
18589789,70.6890,79853981,3117069108495035
18592419,70.6990,79853981,3117279124465065
18595049,70.7090,79853981,3117489140435095
18597679,70.7190,79853981,3117699156405125
18600309,70.7290,79853981,3117909172375155
18602939,70.7390,79853981,3118119188345185
18605569,70.7490,79853981,3118329204315215
18608199,70.7590,79853981,3118539220285245
18610829,70.7690,79853981,3118749236255275
18613459,70.7790,79853981,3118959252225305
18616089,70.7890,79853981,3119169268195335
18618719,70.7990,79853981,3119379284165365
18621349,70.8090,79853981,3119589300135395
18623979,70.8190,79853981,3119799316105425
18626609,70.8290,79853981,3120009332075455
18629239,70.8390,79853981,3120219348045485
18631869,70.8490,79853981,3120429364015515
18634499,70.8590,79853981,3120639379985545
18637129,70.8690,79853981,3120849395955575
18639759,70.8790,79853981,3121059411925605
18642389,70.8890,79853981,3121269427895635
18645019,70.8990,79853981,3121479443865665
18647649,70.9090,79853981,3121689459835695
18650279,70.9190,79853981,3121899475805725
18652909,70.9290,79853981,3122109491775755
18655539,70.9390,79853981,3122319507745785
18658169,70.9490,79853981,3122529523715815
18660799,70.9590,79853981,3122739539685845
18663429,70.9690,79853981,3122949555655875
18666059,70.9790,79853981,3123159571625905
18668689,70.9890,79853981,3123369587595935
18671319,70.9990,79853981,3123579603565965
18673949,71.0090,79853981,3123789619535995
18676579,71.0190,79853981,3123999635506025
18679209,71.0290,79853981,3124209651476055
18681839,71.0390,79853981,3124419667446085
18684469,71.0490,79853981,3124629683416115
18687099,71.0590,79853981,3124839699386145
18689729,71.0690,79853981,3125049715356175
18692359,71.0790,79853981,3125259731326205
18694989,71.0890,79853981,3125469747296235
18697619,71.0990,79853981,3125679763266265
18700249,71.1090,79853981,3125889779236295
18702879,71.1190,79853981,3126099795206325
18705509,71.1290,79853981,3126309811176355
18708139,71.1390,79853981,3126519827146385
18710769,71.1490,79853981,3126729843116415
18713399,71.1590,79853981,3126939859086445
18716029,71.1690,79853981,3127149875056475
18718659,71.1790,79853981,3127359891026505
18721289,71.1890,79853981,3127569906996535
18723919,71.1990,79853981,3127779922966565
18726549,71.2090,79853981,3127989938936595
18729179,71.2190,79853981,3128199954906625
18731809,71.2290,79853981,3128409970876655
18734439,71.2390,79853981,3128619986846685
18737069,71.2490,79853981,3128830002816715
18739699,71.2590,79853981,3129040018786745
18742329,71.2690,79853981,3129250034756775
18744959,71.2790,79853981,3129460050726805
18747589,71.2890,79853981,3129670066696835
18750219,71.2990,79853981,3129880082666865
18752849,71.3090,79853981,3130090098636895
18755479,71.3190,79853981,3130300114606925
18758109,71.3290,79853981,3130510130576955
18760739,71.3390,79853981,3130720146546985
18763369,71.3490,79853981,3130930162517015
18765999,71.3590,79853981,3131140178487045
18768629,71.3690,79853981,3131350194457075
18771259,71.3790,79853981,3131560210427105
18773889,71.3890,79853981,3131770226397135
18776519,71.3990,79853981,3131980242367165
18779149,71.4090,79853981,3132190258337195
18781779,71.4190,79853981,3132400274307225
18784409,71.4290,79853981,3132610290277255
18787039,71.4390,79853981,3132820306247285
18789669,71.4490,79853981,3133030322217315
18792299,71.4590,79853981,3133240338187345
18794929,71.4690,79853981,3133450354157375
18797559,71.4790,79853981,3133660370127405
18800189,71.4890,79853981,3133870386097435
18802819,71.4990,79853981,3134080402067465
18805449,71.5090,79853981,3134290418037495
18808079,71.5190,79853981,3134500434007525
18810709,71.5290,79853981,3134710449977555
18813339,71.5390,79853981,3134920465947585
18815969,71.5490,79853981,3135130481917615
18818599,71.5591,79853981,3135340497887645
18821229,71.5691,79853981,3135550513857675
18823859,71.5791,79853981,3135760529827705
18826489,71.5891,79853981,3135970545797735
18829119,71.5991,79853981,3136180561767765
18831749,71.6091,79853981,3136390577737795
18834379,71.6191,79853981,3136600593707825
18837009,71.6291,79853981,3136810609677855
18839639,71.6391,79853981,3137020625647885
18842269,71.6491,79853981,3137230641617915
18844899,71.6591,79853981,3137440657587945
18847529,71.6691,79853981,3137650673557975
18850159,71.6791,79853981,3137860689528005
18852789,71.6891,79853981,3138070705498035
18855419,71.6991,79853981,3138280721468065
18858049,71.7091,79853981,3138490737438095
18860679,71.7191,79853981,3138700753408125
18863309,71.7291,79853981,3138910769378155
18865939,71.7391,79853981,3139120785348185
18868569,71.7491,79853981,3139330801318215
18871199,71.7591,79853981,3139540817288245
18873829,71.7691,79853981,3139750833258275
18876459,71.7791,79853981,3139960849228305
18879089,71.7891,79853981,3140170865198335
18881719,71.7991,79853981,3140380881168365
18884349,71.8091,79853981,3140590897138395
18886979,71.8191,79853981,3140800913108425
18889609,71.8291,79853981,3141010929078455
18892239,71.8391,79853981,3141220945048485
18894869,71.8491,79853981,3141430961018515
18897499,71.8591,79853981,3141640976988545
18900129,71.8691,79853981,3141850992958575
18902759,71.8791,79853981,3142061008928605
18905389,71.8891,79853981,3142271024898635
18908019,71.8991,79853981,3142481040868665
18910649,71.9091,79853981,3142691056838695
18913279,71.9191,79853981,3142901072808725
18915909,71.9291,79853981,3143111088778755
18918539,71.9391,79853981,3143321104748785
18921169,71.9491,79853981,3143531120718815
18923799,71.9591,79853981,3143741136688845
18926429,71.9691,79853981,3143951152658875
18929059,71.9791,79853981,3144161168628905
18931689,71.9891,79853981,3144371184598935
18934319,71.9991,79853981,3144581200568965
18936949,72.0091,79853981,3144791216538995
18939579,72.0191,79853981,3145001232509025
18942209,72.0291,79853981,3145211248479055
18944839,72.0391,79853981,3145421264449085
18947469,72.0491,79853981,3145631280419115
18950099,72.0591,79853981,3145841296389145
18952729,72.0691,79853981,3146051312359175
18955359,72.0791,79853981,3146261328329205
18957989,72.0891,79853981,3146471344299235
18960619,72.0991,79853981,3146681360269265
18963249,72.1091,79853981,3146891376239295
18965879,72.1191,79853981,3147101392209325
18968509,72.1291,79853981,3147311408179355
18971139,72.1391,79853981,3147521424149385
18973769,72.1491,79853981,3147731440119415
18976399,72.1591,79853981,3147941456089445
18979029,72.1691,79853981,3148151472059475
18981659,72.1791,79853981,3148361488029505
18984289,72.1891,79853981,3148571503999535
18986919,72.1991,79853981,3148781519969565
18989549,72.2091,79853981,3148991535939595
18992179,72.2191,79853981,3149201551909625
18994809,72.2291,79853981,3149411567879655
18997439,72.2391,79853981,3149621583849685
19000069,72.2491,79853981,3149831599819715
19002699,72.2591,79853981,3150041615789745
19005329,72.2691,79853981,3150251631759775
19007959,72.2791,79853981,3150461647729805
19010589,72.2891,79853981,3150671663699835
19013219,72.2991,79853981,3150881679669865
19015849,72.3091,79853981,3151091695639895
19018479,72.3191,79853981,3151301711609925
19021109,72.3291,79853981,3151511727579955
19023739,72.3391,79853981,3151721743549985
19026369,72.3491,79853981,3151931759520015
19028999,72.3591,79853981,3152141775490045
19031629,72.3691,79853981,3152351791460075
19034259,72.3791,79853981,3152561807430105
19036889,72.3891,79853981,3152771823400135
19039519,72.3991,79853981,3152981839370165
19042149,72.4091,79853981,3153191855340195
19044779,72.4191,79853981,3153401871310225
19047409,72.4291,79853981,3153611887280255
19050039,72.4391,79853981,3153821903250285
19052669,72.4491,79853981,3154031919220315
19055299,72.4591,79853981,3154241935190345
19057929,72.4691,79853981,3154451951160375
19060559,72.4791,79853981,3154661967130405
19063189,72.4891,79853981,3154871983100435
19065819,72.4991,79853981,3155081999070465
19068449,72.5091,79853981,3155292015040495
19071079,72.5191,79853981,3155502031010525
19073709,72.5291,79853981,3155712046980555
19076339,72.5391,79853981,3155922062950585
19078969,72.5491,79853981,3156132078920615
19081599,72.5591,79853981,3156342094890645
19084229,72.5691,79853981,3156552110860675
19086859,72.5791,79853981,3156762126830705
19089489,72.5891,79853981,3156972142800735
19092119,72.5991,79853981,3157182158770765
19094749,72.6091,79853981,3157392174740795
19097379,72.6191,79853981,3157602190710825
19100009,72.6291,79853981,3157812206680855
19102639,72.6391,79853981,3158022222650885
19105269,72.6491,79853981,3158232238620915
19107899,72.6591,79853981,3158442254590945
19110529,72.6691,79853981,3158652270560975
19113159,72.6791,79853981,3158862286531005
19115789,72.6891,79853981,3159072302501035
19118419,72.6991,79853981,3159282318471065
19121049,72.7091,79853981,3159492334441095
19123679,72.7191,79853981,3159702350411125
19126309,72.7291,79853981,3159912366381155
19128939,72.7391,79853981,3160122382351185
19131569,72.7491,79853981,3160332398321215
19134199,72.7591,79853981,3160542414291245
19136829,72.7691,79853981,3160752430261275
19139459,72.7791,79853981,3160962446231305
19142089,72.7891,79853981,3161172462201335
19144719,72.7991,79853981,3161382478171365
19147349,72.8091,79853981,3161592494141395
19149979,72.8191,79853981,3161802510111425
19152609,72.8291,79853981,3162012526081455
19155239,72.8391,79853981,3162222542051485
19157869,72.8491,79853981,3162432558021515
19160499,72.8591,79853981,3162642573991545
19163129,72.8691,79853981,3162852589961575
19165759,72.8792,79853981,3163062605931605
19168389,72.8892,79853981,3163272621901635
19171019,72.8992,79853981,3163482637871665
19173649,72.9092,79853981,3163692653841695
19176279,72.9192,79853981,3163902669811725
19178909,72.9292,79853981,3164112685781755
19181539,72.9392,79853981,3164322701751785
19184169,72.9492,79853981,3164532717721815
19186799,72.9592,79853981,3164742733691845
19189429,72.9692,79853981,3164952749661875
19192059,72.9792,79853981,3165162765631905
19194689,72.9892,79853981,3165372781601935
19197319,72.9992,79853981,3165582797571965
19199949,73.0092,79853981,3165792813541995
19202579,73.0192,79853981,3166002829512025
19205209,73.0292,79853981,3166212845482055
19207839,73.0392,79853981,3166422861452085
19210469,73.0492,79853981,3166632877422115
19213099,73.0592,79853981,3166842893392145
19215729,73.0692,79853981,3167052909362175
19218359,73.0792,79853981,3167262925332205
19220989,73.0892,79853981,3167472941302235
19223619,73.0992,79853981,3167682957272265
19226249,73.1092,79853981,3167892973242295
19228879,73.1192,79853981,3168102989212325
19231509,73.1292,79853981,3168313005182355
19234139,73.1392,79853981,3168523021152385
19236769,73.1492,79853981,3168733037122415
19239399,73.1592,79853981,3168943053092445
19242029,73.1692,79853981,3169153069062475
19244659,73.1792,79853981,3169363085032505
19247289,73.1892,79853981,3169573101002535
19249919,73.1992,79853981,3169783116972565
19252549,73.2092,79853981,3169993132942595
19255179,73.2192,79853981,3170203148912625
19257809,73.2292,79853981,3170413164882655
19260439,73.2392,79853981,3170623180852685
19263069,73.2492,79853981,3170833196822715
19265699,73.2592,79853981,3171043212792745
19268329,73.2692,79853981,3171253228762775
19270959,73.2792,79853981,3171463244732805
19273589,73.2892,79853981,3171673260702835
19276219,73.2992,79853981,3171883276672865
19278849,73.3092,79853981,3172093292642895
19281479,73.3192,79853981,3172303308612925
19284109,73.3292,79853981,3172513324582955
19286739,73.3392,79853981,3172723340552985
19289369,73.3492,79853981,3172933356523015
19291999,73.3592,79853981,3173143372493045
19294629,73.3692,79853981,3173353388463075
19297259,73.3792,79853981,3173563404433105
19299889,73.3892,79853981,3173773420403135
19302519,73.3992,79853981,3173983436373165
19305149,73.4092,79853981,3174193452343195
19307779,73.4192,79853981,3174403468313225
19310409,73.4292,79853981,3174613484283255
19313039,73.4392,79853981,3174823500253285
19315669,73.4492,79853981,3175033516223315
19318299,73.4592,79853981,3175243532193345
19320929,73.4692,79853981,3175453548163375
19323559,73.4792,79853981,3175663564133405
19326189,73.4892,79853981,3175873580103435
19328819,73.4992,79853981,3176083596073465
19331449,73.5092,79853981,3176293612043495
19334079,73.5192,79853981,3176503628013525
19336709,73.5292,79853981,3176713643983555
19339339,73.5392,79853981,3176923659953585
19341969,73.5492,79853981,3177133675923615
19344599,73.5592,79853981,3177343691893645
19347229,73.5692,79853981,3177553707863675
19349859,73.5792,79853981,3177763723833705
19352489,73.5892,79853981,3177973739803735
19355119,73.5992,79853981,3178183755773765
19357749,73.6092,79853981,3178393771743795
19360379,73.6192,79853981,3178603787713825
19363009,73.6292,79853981,3178813803683855
19365639,73.6392,79853981,3179023819653885
19368269,73.6492,79853981,3179233835623915
19370899,73.6592,79853981,3179443851593945
19373529,73.6692,79853981,3179653867563975
19376159,73.6792,79853981,3179863883534005
19378789,73.6892,79853981,3180073899504035
19381419,73.6992,79853981,3180283915474065
19384049,73.7092,79853981,3180493931444095
19386679,73.7192,79853981,3180703947414125
19389309,73.7292,79853981,3180913963384155
19391939,73.7392,79853981,3181123979354185
19394569,73.7492,79853981,3181333995324215
19397199,73.7592,79853981,3181544011294245
19399829,73.7692,79853981,3181754027264275
19402459,73.7792,79853981,3181964043234305
19405089,73.7892,79853981,3182174059204335
19407719,73.7992,79853981,3182384075174365
19410349,73.8092,79853981,3182594091144395
19412979,73.8192,79853981,3182804107114425
19415609,73.8292,79853981,3183014123084455
19418239,73.8392,79853981,3183224139054485
19420869,73.8492,79853981,3183434155024515
19423499,73.8592,79853981,3183644170994545
19426129,73.8692,79853981,3183854186964575
19428759,73.8792,79853981,3184064202934605
19431389,73.8892,79853981,3184274218904635
19434019,73.8992,79853981,3184484234874665
19436649,73.9092,79853981,3184694250844695
19439279,73.9192,79853981,3184904266814725
19441909,73.9292,79853981,3185114282784755
19444539,73.9392,79853981,3185324298754785
19447169,73.9492,79853981,3185534314724815
19449799,73.9592,79853981,3185744330694845
19452429,73.9692,79853981,3185954346664875
19455059,73.9792,79853981,3186164362634905
19457689,73.9892,79853981,3186374378604935
19460319,73.9992,79853981,3186584394574965
19462949,74.0092,79853981,3186794410544995
19465579,74.0192,79853981,3187004426515025
19468209,74.0292,79853981,3187214442485055
19470839,74.0392,79853981,3187424458455085
19473469,74.0492,79853981,3187634474425115
19476099,74.0592,79853981,3187844490395145
19478729,74.0692,79853981,3188054506365175
19481359,74.0792,79853981,3188264522335205
19483989,74.0892,79853981,3188474538305235
19486619,74.0992,79853981,3188684554275265
19489249,74.1092,79853981,3188894570245295
19491879,74.1192,79853981,3189104586215325
19494509,74.1292,79853981,3189314602185355
19497139,74.1392,79853981,3189524618155385
19499769,74.1492,79853981,3189734634125415
19502399,74.1592,79853981,3189944650095445
19505029,74.1692,79853981,3190154666065475
19507659,74.1792,79853981,3190364682035505
19510289,74.1893,79853981,3190574698005535
19512919,74.1993,79853981,3190784713975565
19515549,74.2093,79853981,3190994729945595
19518179,74.2193,79853981,3191204745915625
19520809,74.2293,79853981,3191414761885655
19523439,74.2393,79853981,3191624777855685
19526069,74.2493,79853981,3191834793825715
19528699,74.2593,79853981,3192044809795745
19531329,74.2693,79853981,3192254825765775
19533959,74.2793,79853981,3192464841735805
19536589,74.2893,79853981,3192674857705835
19539219,74.2993,79853981,3192884873675865
19541849,74.3093,79853981,3193094889645895
19544479,74.3193,79853981,3193304905615925
19547109,74.3293,79853981,3193514921585955
19549739,74.3393,79853981,3193724937555985
19552369,74.3493,79853981,3193934953526015
19554999,74.3593,79853981,3194144969496045
19557629,74.3693,79853981,3194354985466075
19560259,74.3793,79853981,3194565001436105
19562889,74.3893,79853981,3194775017406135
19565519,74.3993,79853981,3194985033376165
19568149,74.4093,79853981,3195195049346195
19570779,74.4193,79853981,3195405065316225
19573409,74.4293,79853981,3195615081286255
19576039,74.4393,79853981,3195825097256285
19578669,74.4493,79853981,3196035113226315
19581299,74.4593,79853981,3196245129196345
19583929,74.4693,79853981,3196455145166375
19586559,74.4793,79853981,3196665161136405
19589189,74.4893,79853981,3196875177106435
19591819,74.4993,79853981,3197085193076465
19594449,74.5093,79853981,3197295209046495
19597079,74.5193,79853981,3197505225016525
19599709,74.5293,79853981,3197715240986555
19602339,74.5393,79853981,3197925256956585
19604969,74.5493,79853981,3198135272926615
19607599,74.5593,79853981,3198345288896645
19610229,74.5693,79853981,3198555304866675
19612859,74.5793,79853981,3198765320836705
19615489,74.5893,79853981,3198975336806735
19618119,74.5993,79853981,3199185352776765
19620749,74.6093,79853981,3199395368746795
19623379,74.6193,79853981,3199605384716825
19626009,74.6293,79853981,3199815400686855
19628639,74.6393,79853981,3200025416656885
19631269,74.6493,79853981,3200235432626915
19633899,74.6593,79853981,3200445448596945
19636529,74.6693,79853981,3200655464566975
19639159,74.6793,79853981,3200865480537005
19641789,74.6893,79853981,3201075496507035
19644419,74.6993,79853981,3201285512477065
19647049,74.7093,79853981,3201495528447095
19649679,74.7193,79853981,3201705544417125
19652309,74.7293,79853981,3201915560387155
19654939,74.7393,79853981,3202125576357185
19657569,74.7493,79853981,3202335592327215
19660199,74.7593,79853981,3202545608297245
19662829,74.7693,79853981,3202755624267275
19665459,74.7793,79853981,3202965640237305
19668089,74.7893,79853981,3203175656207335
19670719,74.7993,79853981,3203385672177365
19673349,74.8093,79853981,3203595688147395
19675979,74.8193,79853981,3203805704117425
19678609,74.8293,79853981,3204015720087455
19681239,74.8393,79853981,3204225736057485
19683869,74.8493,79853981,3204435752027515
19686499,74.8593,79853981,3204645767997545
19689129,74.8693,79853981,3204855783967575
19691759,74.8793,79853981,3205065799937605
19694389,74.8893,79853981,3205275815907635
19697019,74.8993,79853981,3205485831877665
19699649,74.9093,79853981,3205695847847695
19702279,74.9193,79853981,3205905863817725
19704909,74.9293,79853981,3206115879787755
19707539,74.9393,79853981,3206325895757785
19710169,74.9493,79853981,3206535911727815
19712799,74.9593,79853981,3206745927697845
19715429,74.9693,79853981,3206955943667875
19718059,74.9793,79853981,3207165959637905
19720689,74.9893,79853981,3207375975607935
19723319,74.9993,79853981,3207585991577965
19725949,75.0093,79853981,3207796007547995
19728579,75.0193,79853981,3208006023518025
19731209,75.0293,79853981,3208216039488055
19733839,75.0393,79853981,3208426055458085
19736469,75.0493,79853981,3208636071428115
19739099,75.0593,79853981,3208846087398145
19741729,75.0693,79853981,3209056103368175
19744359,75.0793,79853981,3209266119338205
19746989,75.0893,79853981,3209476135308235
19749619,75.0993,79853981,3209686151278265
19752249,75.1093,79853981,3209896167248295
19754879,75.1193,79853981,3210106183218325
19757509,75.1293,79853981,3210316199188355
19760139,75.1393,79853981,3210526215158385
19762769,75.1493,79853981,3210736231128415
19765399,75.1593,79853981,3210946247098445
19768029,75.1693,79853981,3211156263068475
19770659,75.1793,79853981,3211366279038505
19773289,75.1893,79853981,3211576295008535
19775919,75.1993,79853981,3211786310978565
19778549,75.2093,79853981,3211996326948595
19781179,75.2193,79853981,3212206342918625
19783809,75.2293,79853981,3212416358888655
19786439,75.2393,79853981,3212626374858685
19789069,75.2493,79853981,3212836390828715
19791699,75.2593,79853981,3213046406798745
19794329,75.2693,79853981,3213256422768775
19796959,75.2793,79853981,3213466438738805
19799589,75.2893,79853981,3213676454708835
19802219,75.2993,79853981,3213886470678865
19804849,75.3093,79853981,3214096486648895
19807479,75.3193,79853981,3214306502618925
19810109,75.3293,79853981,3214516518588955
19812739,75.3393,79853981,3214726534558985
19815369,75.3493,79853981,3214936550529015
19817999,75.3593,79853981,3215146566499045
19820629,75.3693,79853981,3215356582469075
19823259,75.3793,79853981,3215566598439105
19825889,75.3893,79853981,3215776614409135
19828519,75.3993,79853981,3215986630379165
19831149,75.4093,79853981,3216196646349195
19833779,75.4193,79853981,3216406662319225
19836409,75.4293,79853981,3216616678289255
19839039,75.4393,79853981,3216826694259285
19841669,75.4493,79853981,3217036710229315
19844299,75.4593,79853981,3217246726199345
19846929,75.4693,79853981,3217456742169375
19849559,75.4793,79853981,3217666758139405
19852189,75.4893,79853981,3217876774109435
19854819,75.4993,79853981,3218086790079465
19857449,75.5094,79853981,3218296806049495
19860079,75.5194,79853981,3218506822019525
19862709,75.5294,79853981,3218716837989555
19865339,75.5394,79853981,3218926853959585
19867969,75.5494,79853981,3219136869929615
19870599,75.5594,79853981,3219346885899645
19873229,75.5694,79853981,3219556901869675
19875859,75.5794,79853981,3219766917839705
19878489,75.5894,79853981,3219976933809735
19881119,75.5994,79853981,3220186949779765
19883749,75.6094,79853981,3220396965749795
19886379,75.6194,79853981,3220606981719825
19889009,75.6294,79853981,3220816997689855
19891639,75.6394,79853981,3221027013659885
19894269,75.6494,79853981,3221237029629915
19896899,75.6594,79853981,3221447045599945
19899529,75.6694,79853981,3221657061569975
19902159,75.6794,79853981,3221867077540005
19904789,75.6894,79853981,3222077093510035
19907419,75.6994,79853981,3222287109480065
19910049,75.7094,79853981,3222497125450095
19912679,75.7194,79853981,3222707141420125
19915309,75.7294,79853981,3222917157390155
19917939,75.7394,79853981,3223127173360185
19920569,75.7494,79853981,3223337189330215
19923199,75.7594,79853981,3223547205300245
19925829,75.7694,79853981,3223757221270275
19928459,75.7794,79853981,3223967237240305
19931089,75.7894,79853981,3224177253210335
19933719,75.7994,79853981,3224387269180365
19936349,75.8094,79853981,3224597285150395
19938979,75.8194,79853981,3224807301120425
19941609,75.8294,79853981,3225017317090455
19944239,75.8394,79853981,3225227333060485
19946869,75.8494,79853981,3225437349030515
19949499,75.8594,79853981,3225647365000545
19952129,75.8694,79853981,3225857380970575
19954759,75.8794,79853981,3226067396940605
19957389,75.8894,79853981,3226277412910635
19960019,75.8994,79853981,3226487428880665
19962649,75.9094,79853981,3226697444850695
19965279,75.9194,79853981,3226907460820725
19967909,75.9294,79853981,3227117476790755
19970539,75.9394,79853981,3227327492760785
19973169,75.9494,79853981,3227537508730815
19975799,75.9594,79853981,3227747524700845
19978429,75.9694,79853981,3227957540670875
19981059,75.9794,79853981,3228167556640905
19983689,75.9894,79853981,3228377572610935
19986319,75.9994,79853981,3228587588580965
19988949,76.0094,79853981,3228797604550995
19991579,76.0194,79853981,3229007620521025
19994209,76.0294,79853981,3229217636491055
19996839,76.0394,79853981,3229427652461085
19999469,76.0494,79853981,3229637668431115
20002099,76.0594,79853981,3229847684401145
20004729,76.0694,79853981,3230057700371175
20007359,76.0794,79853981,3230267716341205
20009989,76.0894,79853981,3230477732311235
20012619,76.0994,79853981,3230687748281265
20015249,76.1094,79853981,3230897764251295
20017879,76.1194,79853981,3231107780221325
20020509,76.1294,79853981,3231317796191355
20023139,76.1394,79853981,3231527812161385
20025769,76.1494,79853981,3231737828131415
20028399,76.1594,79853981,3231947844101445
20031029,76.1694,79853981,3232157860071475
20033659,76.1794,79853981,3232367876041505
20036289,76.1894,79853981,3232577892011535
20038919,76.1994,79853981,3232787907981565
20041549,76.2094,79853981,3232997923951595
20044179,76.2194,79853981,3233207939921625
20046809,76.2294,79853981,3233417955891655
20049439,76.2394,79853981,3233627971861685
20052069,76.2494,79853981,3233837987831715
20054699,76.2594,79853981,3234048003801745
20057329,76.2694,79853981,3234258019771775
20059959,76.2794,79853981,3234468035741805
20062589,76.2894,79853981,3234678051711835
20065219,76.2994,79853981,3234888067681865
20067849,76.3094,79853981,3235098083651895
20070479,76.3194,79853981,3235308099621925
20073109,76.3294,79853981,3235518115591955
20075739,76.3394,79853981,3235728131561985
20078369,76.3494,79853981,3235938147532015
20080999,76.3594,79853981,3236148163502045
20083629,76.3694,79853981,3236358179472075
20086259,76.3794,79853981,3236568195442105
20088889,76.3894,79853981,3236778211412135
20091519,76.3994,79853981,3236988227382165
20094149,76.4094,79853981,3237198243352195
20096779,76.4194,79853981,3237408259322225
20099409,76.4294,79853981,3237618275292255
20102039,76.4394,79853981,3237828291262285
20104669,76.4494,79853981,3238038307232315
20107299,76.4594,79853981,3238248323202345
20109929,76.4694,79853981,3238458339172375
20112559,76.4794,79853981,3238668355142405
20115189,76.4894,79853981,3238878371112435
20117819,76.4994,79853981,3239088387082465
20120449,76.5094,79853981,3239298403052495
20123079,76.5194,79853981,3239508419022525
20125709,76.5294,79853981,3239718434992555
20128339,76.5394,79853981,3239928450962585
20130969,76.5494,79853981,3240138466932615
20133599,76.5594,79853981,3240348482902645
20136229,76.5694,79853981,3240558498872675
20138859,76.5794,79853981,3240768514842705
20141489,76.5894,79853981,3240978530812735
20144119,76.5994,79853981,3241188546782765
20146749,76.6094,79853981,3241398562752795
20149379,76.6194,79853981,3241608578722825
20152009,76.6294,79853981,3241818594692855
20154639,76.6394,79853981,3242028610662885
20157269,76.6494,79853981,3242238626632915
20159899,76.6594,79853981,3242448642602945
20162529,76.6694,79853981,3242658658572975
20165159,76.6794,79853981,3242868674543005
20167789,76.6894,79853981,3243078690513035
20170419,76.6994,79853981,3243288706483065
20173049,76.7094,79853981,3243498722453095
20175679,76.7194,79853981,3243708738423125
20178309,76.7294,79853981,3243918754393155
20180939,76.7394,79853981,3244128770363185
20183569,76.7494,79853981,3244338786333215
20186199,76.7594,79853981,3244548802303245
20188829,76.7694,79853981,3244758818273275
20191459,76.7794,79853981,3244968834243305
20194089,76.7894,79853981,3245178850213335
20196719,76.7994,79853981,3245388866183365
20199349,76.8094,79853981,3245598882153395
20201979,76.8195,79853981,3245808898123425
20204609,76.8295,79853981,3246018914093455
20207239,76.8395,79853981,3246228930063485
20209869,76.8495,79853981,3246438946033515
20212499,76.8595,79853981,3246648962003545
20215129,76.8695,79853981,3246858977973575
20217759,76.8795,79853981,3247068993943605
20220389,76.8895,79853981,3247279009913635
20223019,76.8995,79853981,3247489025883665
20225649,76.9095,79853981,3247699041853695
20228279,76.9195,79853981,3247909057823725
20230909,76.9295,79853981,3248119073793755
20233539,76.9395,79853981,3248329089763785
20236169,76.9495,79853981,3248539105733815
20238799,76.9595,79853981,3248749121703845
20241429,76.9695,79853981,3248959137673875
20244059,76.9795,79853981,3249169153643905
20246689,76.9895,79853981,3249379169613935
20249319,76.9995,79853981,3249589185583965
20251949,77.0095,79853981,3249799201553995
20254579,77.0195,79853981,3250009217524025
20257209,77.0295,79853981,3250219233494055
20259839,77.0395,79853981,3250429249464085
20262469,77.0495,79853981,3250639265434115
20265099,77.0595,79853981,3250849281404145
20267729,77.0695,79853981,3251059297374175
20270359,77.0795,79853981,3251269313344205
20272989,77.0895,79853981,3251479329314235
20275619,77.0995,79853981,3251689345284265
20278249,77.1095,79853981,3251899361254295
20280879,77.1195,79853981,3252109377224325
20283509,77.1295,79853981,3252319393194355
20286139,77.1395,79853981,3252529409164385
20288769,77.1495,79853981,3252739425134415
20291399,77.1595,79853981,3252949441104445
20294029,77.1695,79853981,3253159457074475
20296659,77.1795,79853981,3253369473044505
20299289,77.1895,79853981,3253579489014535
20301919,77.1995,79853981,3253789504984565
20304549,77.2095,79853981,3253999520954595
20307179,77.2195,79853981,3254209536924625
20309809,77.2295,79853981,3254419552894655
20312439,77.2395,79853981,3254629568864685
20315069,77.2495,79853981,3254839584834715
20317699,77.2595,79853981,3255049600804745
20320329,77.2695,79853981,3255259616774775
20322959,77.2795,79853981,3255469632744805
20325589,77.2895,79853981,3255679648714835
20328219,77.2995,79853981,3255889664684865
20330849,77.3095,79853981,3256099680654895
20333479,77.3195,79853981,3256309696624925
20336109,77.3295,79853981,3256519712594955
20338739,77.3395,79853981,3256729728564985
20341369,77.3495,79853981,3256939744535015
20343999,77.3595,79853981,3257149760505045
20346629,77.3695,79853981,3257359776475075
20349259,77.3795,79853981,3257569792445105
20351889,77.3895,79853981,3257779808415135
20354519,77.3995,79853981,3257989824385165
20357149,77.4095,79853981,3258199840355195
20359779,77.4195,79853981,3258409856325225
20362409,77.4295,79853981,3258619872295255
20365039,77.4395,79853981,3258829888265285
20367669,77.4495,79853981,3259039904235315
20370299,77.4595,79853981,3259249920205345
20372929,77.4695,79853981,3259459936175375
20375559,77.4795,79853981,3259669952145405
20378189,77.4895,79853981,3259879968115435
20380819,77.4995,79853981,3260089984085465
20383449,77.5095,79853981,3260300000055495
20386079,77.5195,79853981,3260510016025525
20388709,77.5295,79853981,3260720031995555
20391339,77.5395,79853981,3260930047965585
20393969,77.5495,79853981,3261140063935615
20396599,77.5595,79853981,3261350079905645
20399229,77.5695,79853981,3261560095875675
20401859,77.5795,79853981,3261770111845705
20404489,77.5895,79853981,3261980127815735
20407119,77.5995,79853981,3262190143785765
20409749,77.6095,79853981,3262400159755795
20412379,77.6195,79853981,3262610175725825
20415009,77.6295,79853981,3262820191695855
20417639,77.6395,79853981,3263030207665885
20420269,77.6495,79853981,3263240223635915
20422899,77.6595,79853981,3263450239605945
20425529,77.6695,79853981,3263660255575975
20428159,77.6795,79853981,3263870271546005
20430789,77.6895,79853981,3264080287516035
20433419,77.6995,79853981,3264290303486065
20436049,77.7095,79853981,3264500319456095
20438679,77.7195,79853981,3264710335426125
20441309,77.7295,79853981,3264920351396155
20443939,77.7395,79853981,3265130367366185
20446569,77.7495,79853981,3265340383336215
20449199,77.7595,79853981,3265550399306245
20451829,77.7695,79853981,3265760415276275
20454459,77.7795,79853981,3265970431246305
20457089,77.7895,79853981,3266180447216335
20459719,77.7995,79853981,3266390463186365
20462349,77.8095,79853981,3266600479156395
20464979,77.8195,79853981,3266810495126425
20467609,77.8295,79853981,3267020511096455
20470239,77.8395,79853981,3267230527066485
20472869,77.8495,79853981,3267440543036515
20475499,77.8595,79853981,3267650559006545
20478129,77.8695,79853981,3267860574976575
20480759,77.8795,79853981,3268070590946605
20483389,77.8895,79853981,3268280606916635
20486019,77.8995,79853981,3268490622886665
20488649,77.9095,79853981,3268700638856695
20491279,77.9195,79853981,3268910654826725
20493909,77.9295,79853981,3269120670796755
20496539,77.9395,79853981,3269330686766785
20499169,77.9495,79853981,3269540702736815
20501799,77.9595,79853981,3269750718706845
20504429,77.9695,79853981,3269960734676875
20507059,77.9795,79853981,3270170750646905
20509689,77.9895,79853981,3270380766616935
20512319,77.9995,79853981,3270590782586965
20514949,78.0095,79853981,3270800798556995
20517579,78.0195,79853981,3271010814527025
20520209,78.0295,79853981,3271220830497055
20522839,78.0395,79853981,3271430846467085
20525469,78.0495,79853981,3271640862437115
20528099,78.0595,79853981,3271850878407145
20530729,78.0695,79853981,3272060894377175
20533359,78.0795,79853981,3272270910347205
20535989,78.0895,79853981,3272480926317235
20538619,78.0995,79853981,3272690942287265
20541249,78.1095,79853981,3272900958257295
20543879,78.1195,79853981,3273110974227325
20546509,78.1295,79853981,3273320990197355
20549139,78.1396,79853981,3273531006167385
20551769,78.1496,79853981,3273741022137415
20554399,78.1596,79853981,3273951038107445
20557029,78.1696,79853981,3274161054077475
20559659,78.1796,79853981,3274371070047505
20562289,78.1896,79853981,3274581086017535
20564919,78.1996,79853981,3274791101987565
20567549,78.2096,79853981,3275001117957595
20570179,78.2196,79853981,3275211133927625
20572809,78.2296,79853981,3275421149897655
20575439,78.2396,79853981,3275631165867685
20578069,78.2496,79853981,3275841181837715
20580699,78.2596,79853981,3276051197807745
20583329,78.2696,79853981,3276261213777775
20585959,78.2796,79853981,3276471229747805
20588589,78.2896,79853981,3276681245717835
20591219,78.2996,79853981,3276891261687865
20593849,78.3096,79853981,3277101277657895
20596479,78.3196,79853981,3277311293627925
20599109,78.3296,79853981,3277521309597955
20601739,78.3396,79853981,3277731325567985
20604369,78.3496,79853981,3277941341538015
20606999,78.3596,79853981,3278151357508045
20609629,78.3696,79853981,3278361373478075
20612259,78.3796,79853981,3278571389448105
20614889,78.3896,79853981,3278781405418135
20617519,78.3996,79853981,3278991421388165
20620149,78.4096,79853981,3279201437358195
20622779,78.4196,79853981,3279411453328225
20625409,78.4296,79853981,3279621469298255
20628039,78.4396,79853981,3279831485268285
20630669,78.4496,79853981,3280041501238315
20633299,78.4596,79853981,3280251517208345
20635929,78.4696,79853981,3280461533178375
20638559,78.4796,79853981,3280671549148405
20641189,78.4896,79853981,3280881565118435
20643819,78.4996,79853981,3281091581088465
20646449,78.5096,79853981,3281301597058495
20649079,78.5196,79853981,3281511613028525
20651709,78.5296,79853981,3281721628998555
20654339,78.5396,79853981,3281931644968585
20656969,78.5496,79853981,3282141660938615
20659599,78.5596,79853981,3282351676908645
20662229,78.5696,79853981,3282561692878675
20664859,78.5796,79853981,3282771708848705
20667489,78.5896,79853981,3282981724818735
20670119,78.5996,79853981,3283191740788765
20672749,78.6096,79853981,3283401756758795
20675379,78.6196,79853981,3283611772728825
20678009,78.6296,79853981,3283821788698855
20680639,78.6396,79853981,3284031804668885
20683269,78.6496,79853981,3284241820638915
20685899,78.6596,79853981,3284451836608945
20688529,78.6696,79853981,3284661852578975
20691159,78.6796,79853981,3284871868549005
20693789,78.6896,79853981,3285081884519035
20696419,78.6996,79853981,3285291900489065
20699049,78.7096,79853981,3285501916459095
20701679,78.7196,79853981,3285711932429125
20704309,78.7296,79853981,3285921948399155
20706939,78.7396,79853981,3286131964369185
20709569,78.7496,79853981,3286341980339215
20712199,78.7596,79853981,3286551996309245
20714829,78.7696,79853981,3286762012279275
20717459,78.7796,79853981,3286972028249305
20720089,78.7896,79853981,3287182044219335
20722719,78.7996,79853981,3287392060189365
20725349,78.8096,79853981,3287602076159395
20727979,78.8196,79853981,3287812092129425
20730609,78.8296,79853981,3288022108099455
20733239,78.8396,79853981,3288232124069485
20735869,78.8496,79853981,3288442140039515
20738499,78.8596,79853981,3288652156009545
20741129,78.8696,79853981,3288862171979575
20743759,78.8796,79853981,3289072187949605
20746389,78.8896,79853981,3289282203919635
20749019,78.8996,79853981,3289492219889665
20751649,78.9096,79853981,3289702235859695
20754279,78.9196,79853981,3289912251829725
20756909,78.9296,79853981,3290122267799755
20759539,78.9396,79853981,3290332283769785
20762169,78.9496,79853981,3290542299739815
20764799,78.9596,79853981,3290752315709845
20767429,78.9696,79853981,3290962331679875
20770059,78.9796,79853981,3291172347649905
20772689,78.9896,79853981,3291382363619935
20775319,78.9996,79853981,3291592379589965
20777949,79.0096,79853981,3291802395559995
20780579,79.0196,79853981,3292012411530025
20783209,79.0296,79853981,3292222427500055
20785839,79.0396,79853981,3292432443470085
20788469,79.0496,79853981,3292642459440115
20791099,79.0596,79853981,3292852475410145
20793729,79.0696,79853981,3293062491380175
20796359,79.0796,79853981,3293272507350205
20798989,79.0896,79853981,3293482523320235
20801619,79.0996,79853981,3293692539290265
20804249,79.1096,79853981,3293902555260295
20806879,79.1196,79853981,3294112571230325
20809509,79.1296,79853981,3294322587200355
20812139,79.1396,79853981,3294532603170385
20814769,79.1496,79853981,3294742619140415
20817399,79.1596,79853981,3294952635110445
20820029,79.1696,79853981,3295162651080475
20822659,79.1796,79853981,3295372667050505
20825289,79.1896,79853981,3295582683020535
20827919,79.1996,79853981,3295792698990565
20830549,79.2096,79853981,3296002714960595
20833179,79.2196,79853981,3296212730930625
20835809,79.2296,79853981,3296422746900655
20838439,79.2396,79853981,3296632762870685
20841069,79.2496,79853981,3296842778840715
20843699,79.2596,79853981,3297052794810745
20846329,79.2696,79853981,3297262810780775
20848959,79.2796,79853981,3297472826750805
20851589,79.2896,79853981,3297682842720835
20854219,79.2996,79853981,3297892858690865
20856849,79.3096,79853981,3298102874660895
20859479,79.3196,79853981,3298312890630925
20862109,79.3296,79853981,3298522906600955
20864739,79.3396,79853981,3298732922570985
20867369,79.3496,79853981,3298942938541015
20869999,79.3596,79853981,3299152954511045
20872629,79.3696,79853981,3299362970481075
20875259,79.3796,79853981,3299572986451105
20877889,79.3896,79853981,3299783002421135
20880519,79.3996,79853981,3299993018391165
20883149,79.4096,79853981,3300203034361195
20885779,79.4196,79853981,3300413050331225
20888409,79.4296,79853981,3300623066301255
20891039,79.4396,79853981,3300833082271285
20893669,79.4497,79853981,3301043098241315
20896299,79.4597,79853981,3301253114211345
20898929,79.4697,79853981,3301463130181375
20901559,79.4797,79853981,3301673146151405
20904189,79.4897,79853981,3301883162121435
20906819,79.4997,79853981,3302093178091465
20909449,79.5097,79853981,3302303194061495
20912079,79.5197,79853981,3302513210031525
20914709,79.5297,79853981,3302723226001555
20917339,79.5397,79853981,3302933241971585
20919969,79.5497,79853981,3303143257941615
20922599,79.5597,79853981,3303353273911645
20925229,79.5697,79853981,3303563289881675
20927859,79.5797,79853981,3303773305851705
20930489,79.5897,79853981,3303983321821735
20933119,79.5997,79853981,3304193337791765
20935749,79.6097,79853981,3304403353761795
20938379,79.6197,79853981,3304613369731825
20941009,79.6297,79853981,3304823385701855
20943639,79.6397,79853981,3305033401671885
20946269,79.6497,79853981,3305243417641915
20948899,79.6597,79853981,3305453433611945
20951529,79.6697,79853981,3305663449581975
20954159,79.6797,79853981,3305873465552005
20956789,79.6897,79853981,3306083481522035
20959419,79.6997,79853981,3306293497492065
20962049,79.7097,79853981,3306503513462095
20964679,79.7197,79853981,3306713529432125
20967309,79.7297,79853981,3306923545402155
20969939,79.7397,79853981,3307133561372185
20972569,79.7497,79853981,3307343577342215
20975199,79.7597,79853981,3307553593312245
20977829,79.7697,79853981,3307763609282275
20980459,79.7797,79853981,3307973625252305
20983089,79.7897,79853981,3308183641222335
20985719,79.7997,79853981,3308393657192365
20988349,79.8097,79853981,3308603673162395
20990979,79.8197,79853981,3308813689132425
20993609,79.8297,79853981,3309023705102455
20996239,79.8397,79853981,3309233721072485
20998869,79.8497,79853981,3309443737042515
21001499,79.8597,79853981,3309653753012545
21004129,79.8697,79853981,3309863768982575
21006759,79.8797,79853981,3310073784952605
21009389,79.8897,79853981,3310283800922635
21012019,79.8997,79853981,3310493816892665
21014649,79.9097,79853981,3310703832862695
21017279,79.9197,79853981,3310913848832725
21019909,79.9297,79853981,3311123864802755
21022539,79.9397,79853981,3311333880772785
21025169,79.9497,79853981,3311543896742815
21027799,79.9597,79853981,3311753912712845
21030429,79.9697,79853981,3311963928682875
21033059,79.9797,79853981,3312173944652905
21035689,79.9897,79853981,3312383960622935
21038319,79.9997,79853981,3312593976592965
21040949,80.0097,79853981,3312803992562995
21043579,80.0197,79853981,3313014008533025
21046209,80.0297,79853981,3313224024503055
21048839,80.0397,79853981,3313434040473085
21051469,80.0497,79853981,3313644056443115
21054099,80.0597,79853981,3313854072413145
21056729,80.0697,79853981,3314064088383175
21059359,80.0797,79853981,3314274104353205
21061989,80.0897,79853981,3314484120323235
21064619,80.0997,79853981,3314694136293265
21067249,80.1097,79853981,3314904152263295
21069879,80.1197,79853981,3315114168233325
21072509,80.1297,79853981,3315324184203355
21075139,80.1397,79853981,3315534200173385
21077769,80.1497,79853981,3315744216143415
21080399,80.1597,79853981,3315954232113445
21083029,80.1697,79853981,3316164248083475
21085659,80.1797,79853981,3316374264053505
21088289,80.1897,79853981,3316584280023535
21090919,80.1997,79853981,3316794295993565
21093549,80.2097,79853981,3317004311963595
21096179,80.2197,79853981,3317214327933625
21098809,80.2297,79853981,3317424343903655
21101439,80.2397,79853981,3317634359873685
21104069,80.2497,79853981,3317844375843715
21106699,80.2597,79853981,3318054391813745
21109329,80.2697,79853981,3318264407783775
21111959,80.2797,79853981,3318474423753805
21114589,80.2897,79853981,3318684439723835
21117219,80.2997,79853981,3318894455693865
21119849,80.3097,79853981,3319104471663895
21122479,80.3197,79853981,3319314487633925
21125109,80.3297,79853981,3319524503603955
21127739,80.3397,79853981,3319734519573985
21130369,80.3497,79853981,3319944535544015
21132999,80.3597,79853981,3320154551514045
21135629,80.3697,79853981,3320364567484075
21138259,80.3797,79853981,3320574583454105
21140889,80.3897,79853981,3320784599424135
21143519,80.3997,79853981,3320994615394165
21146149,80.4097,79853981,3321204631364195
21148779,80.4197,79853981,3321414647334225
21151409,80.4297,79853981,3321624663304255
21154039,80.4397,79853981,3321834679274285
21156669,80.4497,79853981,3322044695244315
21159299,80.4597,79853981,3322254711214345
21161929,80.4697,79853981,3322464727184375
21164559,80.4797,79853981,3322674743154405
21167189,80.4897,79853981,3322884759124435
21169819,80.4997,79853981,3323094775094465
21172449,80.5097,79853981,3323304791064495
21175079,80.5197,79853981,3323514807034525
21177709,80.5297,79853981,3323724823004555
21180339,80.5397,79853981,3323934838974585
21182969,80.5497,79853981,3324144854944615
21185599,80.5597,79853981,3324354870914645
21188229,80.5697,79853981,3324564886884675
21190859,80.5797,79853981,3324774902854705
21193489,80.5897,79853981,3324984918824735
21196119,80.5997,79853981,3325194934794765
21198749,80.6097,79853981,3325404950764795
21201379,80.6197,79853981,3325614966734825
21204009,80.6297,79853981,3325824982704855
21206639,80.6397,79853981,3326034998674885
21209269,80.6497,79853981,3326245014644915
21211899,80.6597,79853981,3326455030614945
21214529,80.6697,79853981,3326665046584975
21217159,80.6797,79853981,3326875062555005
21219789,80.6897,79853981,3327085078525035
21222419,80.6997,79853981,3327295094495065
21225049,80.7097,79853981,3327505110465095
21227679,80.7197,79853981,3327715126435125
21230309,80.7297,79853981,3327925142405155
21232939,80.7397,79853981,3328135158375185
21235569,80.7497,79853981,3328345174345215
21238199,80.7597,79853981,3328555190315245
21240829,80.7698,79853981,3328765206285275
21243459,80.7798,79853981,3328975222255305
21246089,80.7898,79853981,3329185238225335
21248719,80.7998,79853981,3329395254195365
21251349,80.8098,79853981,3329605270165395
21253979,80.8198,79853981,3329815286135425
21256609,80.8298,79853981,3330025302105455
21259239,80.8398,79853981,3330235318075485
21261869,80.8498,79853981,3330445334045515
21264499,80.8598,79853981,3330655350015545
21267129,80.8698,79853981,3330865365985575
21269759,80.8798,79853981,3331075381955605
21272389,80.8898,79853981,3331285397925635
21275019,80.8998,79853981,3331495413895665
21277649,80.9098,79853981,3331705429865695
21280279,80.9198,79853981,3331915445835725
21282909,80.9298,79853981,3332125461805755
21285539,80.9398,79853981,3332335477775785
21288169,80.9498,79853981,3332545493745815
21290799,80.9598,79853981,3332755509715845
21293429,80.9698,79853981,3332965525685875
21296059,80.9798,79853981,3333175541655905
21298689,80.9898,79853981,3333385557625935
21301319,80.9998,79853981,3333595573595965
21303949,81.0098,79853981,3333805589565995
21306579,81.0198,79853981,3334015605536025
21309209,81.0298,79853981,3334225621506055
21311839,81.0398,79853981,3334435637476085
21314469,81.0498,79853981,3334645653446115
21317099,81.0598,79853981,3334855669416145
21319729,81.0698,79853981,3335065685386175
21322359,81.0798,79853981,3335275701356205
21324989,81.0898,79853981,3335485717326235
21327619,81.0998,79853981,3335695733296265
21330249,81.1098,79853981,3335905749266295
21332879,81.1198,79853981,3336115765236325
21335509,81.1298,79853981,3336325781206355
21338139,81.1398,79853981,3336535797176385
21340769,81.1498,79853981,3336745813146415
21343399,81.1598,79853981,3336955829116445
21346029,81.1698,79853981,3337165845086475
21348659,81.1798,79853981,3337375861056505
21351289,81.1898,79853981,3337585877026535
21353919,81.1998,79853981,3337795892996565
21356549,81.2098,79853981,3338005908966595
21359179,81.2198,79853981,3338215924936625
21361809,81.2298,79853981,3338425940906655
21364439,81.2398,79853981,3338635956876685
21367069,81.2498,79853981,3338845972846715
21369699,81.2598,79853981,3339055988816745
21372329,81.2698,79853981,3339266004786775
21374959,81.2798,79853981,3339476020756805
21377589,81.2898,79853981,3339686036726835
21380219,81.2998,79853981,3339896052696865
21382849,81.3098,79853981,3340106068666895
21385479,81.3198,79853981,3340316084636925
21388109,81.3298,79853981,3340526100606955
21390739,81.3398,79853981,3340736116576985
21393369,81.3498,79853981,3340946132547015
21395999,81.3598,79853981,3341156148517045
21398629,81.3698,79853981,3341366164487075
21401259,81.3798,79853981,3341576180457105
21403889,81.3898,79853981,3341786196427135
21406519,81.3998,79853981,3341996212397165
21409149,81.4098,79853981,3342206228367195
21411779,81.4198,79853981,3342416244337225
21414409,81.4298,79853981,3342626260307255
21417039,81.4398,79853981,3342836276277285
21419669,81.4498,79853981,3343046292247315
21422299,81.4598,79853981,3343256308217345
21424929,81.4698,79853981,3343466324187375
21427559,81.4798,79853981,3343676340157405
21430189,81.4898,79853981,3343886356127435
21432819,81.4998,79853981,3344096372097465
21435449,81.5098,79853981,3344306388067495
21438079,81.5198,79853981,3344516404037525
21440709,81.5298,79853981,3344726420007555
21443339,81.5398,79853981,3344936435977585
21445969,81.5498,79853981,3345146451947615
21448599,81.5598,79853981,3345356467917645
21451229,81.5698,79853981,3345566483887675
21453859,81.5798,79853981,3345776499857705
21456489,81.5898,79853981,3345986515827735
21459119,81.5998,79853981,3346196531797765
21461749,81.6098,79853981,3346406547767795
21464379,81.6198,79853981,3346616563737825
21467009,81.6298,79853981,3346826579707855
21469639,81.6398,79853981,3347036595677885
21472269,81.6498,79853981,3347246611647915
21474899,81.6598,79853981,3347456627617945
21477529,81.6698,79853981,3347666643587975
21480159,81.6798,79853981,3347876659558005
21482789,81.6898,79853981,3348086675528035
21485419,81.6998,79853981,3348296691498065
21488049,81.7098,79853981,3348506707468095
21490679,81.7198,79853981,3348716723438125
21493309,81.7298,79853981,3348926739408155
21495939,81.7398,79853981,3349136755378185
21498569,81.7498,79853981,3349346771348215
21501199,81.7598,79853981,3349556787318245
21503829,81.7698,79853981,3349766803288275
21506459,81.7798,79853981,3349976819258305
21509089,81.7898,79853981,3350186835228335
21511719,81.7998,79853981,3350396851198365
21514349,81.8098,79853981,3350606867168395
21516979,81.8198,79853981,3350816883138425
21519609,81.8298,79853981,3351026899108455
21522239,81.8398,79853981,3351236915078485
21524869,81.8498,79853981,3351446931048515
21527499,81.8598,79853981,3351656947018545
21530129,81.8698,79853981,3351866962988575
21532759,81.8798,79853981,3352076978958605
21535389,81.8898,79853981,3352286994928635
21538019,81.8998,79853981,3352497010898665
21540649,81.9098,79853981,3352707026868695
21543279,81.9198,79853981,3352917042838725
21545909,81.9298,79853981,3353127058808755
21548539,81.9398,79853981,3353337074778785
21551169,81.9498,79853981,3353547090748815
21553799,81.9598,79853981,3353757106718845
21556429,81.9698,79853981,3353967122688875
21559059,81.9798,79853981,3354177138658905
21561689,81.9898,79853981,3354387154628935
21564319,81.9998,79853981,3354597170598965
21566949,82.0098,79853981,3354807186568995
21569579,82.0198,79853981,3355017202539025
21572209,82.0298,79853981,3355227218509055
21574839,82.0398,79853981,3355437234479085
21577469,82.0498,79853981,3355647250449115
21580099,82.0598,79853981,3355857266419145
21582729,82.0698,79853981,3356067282389175
21585359,82.0799,79853981,3356277298359205
21587989,82.0899,79853981,3356487314329235
21590619,82.0999,79853981,3356697330299265
21593249,82.1099,79853981,3356907346269295
21595879,82.1199,79853981,3357117362239325
21598509,82.1299,79853981,3357327378209355
21601139,82.1399,79853981,3357537394179385
21603769,82.1499,79853981,3357747410149415
21606399,82.1599,79853981,3357957426119445
21609029,82.1699,79853981,3358167442089475
21611659,82.1799,79853981,3358377458059505
21614289,82.1899,79853981,3358587474029535
21616919,82.1999,79853981,3358797489999565
21619549,82.2099,79853981,3359007505969595
21622179,82.2199,79853981,3359217521939625
21624809,82.2299,79853981,3359427537909655
21627439,82.2399,79853981,3359637553879685
21630069,82.2499,79853981,3359847569849715
21632699,82.2599,79853981,3360057585819745
21635329,82.2699,79853981,3360267601789775
21637959,82.2799,79853981,3360477617759805
21640589,82.2899,79853981,3360687633729835
21643219,82.2999,79853981,3360897649699865
21645849,82.3099,79853981,3361107665669895
21648479,82.3199,79853981,3361317681639925
21651109,82.3299,79853981,3361527697609955
21653739,82.3399,79853981,3361737713579985
21656369,82.3499,79853981,3361947729550015
21658999,82.3599,79853981,3362157745520045
21661629,82.3699,79853981,3362367761490075
21664259,82.3799,79853981,3362577777460105
21666889,82.3899,79853981,3362787793430135
21669519,82.3999,79853981,3362997809400165
21672149,82.4099,79853981,3363207825370195
21674779,82.4199,79853981,3363417841340225
21677409,82.4299,79853981,3363627857310255
21680039,82.4399,79853981,3363837873280285
21682669,82.4499,79853981,3364047889250315
21685299,82.4599,79853981,3364257905220345
21687929,82.4699,79853981,3364467921190375
21690559,82.4799,79853981,3364677937160405
21693189,82.4899,79853981,3364887953130435
21695819,82.4999,79853981,3365097969100465
21698449,82.5099,79853981,3365307985070495
21701079,82.5199,79853981,3365518001040525
21703709,82.5299,79853981,3365728017010555
21706339,82.5399,79853981,3365938032980585
21708969,82.5499,79853981,3366148048950615
21711599,82.5599,79853981,3366358064920645
21714229,82.5699,79853981,3366568080890675
21716859,82.5799,79853981,3366778096860705
21719489,82.5899,79853981,3366988112830735
21722119,82.5999,79853981,3367198128800765
21724749,82.6099,79853981,3367408144770795
21727379,82.6199,79853981,3367618160740825
21730009,82.6299,79853981,3367828176710855
21732639,82.6399,79853981,3368038192680885
21735269,82.6499,79853981,3368248208650915
21737899,82.6599,79853981,3368458224620945
21740529,82.6699,79853981,3368668240590975
21743159,82.6799,79853981,3368878256561005
21745789,82.6899,79853981,3369088272531035
21748419,82.6999,79853981,3369298288501065
21751049,82.7099,79853981,3369508304471095
21753679,82.7199,79853981,3369718320441125
21756309,82.7299,79853981,3369928336411155
21758939,82.7399,79853981,3370138352381185
21761569,82.7499,79853981,3370348368351215
21764199,82.7599,79853981,3370558384321245
21766829,82.7699,79853981,3370768400291275
21769459,82.7799,79853981,3370978416261305
21772089,82.7899,79853981,3371188432231335
21774719,82.7999,79853981,3371398448201365
21777349,82.8099,79853981,3371608464171395
21779979,82.8199,79853981,3371818480141425
21782609,82.8299,79853981,3372028496111455
21785239,82.8399,79853981,3372238512081485
21787869,82.8499,79853981,3372448528051515
21790499,82.8599,79853981,3372658544021545
21793129,82.8699,79853981,3372868559991575
21795759,82.8799,79853981,3373078575961605
21798389,82.8899,79853981,3373288591931635
21801019,82.8999,79853981,3373498607901665
21803649,82.9099,79853981,3373708623871695
21806279,82.9199,79853981,3373918639841725
21808909,82.9299,79853981,3374128655811755
21811539,82.9399,79853981,3374338671781785
21814169,82.9499,79853981,3374548687751815
21816799,82.9599,79853981,3374758703721845
21819429,82.9699,79853981,3374968719691875
21822059,82.9799,79853981,3375178735661905
21824689,82.9899,79853981,3375388751631935
21827319,82.9999,79853981,3375598767601965
21829949,83.0099,79853981,3375808783571995
21832579,83.0199,79853981,3376018799542025
21835209,83.0299,79853981,3376228815512055
21837839,83.0399,79853981,3376438831482085
21840469,83.0499,79853981,3376648847452115
21843099,83.0599,79853981,3376858863422145
21845729,83.0699,79853981,3377068879392175
21848359,83.0799,79853981,3377278895362205
21850989,83.0899,79853981,3377488911332235
21853619,83.0999,79853981,3377698927302265
21856249,83.1099,79853981,3377908943272295
21858879,83.1199,79853981,3378118959242325
21861509,83.1299,79853981,3378328975212355
21864139,83.1399,79853981,3378538991182385
21866769,83.1499,79853981,3378749007152415
21869399,83.1599,79853981,3378959023122445
21872029,83.1699,79853981,3379169039092475
21874659,83.1799,79853981,3379379055062505
21877289,83.1899,79853981,3379589071032535
21879919,83.1999,79853981,3379799087002565
21882549,83.2099,79853981,3380009102972595
21885179,83.2199,79853981,3380219118942625
21887809,83.2299,79853981,3380429134912655
21890439,83.2399,79853981,3380639150882685
21893069,83.2499,79853981,3380849166852715
21895699,83.2599,79853981,3381059182822745
21898329,83.2699,79853981,3381269198792775
21900959,83.2799,79853981,3381479214762805
21903589,83.2899,79853981,3381689230732835
21906219,83.2999,79853981,3381899246702865
21908849,83.3099,79853981,3382109262672895
21911479,83.3199,79853981,3382319278642925
21914109,83.3299,79853981,3382529294612955
21916739,83.3399,79853981,3382739310582985
21919369,83.3499,79853981,3382949326553015
21921999,83.3599,79853981,3383159342523045
21924629,83.3699,79853981,3383369358493075
21927259,83.3799,79853981,3383579374463105
21929889,83.3899,79853981,3383789390433135
21932519,83.4000,79853981,3383999406403165
21935149,83.4100,79853981,3384209422373195
21937779,83.4200,79853981,3384419438343225
21940409,83.4300,79853981,3384629454313255
21943039,83.4400,79853981,3384839470283285
21945669,83.4500,79853981,3385049486253315
21948299,83.4600,79853981,3385259502223345
21950929,83.4700,79853981,3385469518193375
21953559,83.4800,79853981,3385679534163405
21956189,83.4900,79853981,3385889550133435
21958819,83.5000,79853981,3386099566103465
21961449,83.5100,79853981,3386309582073495
21964079,83.5200,79853981,3386519598043525
21966709,83.5300,79853981,3386729614013555
21969339,83.5400,79853981,3386939629983585
21971969,83.5500,79853981,3387149645953615
21974599,83.5600,79853981,3387359661923645
21977229,83.5700,79853981,3387569677893675
21979859,83.5800,79853981,3387779693863705
21982489,83.5900,79853981,3387989709833735
21985119,83.6000,79853981,3388199725803765
21987749,83.6100,79853981,3388409741773795
21990379,83.6200,79853981,3388619757743825
21993009,83.6300,79853981,3388829773713855
21995639,83.6400,79853981,3389039789683885
21998269,83.6500,79853981,3389249805653915
22000899,83.6600,79853981,3389459821623945
22003529,83.6700,79853981,3389669837593975
22006159,83.6800,79853981,3389879853564005
22008789,83.6900,79853981,3390089869534035
22011419,83.7000,79853981,3390299885504065
22014049,83.7100,79853981,3390509901474095
22016679,83.7200,79853981,3390719917444125
22019309,83.7300,79853981,3390929933414155
22021939,83.7400,79853981,3391139949384185
22024569,83.7500,79853981,3391349965354215
22027199,83.7600,79853981,3391559981324245
22029829,83.7700,79853981,3391769997294275
22032459,83.7800,79853981,3391980013264305
22035089,83.7900,79853981,3392190029234335
22037719,83.8000,79853981,3392400045204365
22040349,83.8100,79853981,3392610061174395
22042979,83.8200,79853981,3392820077144425
22045609,83.8300,79853981,3393030093114455
22048239,83.8400,79853981,3393240109084485
22050869,83.8500,79853981,3393450125054515
22053499,83.8600,79853981,3393660141024545
22056129,83.8700,79853981,3393870156994575
22058759,83.8800,79853981,3394080172964605
22061389,83.8900,79853981,3394290188934635
22064019,83.9000,79853981,3394500204904665
22066649,83.9100,79853981,3394710220874695
22069279,83.9200,79853981,3394920236844725
22071909,83.9300,79853981,3395130252814755
22074539,83.9400,79853981,3395340268784785
22077169,83.9500,79853981,3395550284754815
22079799,83.9600,79853981,3395760300724845
22082429,83.9700,79853981,3395970316694875
22085059,83.9800,79853981,3396180332664905
22087689,83.9900,79853981,3396390348634935
22090319,84.0000,79853981,3396600364604965
22092949,84.0100,79853981,3396810380574995
22095579,84.0200,79853981,3397020396545025
22098209,84.0300,79853981,3397230412515055
22100839,84.0400,79853981,3397440428485085
22103469,84.0500,79853981,3397650444455115
22106099,84.0600,79853981,3397860460425145
22108729,84.0700,79853981,3398070476395175
22111359,84.0800,79853981,3398280492365205
22113989,84.0900,79853981,3398490508335235
22116619,84.1000,79853981,3398700524305265
22119249,84.1100,79853981,3398910540275295
22121879,84.1200,79853981,3399120556245325
22124509,84.1300,79853981,3399330572215355
22127139,84.1400,79853981,3399540588185385
22129769,84.1500,79853981,3399750604155415
22132399,84.1600,79853981,3399960620125445
22135029,84.1700,79853981,3400170636095475
22137659,84.1800,79853981,3400380652065505
22140289,84.1900,79853981,3400590668035535
22142919,84.2000,79853981,3400800684005565
22145549,84.2100,79853981,3401010699975595
22148179,84.2200,79853981,3401220715945625
22150809,84.2300,79853981,3401430731915655
22153439,84.2400,79853981,3401640747885685
22156069,84.2500,79853981,3401850763855715
22158699,84.2600,79853981,3402060779825745
22161329,84.2700,79853981,3402270795795775
22163959,84.2800,79853981,3402480811765805
22166589,84.2900,79853981,3402690827735835
22169219,84.3000,79853981,3402900843705865
22171849,84.3100,79853981,3403110859675895
22174479,84.3200,79853981,3403320875645925
22177109,84.3300,79853981,3403530891615955
22179739,84.3400,79853981,3403740907585985
22182369,84.3500,79853981,3403950923556015
22184999,84.3600,79853981,3404160939526045
22187629,84.3700,79853981,3404370955496075
22190259,84.3800,79853981,3404580971466105
22192889,84.3900,79853981,3404790987436135
22195519,84.4000,79853981,3405001003406165
22198149,84.4100,79853981,3405211019376195
22200779,84.4200,79853981,3405421035346225
22203409,84.4300,79853981,3405631051316255
22206039,84.4400,79853981,3405841067286285
22208669,84.4500,79853981,3406051083256315
22211299,84.4600,79853981,3406261099226345
22213929,84.4700,79853981,3406471115196375
22216559,84.4800,79853981,3406681131166405
22219189,84.4900,79853981,3406891147136435
22221819,84.5000,79853981,3407101163106465
22224449,84.5100,79853981,3407311179076495
22227079,84.5200,79853981,3407521195046525
22229709,84.5300,79853981,3407731211016555
22232339,84.5400,79853981,3407941226986585
22234969,84.5500,79853981,3408151242956615
22237599,84.5600,79853981,3408361258926645
22240229,84.5700,79853981,3408571274896675
22242859,84.5800,79853981,3408781290866705
22245489,84.5900,79853981,3408991306836735
22248119,84.6000,79853981,3409201322806765
22250749,84.6100,79853981,3409411338776795
22253379,84.6200,79853981,3409621354746825
22256009,84.6300,79853981,3409831370716855
22258639,84.6400,79853981,3410041386686885
22261269,84.6500,79853981,3410251402656915
22263899,84.6600,79853981,3410461418626945
22266529,84.6700,79853981,3410671434596975
22269159,84.6800,79853981,3410881450567005
22271789,84.6900,79853981,3411091466537035
22274419,84.7000,79853981,3411301482507065
22277049,84.7101,79853981,3411511498477095
22279679,84.7201,79853981,3411721514447125
22282309,84.7301,79853981,3411931530417155
22284939,84.7401,79853981,3412141546387185
22287569,84.7501,79853981,3412351562357215
22290199,84.7601,79853981,3412561578327245
22292829,84.7701,79853981,3412771594297275
22295459,84.7801,79853981,3412981610267305
22298089,84.7901,79853981,3413191626237335
22300719,84.8001,79853981,3413401642207365
22303349,84.8101,79853981,3413611658177395
22305979,84.8201,79853981,3413821674147425
22308609,84.8301,79853981,3414031690117455
22311239,84.8401,79853981,3414241706087485
22313869,84.8501,79853981,3414451722057515
22316499,84.8601,79853981,3414661738027545
22319129,84.8701,79853981,3414871753997575
22321759,84.8801,79853981,3415081769967605
22324389,84.8901,79853981,3415291785937635
22327019,84.9001,79853981,3415501801907665
22329649,84.9101,79853981,3415711817877695
22332279,84.9201,79853981,3415921833847725
22334909,84.9301,79853981,3416131849817755
22337539,84.9401,79853981,3416341865787785
22340169,84.9501,79853981,3416551881757815
22342799,84.9601,79853981,3416761897727845
22345429,84.9701,79853981,3416971913697875
22348059,84.9801,79853981,3417181929667905
22350689,84.9901,79853981,3417391945637935
22353319,85.0001,79853981,3417601961607965
22355949,85.0101,79853981,3417811977577995
22358579,85.0201,79853981,3418021993548025
22361209,85.0301,79853981,3418232009518055
22363839,85.0401,79853981,3418442025488085
22366469,85.0501,79853981,3418652041458115
22369099,85.0601,79853981,3418862057428145
22371729,85.0701,79853981,3419072073398175
22374359,85.0801,79853981,3419282089368205
22376989,85.0901,79853981,3419492105338235
22379619,85.1001,79853981,3419702121308265
22382249,85.1101,79853981,3419912137278295
22384879,85.1201,79853981,3420122153248325
22387509,85.1301,79853981,3420332169218355
22390139,85.1401,79853981,3420542185188385
22392769,85.1501,79853981,3420752201158415
22395399,85.1601,79853981,3420962217128445
22398029,85.1701,79853981,3421172233098475
22400659,85.1801,79853981,3421382249068505
22403289,85.1901,79853981,3421592265038535
22405919,85.2001,79853981,3421802281008565
22408549,85.2101,79853981,3422012296978595
22411179,85.2201,79853981,3422222312948625
22413809,85.2301,79853981,3422432328918655
22416439,85.2401,79853981,3422642344888685
22419069,85.2501,79853981,3422852360858715
22421699,85.2601,79853981,3423062376828745
22424329,85.2701,79853981,3423272392798775
22426959,85.2801,79853981,3423482408768805
22429589,85.2901,79853981,3423692424738835
22432219,85.3001,79853981,3423902440708865
22434849,85.3101,79853981,3424112456678895
22437479,85.3201,79853981,3424322472648925
22440109,85.3301,79853981,3424532488618955
22442739,85.3401,79853981,3424742504588985
22445369,85.3501,79853981,3424952520559015
22447999,85.3601,79853981,3425162536529045
22450629,85.3701,79853981,3425372552499075
22453259,85.3801,79853981,3425582568469105
22455889,85.3901,79853981,3425792584439135
22458519,85.4001,79853981,3426002600409165
22461149,85.4101,79853981,3426212616379195
22463779,85.4201,79853981,3426422632349225
22466409,85.4301,79853981,3426632648319255
22469039,85.4401,79853981,3426842664289285
22471669,85.4501,79853981,3427052680259315
22474299,85.4601,79853981,3427262696229345
22476929,85.4701,79853981,3427472712199375
22479559,85.4801,79853981,3427682728169405
22482189,85.4901,79853981,3427892744139435
22484819,85.5001,79853981,3428102760109465
22487449,85.5101,79853981,3428312776079495
22490079,85.5201,79853981,3428522792049525
22492709,85.5301,79853981,3428732808019555
22495339,85.5401,79853981,3428942823989585
22497969,85.5501,79853981,3429152839959615
22500599,85.5601,79853981,3429362855929645
22503229,85.5701,79853981,3429572871899675
22505859,85.5801,79853981,3429782887869705
22508489,85.5901,79853981,3429992903839735
22511119,85.6001,79853981,3430202919809765
22513749,85.6101,79853981,3430412935779795
22516379,85.6201,79853981,3430622951749825
22519009,85.6301,79853981,3430832967719855
22521639,85.6401,79853981,3431042983689885
22524269,85.6501,79853981,3431252999659915
22526899,85.6601,79853981,3431463015629945
22529529,85.6701,79853981,3431673031599975
22532159,85.6801,79853981,3431883047570005
22534789,85.6901,79853981,3432093063540035
22537419,85.7001,79853981,3432303079510065
22540049,85.7101,79853981,3432513095480095
22542679,85.7201,79853981,3432723111450125
22545309,85.7301,79853981,3432933127420155
22547939,85.7401,79853981,3433143143390185
22550569,85.7501,79853981,3433353159360215
22553199,85.7601,79853981,3433563175330245
22555829,85.7701,79853981,3433773191300275
22558459,85.7801,79853981,3433983207270305
22561089,85.7901,79853981,3434193223240335
22563719,85.8001,79853981,3434403239210365
22566349,85.8101,79853981,3434613255180395
22568979,85.8201,79853981,3434823271150425
22571609,85.8301,79853981,3435033287120455
22574239,85.8401,79853981,3435243303090485
22576869,85.8501,79853981,3435453319060515
22579499,85.8601,79853981,3435663335030545
22582129,85.8701,79853981,3435873351000575
22584759,85.8801,79853981,3436083366970605
22587389,85.8901,79853981,3436293382940635
22590019,85.9001,79853981,3436503398910665
22592649,85.9101,79853981,3436713414880695
22595279,85.9201,79853981,3436923430850725
22597909,85.9301,79853981,3437133446820755
22600539,85.9401,79853981,3437343462790785
22603169,85.9501,79853981,3437553478760815
22605799,85.9601,79853981,3437763494730845
22608429,85.9701,79853981,3437973510700875
22611059,85.9801,79853981,3438183526670905
22613689,85.9901,79853981,3438393542640935
22616319,86.0001,79853981,3438603558610965
22618949,86.0101,79853981,3438813574580995
22621579,86.0201,79853981,3439023590551025
22624209,86.0302,79853981,3439233606521055
22626839,86.0402,79853981,3439443622491085
22629469,86.0502,79853981,3439653638461115
22632099,86.0602,79853981,3439863654431145
22634729,86.0702,79853981,3440073670401175
22637359,86.0802,79853981,3440283686371205
22639989,86.0902,79853981,3440493702341235
22642619,86.1002,79853981,3440703718311265
22645249,86.1102,79853981,3440913734281295
22647879,86.1202,79853981,3441123750251325
22650509,86.1302,79853981,3441333766221355
22653139,86.1402,79853981,3441543782191385
22655769,86.1502,79853981,3441753798161415
22658399,86.1602,79853981,3441963814131445
22661029,86.1702,79853981,3442173830101475
22663659,86.1802,79853981,3442383846071505
22666289,86.1902,79853981,3442593862041535
22668919,86.2002,79853981,3442803878011565
22671549,86.2102,79853981,3443013893981595
22674179,86.2202,79853981,3443223909951625
22676809,86.2302,79853981,3443433925921655
22679439,86.2402,79853981,3443643941891685
22682069,86.2502,79853981,3443853957861715
22684699,86.2602,79853981,3444063973831745
22687329,86.2702,79853981,3444273989801775
22689959,86.2802,79853981,3444484005771805
22692589,86.2902,79853981,3444694021741835
22695219,86.3002,79853981,3444904037711865
22697849,86.3102,79853981,3445114053681895
22700479,86.3202,79853981,3445324069651925
22703109,86.3302,79853981,3445534085621955
22705739,86.3402,79853981,3445744101591985
22708369,86.3502,79853981,3445954117562015
22710999,86.3602,79853981,3446164133532045
22713629,86.3702,79853981,3446374149502075
22716259,86.3802,79853981,3446584165472105
22718889,86.3902,79853981,3446794181442135
22721519,86.4002,79853981,3447004197412165
22724149,86.4102,79853981,3447214213382195
22726779,86.4202,79853981,3447424229352225
22729409,86.4302,79853981,3447634245322255
22732039,86.4402,79853981,3447844261292285
22734669,86.4502,79853981,3448054277262315
22737299,86.4602,79853981,3448264293232345
22739929,86.4702,79853981,3448474309202375
22742559,86.4802,79853981,3448684325172405
22745189,86.4902,79853981,3448894341142435
22747819,86.5002,79853981,3449104357112465
22750449,86.5102,79853981,3449314373082495
22753079,86.5202,79853981,3449524389052525
22755709,86.5302,79853981,3449734405022555
22758339,86.5402,79853981,3449944420992585
22760969,86.5502,79853981,3450154436962615
22763599,86.5602,79853981,3450364452932645
22766229,86.5702,79853981,3450574468902675
22768859,86.5802,79853981,3450784484872705
22771489,86.5902,79853981,3450994500842735
22774119,86.6002,79853981,3451204516812765
22776749,86.6102,79853981,3451414532782795
22779379,86.6202,79853981,3451624548752825
22782009,86.6302,79853981,3451834564722855
22784639,86.6402,79853981,3452044580692885
22787269,86.6502,79853981,3452254596662915
22789899,86.6602,79853981,3452464612632945
22792529,86.6702,79853981,3452674628602975
22795159,86.6802,79853981,3452884644573005
22797789,86.6902,79853981,3453094660543035
22800419,86.7002,79853981,3453304676513065
22803049,86.7102,79853981,3453514692483095
22805679,86.7202,79853981,3453724708453125
22808309,86.7302,79853981,3453934724423155
22810939,86.7402,79853981,3454144740393185
22813569,86.7502,79853981,3454354756363215
22816199,86.7602,79853981,3454564772333245
22818829,86.7702,79853981,3454774788303275
22821459,86.7802,79853981,3454984804273305
22824089,86.7902,79853981,3455194820243335
22826719,86.8002,79853981,3455404836213365
22829349,86.8102,79853981,3455614852183395
22831979,86.8202,79853981,3455824868153425
22834609,86.8302,79853981,3456034884123455
22837239,86.8402,79853981,3456244900093485
22839869,86.8502,79853981,3456454916063515
22842499,86.8602,79853981,3456664932033545
22845129,86.8702,79853981,3456874948003575
22847759,86.8802,79853981,3457084963973605
22850389,86.8902,79853981,3457294979943635
22853019,86.9002,79853981,3457504995913665
22855649,86.9102,79853981,3457715011883695
22858279,86.9202,79853981,3457925027853725
22860909,86.9302,79853981,3458135043823755
22863539,86.9402,79853981,3458345059793785
22866169,86.9502,79853981,3458555075763815
22868799,86.9602,79853981,3458765091733845
22871429,86.9702,79853981,3458975107703875
22874059,86.9802,79853981,3459185123673905
22876689,86.9902,79853981,3459395139643935
22879319,87.0002,79853981,3459605155613965
22881949,87.0102,79853981,3459815171583995
22884579,87.0202,79853981,3460025187554025
22887209,87.0302,79853981,3460235203524055
22889839,87.0402,79853981,3460445219494085
22892469,87.0502,79853981,3460655235464115
22895099,87.0602,79853981,3460865251434145
22897729,87.0702,79853981,3461075267404175
22900359,87.0802,79853981,3461285283374205
22902989,87.0902,79853981,3461495299344235
22905619,87.1002,79853981,3461705315314265
22908249,87.1102,79853981,3461915331284295
22910879,87.1202,79853981,3462125347254325
22913509,87.1302,79853981,3462335363224355
22916139,87.1402,79853981,3462545379194385
22918769,87.1502,79853981,3462755395164415
22921399,87.1602,79853981,3462965411134445
22924029,87.1702,79853981,3463175427104475
22926659,87.1802,79853981,3463385443074505
22929289,87.1902,79853981,3463595459044535
22931919,87.2002,79853981,3463805475014565
22934549,87.2102,79853981,3464015490984595
22937179,87.2202,79853981,3464225506954625
22939809,87.2302,79853981,3464435522924655
22942439,87.2402,79853981,3464645538894685
22945069,87.2502,79853981,3464855554864715
22947699,87.2602,79853981,3465065570834745
22950329,87.2702,79853981,3465275586804775
22952959,87.2802,79853981,3465485602774805
22955589,87.2902,79853981,3465695618744835
22958219,87.3002,79853981,3465905634714865
22960849,87.3102,79853981,3466115650684895
22963479,87.3202,79853981,3466325666654925
22966109,87.3302,79853981,3466535682624955
22968739,87.3403,79853981,3466745698594985
22971369,87.3503,79853981,3466955714565015
22973999,87.3603,79853981,3467165730535045
22976629,87.3703,79853981,3467375746505075
22979259,87.3803,79853981,3467585762475105
22981889,87.3903,79853981,3467795778445135
22984519,87.4003,79853981,3468005794415165
22987149,87.4103,79853981,3468215810385195
22989779,87.4203,79853981,3468425826355225
22992409,87.4303,79853981,3468635842325255
22995039,87.4403,79853981,3468845858295285
22997669,87.4503,79853981,3469055874265315
23000299,87.4603,79853981,3469265890235345
23002929,87.4703,79853981,3469475906205375
23005559,87.4803,79853981,3469685922175405
23008189,87.4903,79853981,3469895938145435
23010819,87.5003,79853981,3470105954115465
23013449,87.5103,79853981,3470315970085495
23016079,87.5203,79853981,3470525986055525
23018709,87.5303,79853981,3470736002025555
23021339,87.5403,79853981,3470946017995585
23023969,87.5503,79853981,3471156033965615
23026599,87.5603,79853981,3471366049935645
23029229,87.5703,79853981,3471576065905675
23031859,87.5803,79853981,3471786081875705
23034489,87.5903,79853981,3471996097845735
23037119,87.6003,79853981,3472206113815765
23039749,87.6103,79853981,3472416129785795
23042379,87.6203,79853981,3472626145755825
23045009,87.6303,79853981,3472836161725855
23047639,87.6403,79853981,3473046177695885
23050269,87.6503,79853981,3473256193665915
23052899,87.6603,79853981,3473466209635945
23055529,87.6703,79853981,3473676225605975
23058159,87.6803,79853981,3473886241576005
23060789,87.6903,79853981,3474096257546035
23063419,87.7003,79853981,3474306273516065
23066049,87.7103,79853981,3474516289486095
23068679,87.7203,79853981,3474726305456125
23071309,87.7303,79853981,3474936321426155
23073939,87.7403,79853981,3475146337396185
23076569,87.7503,79853981,3475356353366215
23079199,87.7603,79853981,3475566369336245
23081829,87.7703,79853981,3475776385306275
23084459,87.7803,79853981,3475986401276305
23087089,87.7903,79853981,3476196417246335
23089719,87.8003,79853981,3476406433216365
23092349,87.8103,79853981,3476616449186395
23094979,87.8203,79853981,3476826465156425
23097609,87.8303,79853981,3477036481126455
23100239,87.8403,79853981,3477246497096485
23102869,87.8503,79853981,3477456513066515
23105499,87.8603,79853981,3477666529036545
23108129,87.8703,79853981,3477876545006575
23110759,87.8803,79853981,3478086560976605
23113389,87.8903,79853981,3478296576946635
23116019,87.9003,79853981,3478506592916665
23118649,87.9103,79853981,3478716608886695
23121279,87.9203,79853981,3478926624856725
23123909,87.9303,79853981,3479136640826755
23126539,87.9403,79853981,3479346656796785
23129169,87.9503,79853981,3479556672766815
23131799,87.9603,79853981,3479766688736845
23134429,87.9703,79853981,3479976704706875
23137059,87.9803,79853981,3480186720676905
23139689,87.9903,79853981,3480396736646935
23142319,88.0003,79853981,3480606752616965
23144949,88.0103,79853981,3480816768586995
23147579,88.0203,79853981,3481026784557025
23150209,88.0303,79853981,3481236800527055
23152839,88.0403,79853981,3481446816497085
23155469,88.0503,79853981,3481656832467115
23158099,88.0603,79853981,3481866848437145
23160729,88.0703,79853981,3482076864407175
23163359,88.0803,79853981,3482286880377205
23165989,88.0903,79853981,3482496896347235
23168619,88.1003,79853981,3482706912317265
23171249,88.1103,79853981,3482916928287295
23173879,88.1203,79853981,3483126944257325
23176509,88.1303,79853981,3483336960227355
23179139,88.1403,79853981,3483546976197385
23181769,88.1503,79853981,3483756992167415
23184399,88.1603,79853981,3483967008137445
23187029,88.1703,79853981,3484177024107475
23189659,88.1803,79853981,3484387040077505
23192289,88.1903,79853981,3484597056047535
23194919,88.2003,79853981,3484807072017565
23197549,88.2103,79853981,3485017087987595
23200179,88.2203,79853981,3485227103957625
23202809,88.2303,79853981,3485437119927655
23205439,88.2403,79853981,3485647135897685
23208069,88.2503,79853981,3485857151867715
23210699,88.2603,79853981,3486067167837745
23213329,88.2703,79853981,3486277183807775
23215959,88.2803,79853981,3486487199777805
23218589,88.2903,79853981,3486697215747835
23221219,88.3003,79853981,3486907231717865
23223849,88.3103,79853981,3487117247687895
23226479,88.3203,79853981,3487327263657925
23229109,88.3303,79853981,3487537279627955
23231739,88.3403,79853981,3487747295597985
23234369,88.3503,79853981,3487957311568015
23236999,88.3603,79853981,3488167327538045
23239629,88.3703,79853981,3488377343508075
23242259,88.3803,79853981,3488587359478105
23244889,88.3903,79853981,3488797375448135
23247519,88.4003,79853981,3489007391418165
23250149,88.4103,79853981,3489217407388195
23252779,88.4203,79853981,3489427423358225
23255409,88.4303,79853981,3489637439328255
23258039,88.4403,79853981,3489847455298285
23260669,88.4503,79853981,3490057471268315
23263299,88.4603,79853981,3490267487238345
23265929,88.4703,79853981,3490477503208375
23268559,88.4803,79853981,3490687519178405
23271189,88.4903,79853981,3490897535148435
23273819,88.5003,79853981,3491107551118465
23276449,88.5103,79853981,3491317567088495
23279079,88.5203,79853981,3491527583058525
23281709,88.5303,79853981,3491737599028555
23284339,88.5403,79853981,3491947614998585
23286969,88.5503,79853981,3492157630968615
23289599,88.5603,79853981,3492367646938645
23292229,88.5703,79853981,3492577662908675
23294859,88.5803,79853981,3492787678878705
23297489,88.5903,79853981,3492997694848735
23300119,88.6003,79853981,3493207710818765
23302749,88.6103,79853981,3493417726788795
23305379,88.6203,79853981,3493627742758825
23308009,88.6303,79853981,3493837758728855
23310639,88.6403,79853981,3494047774698885
23313269,88.6503,79853981,3494257790668915
23315899,88.6604,79853981,3494467806638945
23318529,88.6704,79853981,3494677822608975
23321159,88.6804,79853981,3494887838579005
23323789,88.6904,79853981,3495097854549035
23326419,88.7004,79853981,3495307870519065
23329049,88.7104,79853981,3495517886489095
23331679,88.7204,79853981,3495727902459125
23334309,88.7304,79853981,3495937918429155
23336939,88.7404,79853981,3496147934399185
23339569,88.7504,79853981,3496357950369215
23342199,88.7604,79853981,3496567966339245
23344829,88.7704,79853981,3496777982309275
23347459,88.7804,79853981,3496987998279305
23350089,88.7904,79853981,3497198014249335
23352719,88.8004,79853981,3497408030219365
23355349,88.8104,79853981,3497618046189395
23357979,88.8204,79853981,3497828062159425
23360609,88.8304,79853981,3498038078129455
23363239,88.8404,79853981,3498248094099485
23365869,88.8504,79853981,3498458110069515
23368499,88.8604,79853981,3498668126039545
23371129,88.8704,79853981,3498878142009575
23373759,88.8804,79853981,3499088157979605
23376389,88.8904,79853981,3499298173949635
23379019,88.9004,79853981,3499508189919665
23381649,88.9104,79853981,3499718205889695
23384279,88.9204,79853981,3499928221859725
23386909,88.9304,79853981,3500138237829755
23389539,88.9404,79853981,3500348253799785
23392169,88.9504,79853981,3500558269769815
23394799,88.9604,79853981,3500768285739845
23397429,88.9704,79853981,3500978301709875
23400059,88.9804,79853981,3501188317679905
23402689,88.9904,79853981,3501398333649935
23405319,89.0004,79853981,3501608349619965
23407949,89.0104,79853981,3501818365589995
23410579,89.0204,79853981,3502028381560025
23413209,89.0304,79853981,3502238397530055
23415839,89.0404,79853981,3502448413500085
23418469,89.0504,79853981,3502658429470115
23421099,89.0604,79853981,3502868445440145
23423729,89.0704,79853981,3503078461410175
23426359,89.0804,79853981,3503288477380205
23428989,89.0904,79853981,3503498493350235
23431619,89.1004,79853981,3503708509320265
23434249,89.1104,79853981,3503918525290295
23436879,89.1204,79853981,3504128541260325
23439509,89.1304,79853981,3504338557230355
23442139,89.1404,79853981,3504548573200385
23444769,89.1504,79853981,3504758589170415
23447399,89.1604,79853981,3504968605140445
23450029,89.1704,79853981,3505178621110475
23452659,89.1804,79853981,3505388637080505
23455289,89.1904,79853981,3505598653050535
23457919,89.2004,79853981,3505808669020565
23460549,89.2104,79853981,3506018684990595
23463179,89.2204,79853981,3506228700960625
23465809,89.2304,79853981,3506438716930655
23468439,89.2404,79853981,3506648732900685
23471069,89.2504,79853981,3506858748870715
23473699,89.2604,79853981,3507068764840745
23476329,89.2704,79853981,3507278780810775
23478959,89.2804,79853981,3507488796780805
23481589,89.2904,79853981,3507698812750835
23484219,89.3004,79853981,3507908828720865
23486849,89.3104,79853981,3508118844690895
23489479,89.3204,79853981,3508328860660925
23492109,89.3304,79853981,3508538876630955
23494739,89.3404,79853981,3508748892600985
23497369,89.3504,79853981,3508958908571015
23499999,89.3604,79853981,3509168924541045
23502629,89.3704,79853981,3509378940511075
23505259,89.3804,79853981,3509588956481105
23507889,89.3904,79853981,3509798972451135
23510519,89.4004,79853981,3510008988421165
23513149,89.4104,79853981,3510219004391195
23515779,89.4204,79853981,3510429020361225
23518409,89.4304,79853981,3510639036331255
23521039,89.4404,79853981,3510849052301285
23523669,89.4504,79853981,3511059068271315
23526299,89.4604,79853981,3511269084241345
23528929,89.4704,79853981,3511479100211375
23531559,89.4804,79853981,3511689116181405
23534189,89.4904,79853981,3511899132151435
23536819,89.5004,79853981,3512109148121465
23539449,89.5104,79853981,3512319164091495
23542079,89.5204,79853981,3512529180061525
23544709,89.5304,79853981,3512739196031555
23547339,89.5404,79853981,3512949212001585
23549969,89.5504,79853981,3513159227971615
23552599,89.5604,79853981,3513369243941645
23555229,89.5704,79853981,3513579259911675
23557859,89.5804,79853981,3513789275881705
23560489,89.5904,79853981,3513999291851735
23563119,89.6004,79853981,3514209307821765
23565749,89.6104,79853981,3514419323791795
23568379,89.6204,79853981,3514629339761825
23571009,89.6304,79853981,3514839355731855
23573639,89.6404,79853981,3515049371701885
23576269,89.6504,79853981,3515259387671915
23578899,89.6604,79853981,3515469403641945
23581529,89.6704,79853981,3515679419611975
23584159,89.6804,79853981,3515889435582005
23586789,89.6904,79853981,3516099451552035
23589419,89.7004,79853981,3516309467522065
23592049,89.7104,79853981,3516519483492095
23594679,89.7204,79853981,3516729499462125
23597309,89.7304,79853981,3516939515432155
23599939,89.7404,79853981,3517149531402185
23602569,89.7504,79853981,3517359547372215
23605199,89.7604,79853981,3517569563342245
23607829,89.7704,79853981,3517779579312275
23610459,89.7804,79853981,3517989595282305
23613089,89.7904,79853981,3518199611252335
23615719,89.8004,79853981,3518409627222365
23618349,89.8104,79853981,3518619643192395
23620979,89.8204,79853981,3518829659162425
23623609,89.8304,79853981,3519039675132455
23626239,89.8404,79853981,3519249691102485
23628869,89.8504,79853981,3519459707072515
23631499,89.8604,79853981,3519669723042545
23634129,89.8704,79853981,3519879739012575
23636759,89.8804,79853981,3520089754982605
23639389,89.8904,79853981,3520299770952635
23642019,89.9004,79853981,3520509786922665
23644649,89.9104,79853981,3520719802892695
23647279,89.9204,79853981,3520929818862725
23649909,89.9304,79853981,3521139834832755
23652539,89.9404,79853981,3521349850802785
23655169,89.9504,79853981,3521559866772815
23657799,89.9604,79853981,3521769882742845
23660429,89.9705,79853981,3521979898712875
23663059,89.9805,79853981,3522189914682905
23665689,89.9905,79853981,3522399930652935
23668319,90.0005,79853981,3522609946622965
23670949,90.0105,79853981,3522819962592995
23673579,90.0205,79853981,3523029978563025
23676209,90.0305,79853981,3523239994533055
23678839,90.0405,79853981,3523450010503085
23681469,90.0505,79853981,3523660026473115
23684099,90.0605,79853981,3523870042443145
23686729,90.0705,79853981,3524080058413175
23689359,90.0805,79853981,3524290074383205
23691989,90.0905,79853981,3524500090353235
23694619,90.1005,79853981,3524710106323265
23697249,90.1105,79853981,3524920122293295
23699879,90.1205,79853981,3525130138263325
23702509,90.1305,79853981,3525340154233355
23705139,90.1405,79853981,3525550170203385
23707769,90.1505,79853981,3525760186173415
23710399,90.1605,79853981,3525970202143445
23713029,90.1705,79853981,3526180218113475
23715659,90.1805,79853981,3526390234083505
23718289,90.1905,79853981,3526600250053535
23720919,90.2005,79853981,3526810266023565
23723549,90.2105,79853981,3527020281993595
23726179,90.2205,79853981,3527230297963625
23728809,90.2305,79853981,3527440313933655
23731439,90.2405,79853981,3527650329903685
23734069,90.2505,79853981,3527860345873715
23736699,90.2605,79853981,3528070361843745
23739329,90.2705,79853981,3528280377813775
23741959,90.2805,79853981,3528490393783805
23744589,90.2905,79853981,3528700409753835
23747219,90.3005,79853981,3528910425723865
23749849,90.3105,79853981,3529120441693895
23752479,90.3205,79853981,3529330457663925
23755109,90.3305,79853981,3529540473633955
23757739,90.3405,79853981,3529750489603985
23760369,90.3505,79853981,3529960505574015
23762999,90.3605,79853981,3530170521544045
23765629,90.3705,79853981,3530380537514075
23768259,90.3805,79853981,3530590553484105
23770889,90.3905,79853981,3530800569454135
23773519,90.4005,79853981,3531010585424165
23776149,90.4105,79853981,3531220601394195
23778779,90.4205,79853981,3531430617364225
23781409,90.4305,79853981,3531640633334255
23784039,90.4405,79853981,3531850649304285
23786669,90.4505,79853981,3532060665274315
23789299,90.4605,79853981,3532270681244345
23791929,90.4705,79853981,3532480697214375
23794559,90.4805,79853981,3532690713184405
23797189,90.4905,79853981,3532900729154435
23799819,90.5005,79853981,3533110745124465
23802449,90.5105,79853981,3533320761094495
23805079,90.5205,79853981,3533530777064525
23807709,90.5305,79853981,3533740793034555
23810339,90.5405,79853981,3533950809004585
23812969,90.5505,79853981,3534160824974615
23815599,90.5605,79853981,3534370840944645
23818229,90.5705,79853981,3534580856914675
23820859,90.5805,79853981,3534790872884705
23823489,90.5905,79853981,3535000888854735
23826119,90.6005,79853981,3535210904824765
23828749,90.6105,79853981,3535420920794795
23831379,90.6205,79853981,3535630936764825
23834009,90.6305,79853981,3535840952734855
23836639,90.6405,79853981,3536050968704885
23839269,90.6505,79853981,3536260984674915
23841899,90.6605,79853981,3536471000644945
23844529,90.6705,79853981,3536681016614975
23847159,90.6805,79853981,3536891032585005
23849789,90.6905,79853981,3537101048555035
23852419,90.7005,79853981,3537311064525065
23855049,90.7105,79853981,3537521080495095
23857679,90.7205,79853981,3537731096465125
23860309,90.7305,79853981,3537941112435155
23862939,90.7405,79853981,3538151128405185
23865569,90.7505,79853981,3538361144375215
23868199,90.7605,79853981,3538571160345245
23870829,90.7705,79853981,3538781176315275
23873459,90.7805,79853981,3538991192285305
23876089,90.7905,79853981,3539201208255335
23878719,90.8005,79853981,3539411224225365
23881349,90.8105,79853981,3539621240195395
23883979,90.8205,79853981,3539831256165425
23886609,90.8305,79853981,3540041272135455
23889239,90.8405,79853981,3540251288105485
23891869,90.8505,79853981,3540461304075515
23894499,90.8605,79853981,3540671320045545
23897129,90.8705,79853981,3540881336015575
23899759,90.8805,79853981,3541091351985605
23902389,90.8905,79853981,3541301367955635
23905019,90.9005,79853981,3541511383925665
23907649,90.9105,79853981,3541721399895695
23910279,90.9205,79853981,3541931415865725
23912909,90.9305,79853981,3542141431835755
23915539,90.9405,79853981,3542351447805785
23918169,90.9505,79853981,3542561463775815
23920799,90.9605,79853981,3542771479745845
23923429,90.9705,79853981,3542981495715875
23926059,90.9805,79853981,3543191511685905
23928689,90.9905,79853981,3543401527655935
23931319,91.0005,79853981,3543611543625965
23933949,91.0105,79853981,3543821559595995
23936579,91.0205,79853981,3544031575566025
23939209,91.0305,79853981,3544241591536055
23941839,91.0405,79853981,3544451607506085
23944469,91.0505,79853981,3544661623476115
23947099,91.0605,79853981,3544871639446145
23949729,91.0705,79853981,3545081655416175
23952359,91.0805,79853981,3545291671386205
23954989,91.0905,79853981,3545501687356235
23957619,91.1005,79853981,3545711703326265
23960249,91.1105,79853981,3545921719296295
23962879,91.1205,79853981,3546131735266325
23965509,91.1305,79853981,3546341751236355
23968139,91.1405,79853981,3546551767206385
23970769,91.1505,79853981,3546761783176415
23973399,91.1605,79853981,3546971799146445
23976029,91.1705,79853981,3547181815116475
23978659,91.1805,79853981,3547391831086505
23981289,91.1905,79853981,3547601847056535
23983919,91.2005,79853981,3547811863026565
23986549,91.2105,79853981,3548021878996595
23989179,91.2205,79853981,3548231894966625
23991809,91.2305,79853981,3548441910936655
23994439,91.2405,79853981,3548651926906685
23997069,91.2505,79853981,3548861942876715
23999699,91.2605,79853981,3549071958846745
24002329,91.2705,79853981,3549281974816775
24004959,91.2805,79853981,3549491990786805
24007589,91.2906,79853981,3549702006756835
24010219,91.3006,79853981,3549912022726865
24012849,91.3106,79853981,3550122038696895
24015479,91.3206,79853981,3550332054666925
24018109,91.3306,79853981,3550542070636955
24020739,91.3406,79853981,3550752086606985
24023369,91.3506,79853981,3550962102577015
24025999,91.3606,79853981,3551172118547045
24028629,91.3706,79853981,3551382134517075
24031259,91.3806,79853981,3551592150487105
24033889,91.3906,79853981,3551802166457135
24036519,91.4006,79853981,3552012182427165
24039149,91.4106,79853981,3552222198397195
24041779,91.4206,79853981,3552432214367225
24044409,91.4306,79853981,3552642230337255
24047039,91.4406,79853981,3552852246307285
24049669,91.4506,79853981,3553062262277315
24052299,91.4606,79853981,3553272278247345
24054929,91.4706,79853981,3553482294217375
24057559,91.4806,79853981,3553692310187405
24060189,91.4906,79853981,3553902326157435
24062819,91.5006,79853981,3554112342127465
24065449,91.5106,79853981,3554322358097495
24068079,91.5206,79853981,3554532374067525
24070709,91.5306,79853981,3554742390037555
24073339,91.5406,79853981,3554952406007585
24075969,91.5506,79853981,3555162421977615
24078599,91.5606,79853981,3555372437947645
24081229,91.5706,79853981,3555582453917675
24083859,91.5806,79853981,3555792469887705
24086489,91.5906,79853981,3556002485857735
24089119,91.6006,79853981,3556212501827765
24091749,91.6106,79853981,3556422517797795
24094379,91.6206,79853981,3556632533767825
24097009,91.6306,79853981,3556842549737855
24099639,91.6406,79853981,3557052565707885
24102269,91.6506,79853981,3557262581677915
24104899,91.6606,79853981,3557472597647945
24107529,91.6706,79853981,3557682613617975
24110159,91.6806,79853981,3557892629588005
24112789,91.6906,79853981,3558102645558035
24115419,91.7006,79853981,3558312661528065
24118049,91.7106,79853981,3558522677498095
24120679,91.7206,79853981,3558732693468125
24123309,91.7306,79853981,3558942709438155
24125939,91.7406,79853981,3559152725408185
24128569,91.7506,79853981,3559362741378215
24131199,91.7606,79853981,3559572757348245
24133829,91.7706,79853981,3559782773318275
24136459,91.7806,79853981,3559992789288305
24139089,91.7906,79853981,3560202805258335
24141719,91.8006,79853981,3560412821228365
24144349,91.8106,79853981,3560622837198395
24146979,91.8206,79853981,3560832853168425
24149609,91.8306,79853981,3561042869138455
24152239,91.8406,79853981,3561252885108485
24154869,91.8506,79853981,3561462901078515
24157499,91.8606,79853981,3561672917048545
24160129,91.8706,79853981,3561882933018575
24162759,91.8806,79853981,3562092948988605
24165389,91.8906,79853981,3562302964958635
24168019,91.9006,79853981,3562512980928665
24170649,91.9106,79853981,3562722996898695
24173279,91.9206,79853981,3562933012868725
24175909,91.9306,79853981,3563143028838755
24178539,91.9406,79853981,3563353044808785
24181169,91.9506,79853981,3563563060778815
24183799,91.9606,79853981,3563773076748845
24186429,91.9706,79853981,3563983092718875
24189059,91.9806,79853981,3564193108688905
24191689,91.9906,79853981,3564403124658935
24194319,92.0006,79853981,3564613140628965
24196949,92.0106,79853981,3564823156598995
24199579,92.0206,79853981,3565033172569025
24202209,92.0306,79853981,3565243188539055
24204839,92.0406,79853981,3565453204509085
24207469,92.0506,79853981,3565663220479115
24210099,92.0606,79853981,3565873236449145
24212729,92.0706,79853981,3566083252419175
24215359,92.0806,79853981,3566293268389205
24217989,92.0906,79853981,3566503284359235
24220619,92.1006,79853981,3566713300329265
24223249,92.1106,79853981,3566923316299295
24225879,92.1206,79853981,3567133332269325
24228509,92.1306,79853981,3567343348239355
24231139,92.1406,79853981,3567553364209385
24233769,92.1506,79853981,3567763380179415
24236399,92.1606,79853981,3567973396149445
24239029,92.1706,79853981,3568183412119475
24241659,92.1806,79853981,3568393428089505
24244289,92.1906,79853981,3568603444059535
24246919,92.2006,79853981,3568813460029565
24249549,92.2106,79853981,3569023475999595
24252179,92.2206,79853981,3569233491969625
24254809,92.2306,79853981,3569443507939655
24257439,92.2406,79853981,3569653523909685
24260069,92.2506,79853981,3569863539879715
24262699,92.2606,79853981,3570073555849745
24265329,92.2706,79853981,3570283571819775
24267959,92.2806,79853981,3570493587789805
24270589,92.2906,79853981,3570703603759835
24273219,92.3006,79853981,3570913619729865
24275849,92.3106,79853981,3571123635699895
24278479,92.3206,79853981,3571333651669925
24281109,92.3306,79853981,3571543667639955
24283739,92.3406,79853981,3571753683609985
24286369,92.3506,79853981,3571963699580015
24288999,92.3606,79853981,3572173715550045
24291629,92.3706,79853981,3572383731520075
24294259,92.3806,79853981,3572593747490105
24296889,92.3906,79853981,3572803763460135
24299519,92.4006,79853981,3573013779430165
24302149,92.4106,79853981,3573223795400195
24304779,92.4206,79853981,3573433811370225
24307409,92.4306,79853981,3573643827340255
24310039,92.4406,79853981,3573853843310285
24312669,92.4506,79853981,3574063859280315
24315299,92.4606,79853981,3574273875250345
24317929,92.4706,79853981,3574483891220375
24320559,92.4806,79853981,3574693907190405
24323189,92.4906,79853981,3574903923160435
24325819,92.5006,79853981,3575113939130465
24328449,92.5106,79853981,3575323955100495
24331079,92.5206,79853981,3575533971070525
24333709,92.5306,79853981,3575743987040555
24336339,92.5406,79853981,3575954003010585
24338969,92.5506,79853981,3576164018980615
24341599,92.5606,79853981,3576374034950645
24344229,92.5706,79853981,3576584050920675
24346859,92.5806,79853981,3576794066890705
24349489,92.5906,79853981,3577004082860735
24352119,92.6007,79853981,3577214098830765
24354749,92.6107,79853981,3577424114800795
24357379,92.6207,79853981,3577634130770825
24360009,92.6307,79853981,3577844146740855
24362639,92.6407,79853981,3578054162710885
24365269,92.6507,79853981,3578264178680915
24367899,92.6607,79853981,3578474194650945
24370529,92.6707,79853981,3578684210620975
24373159,92.6807,79853981,3578894226591005
24375789,92.6907,79853981,3579104242561035
24378419,92.7007,79853981,3579314258531065
24381049,92.7107,79853981,3579524274501095
24383679,92.7207,79853981,3579734290471125
24386309,92.7307,79853981,3579944306441155
24388939,92.7407,79853981,3580154322411185
24391569,92.7507,79853981,3580364338381215
24394199,92.7607,79853981,3580574354351245
24396829,92.7707,79853981,3580784370321275
24399459,92.7807,79853981,3580994386291305
24402089,92.7907,79853981,3581204402261335
24404719,92.8007,79853981,3581414418231365
24407349,92.8107,79853981,3581624434201395
24409979,92.8207,79853981,3581834450171425
24412609,92.8307,79853981,3582044466141455
24415239,92.8407,79853981,3582254482111485
24417869,92.8507,79853981,3582464498081515
24420499,92.8607,79853981,3582674514051545
24423129,92.8707,79853981,3582884530021575
24425759,92.8807,79853981,3583094545991605
24428389,92.8907,79853981,3583304561961635
24431019,92.9007,79853981,3583514577931665
24433649,92.9107,79853981,3583724593901695
24436279,92.9207,79853981,3583934609871725
24438909,92.9307,79853981,3584144625841755
24441539,92.9407,79853981,3584354641811785
24444169,92.9507,79853981,3584564657781815
24446799,92.9607,79853981,3584774673751845
24449429,92.9707,79853981,3584984689721875
24452059,92.9807,79853981,3585194705691905
24454689,92.9907,79853981,3585404721661935
24457319,93.0007,79853981,3585614737631965
24459949,93.0107,79853981,3585824753601995
24462579,93.0207,79853981,3586034769572025
24465209,93.0307,79853981,3586244785542055
24467839,93.0407,79853981,3586454801512085
24470469,93.0507,79853981,3586664817482115
24473099,93.0607,79853981,3586874833452145
24475729,93.0707,79853981,3587084849422175
24478359,93.0807,79853981,3587294865392205
24480989,93.0907,79853981,3587504881362235
24483619,93.1007,79853981,3587714897332265
24486249,93.1107,79853981,3587924913302295
24488879,93.1207,79853981,3588134929272325
24491509,93.1307,79853981,3588344945242355
24494139,93.1407,79853981,3588554961212385
24496769,93.1507,79853981,3588764977182415
24499399,93.1607,79853981,3588974993152445
24502029,93.1707,79853981,3589185009122475
24504659,93.1807,79853981,3589395025092505
24507289,93.1907,79853981,3589605041062535
24509919,93.2007,79853981,3589815057032565
24512549,93.2107,79853981,3590025073002595
24515179,93.2207,79853981,3590235088972625
24517809,93.2307,79853981,3590445104942655
24520439,93.2407,79853981,3590655120912685
24523069,93.2507,79853981,3590865136882715
24525699,93.2607,79853981,3591075152852745
24528329,93.2707,79853981,3591285168822775
24530959,93.2807,79853981,3591495184792805
24533589,93.2907,79853981,3591705200762835
24536219,93.3007,79853981,3591915216732865
24538849,93.3107,79853981,3592125232702895
24541479,93.3207,79853981,3592335248672925
24544109,93.3307,79853981,3592545264642955
24546739,93.3407,79853981,3592755280612985
24549369,93.3507,79853981,3592965296583015
24551999,93.3607,79853981,3593175312553045
24554629,93.3707,79853981,3593385328523075
24557259,93.3807,79853981,3593595344493105
24559889,93.3907,79853981,3593805360463135
24562519,93.4007,79853981,3594015376433165
24565149,93.4107,79853981,3594225392403195
24567779,93.4207,79853981,3594435408373225
24570409,93.4307,79853981,3594645424343255
24573039,93.4407,79853981,3594855440313285
24575669,93.4507,79853981,3595065456283315
24578299,93.4607,79853981,3595275472253345
24580929,93.4707,79853981,3595485488223375
24583559,93.4807,79853981,3595695504193405
24586189,93.4907,79853981,3595905520163435
24588819,93.5007,79853981,3596115536133465
24591449,93.5107,79853981,3596325552103495
24594079,93.5207,79853981,3596535568073525
24596709,93.5307,79853981,3596745584043555
24599339,93.5407,79853981,3596955600013585
24601969,93.5507,79853981,3597165615983615
24604599,93.5607,79853981,3597375631953645
24607229,93.5707,79853981,3597585647923675
24609859,93.5807,79853981,3597795663893705
24612489,93.5907,79853981,3598005679863735
24615119,93.6007,79853981,3598215695833765
24617749,93.6107,79853981,3598425711803795
24620379,93.6207,79853981,3598635727773825
24623009,93.6307,79853981,3598845743743855
24625639,93.6407,79853981,3599055759713885
24628269,93.6507,79853981,3599265775683915
24630899,93.6607,79853981,3599475791653945
24633529,93.6707,79853981,3599685807623975
24636159,93.6807,79853981,3599895823594005
24638789,93.6907,79853981,3600105839564035
24641419,93.7007,79853981,3600315855534065
24644049,93.7107,79853981,3600525871504095
24646679,93.7207,79853981,3600735887474125
24649309,93.7307,79853981,3600945903444155
24651939,93.7407,79853981,3601155919414185
24654569,93.7507,79853981,3601365935384215
24657199,93.7607,79853981,3601575951354245
24659829,93.7707,79853981,3601785967324275
24662459,93.7807,79853981,3601995983294305
24665089,93.7907,79853981,3602205999264335
24667719,93.8007,79853981,3602416015234365
24670349,93.8107,79853981,3602626031204395
24672979,93.8207,79853981,3602836047174425
24675609,93.8307,79853981,3603046063144455
24678239,93.8407,79853981,3603256079114485
24680869,93.8507,79853981,3603466095084515
24683499,93.8607,79853981,3603676111054545
24686129,93.8707,79853981,3603886127024575
24688759,93.8807,79853981,3604096142994605
24691389,93.8907,79853981,3604306158964635
24694019,93.9007,79853981,3604516174934665
24696649,93.9107,79853981,3604726190904695
24699279,93.9208,79853981,3604936206874725
24701909,93.9308,79853981,3605146222844755
24704539,93.9408,79853981,3605356238814785
24707169,93.9508,79853981,3605566254784815
24709799,93.9608,79853981,3605776270754845
24712429,93.9708,79853981,3605986286724875
24715059,93.9808,79853981,3606196302694905
24717689,93.9908,79853981,3606406318664935
24720319,94.0008,79853981,3606616334634965
24722949,94.0108,79853981,3606826350604995
24725579,94.0208,79853981,3607036366575025
24728209,94.0308,79853981,3607246382545055
24730839,94.0408,79853981,3607456398515085
24733469,94.0508,79853981,3607666414485115
24736099,94.0608,79853981,3607876430455145
24738729,94.0708,79853981,3608086446425175
24741359,94.0808,79853981,3608296462395205
24743989,94.0908,79853981,3608506478365235
24746619,94.1008,79853981,3608716494335265
24749249,94.1108,79853981,3608926510305295
24751879,94.1208,79853981,3609136526275325
24754509,94.1308,79853981,3609346542245355
24757139,94.1408,79853981,3609556558215385
24759769,94.1508,79853981,3609766574185415
24762399,94.1608,79853981,3609976590155445
24765029,94.1708,79853981,3610186606125475
24767659,94.1808,79853981,3610396622095505
24770289,94.1908,79853981,3610606638065535
24772919,94.2008,79853981,3610816654035565
24775549,94.2108,79853981,3611026670005595
24778179,94.2208,79853981,3611236685975625
24780809,94.2308,79853981,3611446701945655
24783439,94.2408,79853981,3611656717915685
24786069,94.2508,79853981,3611866733885715
24788699,94.2608,79853981,3612076749855745
24791329,94.2708,79853981,3612286765825775
24793959,94.2808,79853981,3612496781795805
24796589,94.2908,79853981,3612706797765835
24799219,94.3008,79853981,3612916813735865
24801849,94.3108,79853981,3613126829705895
24804479,94.3208,79853981,3613336845675925
24807109,94.3308,79853981,3613546861645955
24809739,94.3408,79853981,3613756877615985
24812369,94.3508,79853981,3613966893586015
24814999,94.3608,79853981,3614176909556045
24817629,94.3708,79853981,3614386925526075
24820259,94.3808,79853981,3614596941496105
24822889,94.3908,79853981,3614806957466135
24825519,94.4008,79853981,3615016973436165
24828149,94.4108,79853981,3615226989406195
24830779,94.4208,79853981,3615437005376225
24833409,94.4308,79853981,3615647021346255
24836039,94.4408,79853981,3615857037316285
24838669,94.4508,79853981,3616067053286315
24841299,94.4608,79853981,3616277069256345
24843929,94.4708,79853981,3616487085226375
24846559,94.4808,79853981,3616697101196405
24849189,94.4908,79853981,3616907117166435
24851819,94.5008,79853981,3617117133136465
24854449,94.5108,79853981,3617327149106495
24857079,94.5208,79853981,3617537165076525
24859709,94.5308,79853981,3617747181046555
24862339,94.5408,79853981,3617957197016585
24864969,94.5508,79853981,3618167212986615
24867599,94.5608,79853981,3618377228956645
24870229,94.5708,79853981,3618587244926675
24872859,94.5808,79853981,3618797260896705
24875489,94.5908,79853981,3619007276866735
24878119,94.6008,79853981,3619217292836765
24880749,94.6108,79853981,3619427308806795
24883379,94.6208,79853981,3619637324776825
24886009,94.6308,79853981,3619847340746855
24888639,94.6408,79853981,3620057356716885
24891269,94.6508,79853981,3620267372686915
24893899,94.6608,79853981,3620477388656945
24896529,94.6708,79853981,3620687404626975
24899159,94.6808,79853981,3620897420597005
24901789,94.6908,79853981,3621107436567035
24904419,94.7008,79853981,3621317452537065
24907049,94.7108,79853981,3621527468507095
24909679,94.7208,79853981,3621737484477125
24912309,94.7308,79853981,3621947500447155
24914939,94.7408,79853981,3622157516417185
24917569,94.7508,79853981,3622367532387215
24920199,94.7608,79853981,3622577548357245
24922829,94.7708,79853981,3622787564327275
24925459,94.7808,79853981,3622997580297305
24928089,94.7908,79853981,3623207596267335
24930719,94.8008,79853981,3623417612237365
24933349,94.8108,79853981,3623627628207395
24935979,94.8208,79853981,3623837644177425
24938609,94.8308,79853981,3624047660147455
24941239,94.8408,79853981,3624257676117485
24943869,94.8508,79853981,3624467692087515
24946499,94.8608,79853981,3624677708057545
24949129,94.8708,79853981,3624887724027575
24951759,94.8808,79853981,3625097739997605
24954389,94.8908,79853981,3625307755967635
24957019,94.9008,79853981,3625517771937665
24959649,94.9108,79853981,3625727787907695
24962279,94.9208,79853981,3625937803877725
24964909,94.9308,79853981,3626147819847755
24967539,94.9408,79853981,3626357835817785
24970169,94.9508,79853981,3626567851787815
24972799,94.9608,79853981,3626777867757845
24975429,94.9708,79853981,3626987883727875
24978059,94.9808,79853981,3627197899697905
24980689,94.9908,79853981,3627407915667935
24983319,95.0008,79853981,3627617931637965
24985949,95.0108,79853981,3627827947607995
24988579,95.0208,79853981,3628037963578025
24991209,95.0308,79853981,3628247979548055
24993839,95.0408,79853981,3628457995518085
24996469,95.0508,79853981,3628668011488115
24999099,95.0608,79853981,3628878027458145
25001729,95.0708,79853981,3629088043428175
25004359,95.0808,79853981,3629298059398205
25006989,95.0908,79853981,3629508075368235
25009619,95.1008,79853981,3629718091338265
25012249,95.1108,79853981,3629928107308295
25014879,95.1208,79853981,3630138123278325
25017509,95.1308,79853981,3630348139248355
25020139,95.1408,79853981,3630558155218385
25022769,95.1508,79853981,3630768171188415
25025399,95.1608,79853981,3630978187158445
25028029,95.1708,79853981,3631188203128475
25030659,95.1808,79853981,3631398219098505
25033289,95.1908,79853981,3631608235068535
25035919,95.2008,79853981,3631818251038565
25038549,95.2108,79853981,3632028267008595
25041179,95.2208,79853981,3632238282978625
25043809,95.2309,79853981,3632448298948655
25046439,95.2409,79853981,3632658314918685
25049069,95.2509,79853981,3632868330888715
25051699,95.2609,79853981,3633078346858745
25054329,95.2709,79853981,3633288362828775
25056959,95.2809,79853981,3633498378798805
25059589,95.2909,79853981,3633708394768835
25062219,95.3009,79853981,3633918410738865
25064849,95.3109,79853981,3634128426708895
25067479,95.3209,79853981,3634338442678925
25070109,95.3309,79853981,3634548458648955
25072739,95.3409,79853981,3634758474618985
25075369,95.3509,79853981,3634968490589015
25077999,95.3609,79853981,3635178506559045
25080629,95.3709,79853981,3635388522529075
25083259,95.3809,79853981,3635598538499105
25085889,95.3909,79853981,3635808554469135
25088519,95.4009,79853981,3636018570439165
25091149,95.4109,79853981,3636228586409195
25093779,95.4209,79853981,3636438602379225
25096409,95.4309,79853981,3636648618349255
25099039,95.4409,79853981,3636858634319285
25101669,95.4509,79853981,3637068650289315
25104299,95.4609,79853981,3637278666259345
25106929,95.4709,79853981,3637488682229375
25109559,95.4809,79853981,3637698698199405
25112189,95.4909,79853981,3637908714169435
25114819,95.5009,79853981,3638118730139465
25117449,95.5109,79853981,3638328746109495
25120079,95.5209,79853981,3638538762079525
25122709,95.5309,79853981,3638748778049555
25125339,95.5409,79853981,3638958794019585
25127969,95.5509,79853981,3639168809989615
25130599,95.5609,79853981,3639378825959645
25133229,95.5709,79853981,3639588841929675
25135859,95.5809,79853981,3639798857899705
25138489,95.5909,79853981,3640008873869735
25141119,95.6009,79853981,3640218889839765
25143749,95.6109,79853981,3640428905809795
25146379,95.6209,79853981,3640638921779825
25149009,95.6309,79853981,3640848937749855
25151639,95.6409,79853981,3641058953719885
25154269,95.6509,79853981,3641268969689915
25156899,95.6609,79853981,3641478985659945
25159529,95.6709,79853981,3641689001629975
25162159,95.6809,79853981,3641899017600005
25164789,95.6909,79853981,3642109033570035
25167419,95.7009,79853981,3642319049540065
25170049,95.7109,79853981,3642529065510095
25172679,95.7209,79853981,3642739081480125
25175309,95.7309,79853981,3642949097450155
25177939,95.7409,79853981,3643159113420185
25180569,95.7509,79853981,3643369129390215
25183199,95.7609,79853981,3643579145360245
25185829,95.7709,79853981,3643789161330275
25188459,95.7809,79853981,3643999177300305
25191089,95.7909,79853981,3644209193270335
25193719,95.8009,79853981,3644419209240365
25196349,95.8109,79853981,3644629225210395
25198979,95.8209,79853981,3644839241180425
25201609,95.8309,79853981,3645049257150455
25204239,95.8409,79853981,3645259273120485
25206869,95.8509,79853981,3645469289090515
25209499,95.8609,79853981,3645679305060545
25212129,95.8709,79853981,3645889321030575
25214759,95.8809,79853981,3646099337000605
25217389,95.8909,79853981,3646309352970635
25220019,95.9009,79853981,3646519368940665
25222649,95.9109,79853981,3646729384910695
25225279,95.9209,79853981,3646939400880725
25227909,95.9309,79853981,3647149416850755
25230539,95.9409,79853981,3647359432820785
25233169,95.9509,79853981,3647569448790815
25235799,95.9609,79853981,3647779464760845
25238429,95.9709,79853981,3647989480730875
25241059,95.9809,79853981,3648199496700905
25243689,95.9909,79853981,3648409512670935
25246319,96.0009,79853981,3648619528640965
25248949,96.0109,79853981,3648829544610995
25251579,96.0209,79853981,3649039560581025
25254209,96.0309,79853981,3649249576551055
25256839,96.0409,79853981,3649459592521085
25259469,96.0509,79853981,3649669608491115
25262099,96.0609,79853981,3649879624461145
25264729,96.0709,79853981,3650089640431175
25267359,96.0809,79853981,3650299656401205
25269989,96.0909,79853981,3650509672371235
25272619,96.1009,79853981,3650719688341265
25275249,96.1109,79853981,3650929704311295
25277879,96.1209,79853981,3651139720281325
25280509,96.1309,79853981,3651349736251355
25283139,96.1409,79853981,3651559752221385
25285769,96.1509,79853981,3651769768191415
25288399,96.1609,79853981,3651979784161445
25291029,96.1709,79853981,3652189800131475
25293659,96.1809,79853981,3652399816101505
25296289,96.1909,79853981,3652609832071535
25298919,96.2009,79853981,3652819848041565
25301549,96.2109,79853981,3653029864011595
25304179,96.2209,79853981,3653239879981625
25306809,96.2309,79853981,3653449895951655
25309439,96.2409,79853981,3653659911921685
25312069,96.2509,79853981,3653869927891715
25314699,96.2609,79853981,3654079943861745
25317329,96.2709,79853981,3654289959831775
25319959,96.2809,79853981,3654499975801805
25322589,96.2909,79853981,3654709991771835
25325219,96.3009,79853981,3654920007741865
25327849,96.3109,79853981,3655130023711895
25330479,96.3209,79853981,3655340039681925
25333109,96.3309,79853981,3655550055651955
25335739,96.3409,79853981,3655760071621985
25338369,96.3509,79853981,3655970087592015
25340999,96.3609,79853981,3656180103562045
25343629,96.3709,79853981,3656390119532075
25346259,96.3809,79853981,3656600135502105
25348889,96.3909,79853981,3656810151472135
25351519,96.4009,79853981,3657020167442165
25354149,96.4109,79853981,3657230183412195
25356779,96.4209,79853981,3657440199382225
25359409,96.4309,79853981,3657650215352255
25362039,96.4409,79853981,3657860231322285
25364669,96.4509,79853981,3658070247292315
25367299,96.4609,79853981,3658280263262345
25369929,96.4709,79853981,3658490279232375
25372559,96.4809,79853981,3658700295202405
25375189,96.4909,79853981,3658910311172435
25377819,96.5009,79853981,3659120327142465
25380449,96.5109,79853981,3659330343112495
25383079,96.5209,79853981,3659540359082525
25385709,96.5309,79853981,3659750375052555
25388339,96.5409,79853981,3659960391022585
25390969,96.5510,79853981,3660170406992615
25393599,96.5610,79853981,3660380422962645
25396229,96.5710,79853981,3660590438932675
25398859,96.5810,79853981,3660800454902705
25401489,96.5910,79853981,3661010470872735
25404119,96.6010,79853981,3661220486842765
25406749,96.6110,79853981,3661430502812795
25409379,96.6210,79853981,3661640518782825
25412009,96.6310,79853981,3661850534752855
25414639,96.6410,79853981,3662060550722885
25417269,96.6510,79853981,3662270566692915
25419899,96.6610,79853981,3662480582662945
25422529,96.6710,79853981,3662690598632975
25425159,96.6810,79853981,3662900614603005
25427789,96.6910,79853981,3663110630573035
25430419,96.7010,79853981,3663320646543065
25433049,96.7110,79853981,3663530662513095
25435679,96.7210,79853981,3663740678483125
25438309,96.7310,79853981,3663950694453155
25440939,96.7410,79853981,3664160710423185
25443569,96.7510,79853981,3664370726393215
25446199,96.7610,79853981,3664580742363245
25448829,96.7710,79853981,3664790758333275
25451459,96.7810,79853981,3665000774303305
25454089,96.7910,79853981,3665210790273335
25456719,96.8010,79853981,3665420806243365
25459349,96.8110,79853981,3665630822213395
25461979,96.8210,79853981,3665840838183425
25464609,96.8310,79853981,3666050854153455
25467239,96.8410,79853981,3666260870123485
25469869,96.8510,79853981,3666470886093515
25472499,96.8610,79853981,3666680902063545
25475129,96.8710,79853981,3666890918033575
25477759,96.8810,79853981,3667100934003605
25480389,96.8910,79853981,3667310949973635
25483019,96.9010,79853981,3667520965943665
25485649,96.9110,79853981,3667730981913695
25488279,96.9210,79853981,3667940997883725
25490909,96.9310,79853981,3668151013853755
25493539,96.9410,79853981,3668361029823785
25496169,96.9510,79853981,3668571045793815
25498799,96.9610,79853981,3668781061763845
25501429,96.9710,79853981,3668991077733875
25504059,96.9810,79853981,3669201093703905
25506689,96.9910,79853981,3669411109673935
25509319,97.0010,79853981,3669621125643965
25511949,97.0110,79853981,3669831141613995
25514579,97.0210,79853981,3670041157584025
25517209,97.0310,79853981,3670251173554055
25519839,97.0410,79853981,3670461189524085
25522469,97.0510,79853981,3670671205494115
25525099,97.0610,79853981,3670881221464145
25527729,97.0710,79853981,3671091237434175
25530359,97.0810,79853981,3671301253404205
25532989,97.0910,79853981,3671511269374235
25535619,97.1010,79853981,3671721285344265
25538249,97.1110,79853981,3671931301314295
25540879,97.1210,79853981,3672141317284325
25543509,97.1310,79853981,3672351333254355
25546139,97.1410,79853981,3672561349224385
25548769,97.1510,79853981,3672771365194415
25551399,97.1610,79853981,3672981381164445
25554029,97.1710,79853981,3673191397134475
25556659,97.1810,79853981,3673401413104505
25559289,97.1910,79853981,3673611429074535
25561919,97.2010,79853981,3673821445044565
25564549,97.2110,79853981,3674031461014595
25567179,97.2210,79853981,3674241476984625
25569809,97.2310,79853981,3674451492954655
25572439,97.2410,79853981,3674661508924685
25575069,97.2510,79853981,3674871524894715
25577699,97.2610,79853981,3675081540864745
25580329,97.2710,79853981,3675291556834775
25582959,97.2810,79853981,3675501572804805
25585589,97.2910,79853981,3675711588774835
25588219,97.3010,79853981,3675921604744865
25590849,97.3110,79853981,3676131620714895
25593479,97.3210,79853981,3676341636684925
25596109,97.3310,79853981,3676551652654955
25598739,97.3410,79853981,3676761668624985
25601369,97.3510,79853981,3676971684595015
25603999,97.3610,79853981,3677181700565045
25606629,97.3710,79853981,3677391716535075
25609259,97.3810,79853981,3677601732505105
25611889,97.3910,79853981,3677811748475135
25614519,97.4010,79853981,3678021764445165
25617149,97.4110,79853981,3678231780415195
25619779,97.4210,79853981,3678441796385225
25622409,97.4310,79853981,3678651812355255
25625039,97.4410,79853981,3678861828325285
25627669,97.4510,79853981,3679071844295315
25630299,97.4610,79853981,3679281860265345
25632929,97.4710,79853981,3679491876235375
25635559,97.4810,79853981,3679701892205405
25638189,97.4910,79853981,3679911908175435
25640819,97.5010,79853981,3680121924145465
25643449,97.5110,79853981,3680331940115495
25646079,97.5210,79853981,3680541956085525
25648709,97.5310,79853981,3680751972055555
25651339,97.5410,79853981,3680961988025585
25653969,97.5510,79853981,3681172003995615
25656599,97.5610,79853981,3681382019965645
25659229,97.5710,79853981,3681592035935675
25661859,97.5810,79853981,3681802051905705
25664489,97.5910,79853981,3682012067875735
25667119,97.6010,79853981,3682222083845765
25669749,97.6110,79853981,3682432099815795
25672379,97.6210,79853981,3682642115785825
25675009,97.6310,79853981,3682852131755855
25677639,97.6410,79853981,3683062147725885
25680269,97.6510,79853981,3683272163695915
25682899,97.6610,79853981,3683482179665945
25685529,97.6710,79853981,3683692195635975
25688159,97.6810,79853981,3683902211606005
25690789,97.6910,79853981,3684112227576035
25693419,97.7010,79853981,3684322243546065
25696049,97.7110,79853981,3684532259516095
25698679,97.7210,79853981,3684742275486125
25701309,97.7310,79853981,3684952291456155
25703939,97.7410,79853981,3685162307426185
25706569,97.7510,79853981,3685372323396215
25709199,97.7610,79853981,3685582339366245
25711829,97.7710,79853981,3685792355336275
25714459,97.7810,79853981,3686002371306305
25717089,97.7910,79853981,3686212387276335
25719719,97.8010,79853981,3686422403246365
25722349,97.8110,79853981,3686632419216395
25724979,97.8210,79853981,3686842435186425
25727609,97.8310,79853981,3687052451156455
25730239,97.8410,79853981,3687262467126485
25732869,97.8510,79853981,3687472483096515
25735499,97.8611,79853981,3687682499066545
25738129,97.8711,79853981,3687892515036575
25740759,97.8811,79853981,3688102531006605
25743389,97.8911,79853981,3688312546976635
25746019,97.9011,79853981,3688522562946665
25748649,97.9111,79853981,3688732578916695
25751279,97.9211,79853981,3688942594886725
25753909,97.9311,79853981,3689152610856755
25756539,97.9411,79853981,3689362626826785
25759169,97.9511,79853981,3689572642796815
25761799,97.9611,79853981,3689782658766845
25764429,97.9711,79853981,3689992674736875
25767059,97.9811,79853981,3690202690706905
25769689,97.9911,79853981,3690412706676935
25772319,98.0011,79853981,3690622722646965
25774949,98.0111,79853981,3690832738616995
25777579,98.0211,79853981,3691042754587025
25780209,98.0311,79853981,3691252770557055
25782839,98.0411,79853981,3691462786527085
25785469,98.0511,79853981,3691672802497115
25788099,98.0611,79853981,3691882818467145
25790729,98.0711,79853981,3692092834437175
25793359,98.0811,79853981,3692302850407205
25795989,98.0911,79853981,3692512866377235
25798619,98.1011,79853981,3692722882347265
25801249,98.1111,79853981,3692932898317295
25803879,98.1211,79853981,3693142914287325
25806509,98.1311,79853981,3693352930257355
25809139,98.1411,79853981,3693562946227385
25811769,98.1511,79853981,3693772962197415
25814399,98.1611,79853981,3693982978167445
25817029,98.1711,79853981,3694192994137475
25819659,98.1811,79853981,3694403010107505
25822289,98.1911,79853981,3694613026077535
25824919,98.2011,79853981,3694823042047565
25827549,98.2111,79853981,3695033058017595
25830179,98.2211,79853981,3695243073987625
25832809,98.2311,79853981,3695453089957655
25835439,98.2411,79853981,3695663105927685
25838069,98.2511,79853981,3695873121897715
25840699,98.2611,79853981,3696083137867745
25843329,98.2711,79853981,3696293153837775
25845959,98.2811,79853981,3696503169807805
25848589,98.2911,79853981,3696713185777835
25851219,98.3011,79853981,3696923201747865
25853849,98.3111,79853981,3697133217717895
25856479,98.3211,79853981,3697343233687925
25859109,98.3311,79853981,3697553249657955
25861739,98.3411,79853981,3697763265627985
25864369,98.3511,79853981,3697973281598015
25866999,98.3611,79853981,3698183297568045
25869629,98.3711,79853981,3698393313538075
25872259,98.3811,79853981,3698603329508105
25874889,98.3911,79853981,3698813345478135
25877519,98.4011,79853981,3699023361448165
25880149,98.4111,79853981,3699233377418195
25882779,98.4211,79853981,3699443393388225
25885409,98.4311,79853981,3699653409358255
25888039,98.4411,79853981,3699863425328285
25890669,98.4511,79853981,3700073441298315
25893299,98.4611,79853981,3700283457268345
25895929,98.4711,79853981,3700493473238375
25898559,98.4811,79853981,3700703489208405
25901189,98.4911,79853981,3700913505178435
25903819,98.5011,79853981,3701123521148465
25906449,98.5111,79853981,3701333537118495
25909079,98.5211,79853981,3701543553088525
25911709,98.5311,79853981,3701753569058555
25914339,98.5411,79853981,3701963585028585
25916969,98.5511,79853981,3702173600998615
25919599,98.5611,79853981,3702383616968645
25922229,98.5711,79853981,3702593632938675
25924859,98.5811,79853981,3702803648908705
25927489,98.5911,79853981,3703013664878735
25930119,98.6011,79853981,3703223680848765
25932749,98.6111,79853981,3703433696818795
25935379,98.6211,79853981,3703643712788825
25938009,98.6311,79853981,3703853728758855
25940639,98.6411,79853981,3704063744728885
25943269,98.6511,79853981,3704273760698915
25945899,98.6611,79853981,3704483776668945
25948529,98.6711,79853981,3704693792638975
25951159,98.6811,79853981,3704903808609005
25953789,98.6911,79853981,3705113824579035
25956419,98.7011,79853981,3705323840549065
25959049,98.7111,79853981,3705533856519095
25961679,98.7211,79853981,3705743872489125
25964309,98.7311,79853981,3705953888459155
25966939,98.7411,79853981,3706163904429185
25969569,98.7511,79853981,3706373920399215
25972199,98.7611,79853981,3706583936369245
25974829,98.7711,79853981,3706793952339275
25977459,98.7811,79853981,3707003968309305
25980089,98.7911,79853981,3707213984279335
25982719,98.8011,79853981,3707424000249365
25985349,98.8111,79853981,3707634016219395
25987979,98.8211,79853981,3707844032189425
25990609,98.8311,79853981,3708054048159455
25993239,98.8411,79853981,3708264064129485
25995869,98.8511,79853981,3708474080099515
25998499,98.8611,79853981,3708684096069545
26001129,98.8711,79853981,3708894112039575
26003759,98.8811,79853981,3709104128009605
26006389,98.8911,79853981,3709314143979635
26009019,98.9011,79853981,3709524159949665
26011649,98.9111,79853981,3709734175919695
26014279,98.9211,79853981,3709944191889725
26016909,98.9311,79853981,3710154207859755
26019539,98.9411,79853981,3710364223829785
26022169,98.9511,79853981,3710574239799815
26024799,98.9611,79853981,3710784255769845
26027429,98.9711,79853981,3710994271739875
26030059,98.9811,79853981,3711204287709905
26032689,98.9911,79853981,3711414303679935
26035319,99.0011,79853981,3711624319649965
26037949,99.0111,79853981,3711834335619995
26040579,99.0211,79853981,3712044351590025
26043209,99.0311,79853981,3712254367560055
26045839,99.0411,79853981,3712464383530085
26048469,99.0511,79853981,3712674399500115
26051099,99.0611,79853981,3712884415470145
26053729,99.0711,79853981,3713094431440175
26056359,99.0811,79853981,3713304447410205
26058989,99.0911,79853981,3713514463380235
26061619,99.1011,79853981,3713724479350265
26064249,99.1111,79853981,3713934495320295
26066879,99.1211,79853981,3714144511290325
26069509,99.1311,79853981,3714354527260355
26072139,99.1411,79853981,3714564543230385
26074769,99.1511,79853981,3714774559200415
26077399,99.1611,79853981,3714984575170445
26080029,99.1711,79853981,3715194591140475
26082659,99.1812,79853981,3715404607110505
26085289,99.1912,79853981,3715614623080535
26087919,99.2012,79853981,3715824639050565
26090549,99.2112,79853981,3716034655020595
26093179,99.2212,79853981,3716244670990625
26095809,99.2312,79853981,3716454686960655
26098439,99.2412,79853981,3716664702930685
26101069,99.2512,79853981,3716874718900715
26103699,99.2612,79853981,3717084734870745
26106329,99.2712,79853981,3717294750840775
26108959,99.2812,79853981,3717504766810805
26111589,99.2912,79853981,3717714782780835
26114219,99.3012,79853981,3717924798750865
26116849,99.3112,79853981,3718134814720895
26119479,99.3212,79853981,3718344830690925
26122109,99.3312,79853981,3718554846660955
26124739,99.3412,79853981,3718764862630985
26127369,99.3512,79853981,3718974878601015
26129999,99.3612,79853981,3719184894571045
26132629,99.3712,79853981,3719394910541075
26135259,99.3812,79853981,3719604926511105
26137889,99.3912,79853981,3719814942481135
26140519,99.4012,79853981,3720024958451165
26143149,99.4112,79853981,3720234974421195
26145779,99.4212,79853981,3720444990391225
26148409,99.4312,79853981,3720655006361255
26151039,99.4412,79853981,3720865022331285
26153669,99.4512,79853981,3721075038301315
26156299,99.4612,79853981,3721285054271345
26158929,99.4712,79853981,3721495070241375
26161559,99.4812,79853981,3721705086211405
26164189,99.4912,79853981,3721915102181435
26166819,99.5012,79853981,3722125118151465
26169449,99.5112,79853981,3722335134121495
26172079,99.5212,79853981,3722545150091525
26174709,99.5312,79853981,3722755166061555
26177339,99.5412,79853981,3722965182031585
26179969,99.5512,79853981,3723175198001615
26182599,99.5612,79853981,3723385213971645
26185229,99.5712,79853981,3723595229941675
26187859,99.5812,79853981,3723805245911705
26190489,99.5912,79853981,3724015261881735
26193119,99.6012,79853981,3724225277851765
26195749,99.6112,79853981,3724435293821795
26198379,99.6212,79853981,3724645309791825
26201009,99.6312,79853981,3724855325761855
26203639,99.6412,79853981,3725065341731885
26206269,99.6512,79853981,3725275357701915
26208899,99.6612,79853981,3725485373671945
26211529,99.6712,79853981,3725695389641975
26214159,99.6812,79853981,3725905405612005
26216789,99.6912,79853981,3726115421582035
26219419,99.7012,79853981,3726325437552065
26222049,99.7112,79853981,3726535453522095
26224679,99.7212,79853981,3726745469492125
26227309,99.7312,79853981,3726955485462155
26229939,99.7412,79853981,3727165501432185
26232569,99.7512,79853981,3727375517402215
26235199,99.7612,79853981,3727585533372245
26237829,99.7712,79853981,3727795549342275
26240459,99.7812,79853981,3728005565312305
26243089,99.7912,79853981,3728215581282335
26245719,99.8012,79853981,3728425597252365
26248349,99.8112,79853981,3728635613222395
26250979,99.8212,79853981,3728845629192425
26253609,99.8312,79853981,3729055645162455
26256239,99.8412,79853981,3729265661132485
26258869,99.8512,79853981,3729475677102515
26261499,99.8612,79853981,3729685693072545
26264129,99.8712,79853981,3729895709042575
26266759,99.8812,79853981,3730105725012605
26269389,99.8912,79853981,3730315740982635
26272019,99.9012,79853981,3730525756952665
26274649,99.9112,79853981,3730735772922695
26277279,99.9212,79853981,3730945788892725
26279909,99.9312,79853981,3731155804862755
26282539,99.9412,79853981,3731365820832785
26285169,99.9512,79853981,3731575836802815
26287799,99.9612,79853981,3731785852772845
26290429,99.9712,79853981,3731995868742875
26293059,99.9812,79853981,3732205884712905
26295689,99.9912,79853981,3732415900682935
26298319,100.0012,79853981,3732625916652965
26300949,100.0112,79853981,3732835932622995
26303579,100.0212,79853981,3733045948593025
26306209,100.0312,79853981,3733255964563055
26308839,100.0412,79853981,3733465980533085
26311469,100.0512,79853981,3733675996503115
26314099,100.0612,79853981,3733886012473145
26316729,100.0712,79853981,3734096028443175
26319359,100.0812,79853981,3734306044413205
26321989,100.0912,79853981,3734516060383235
26324619,100.1012,79853981,3734726076353265
26327249,100.1112,79853981,3734936092323295
26329879,100.1212,79853981,3735146108293325
26332509,100.1312,79853981,3735356124263355
26335139,100.1412,79853981,3735566140233385
26337769,100.1512,79853981,3735776156203415
26340399,100.1612,79853981,3735986172173445
26343029,100.1712,79853981,3736196188143475
26345659,100.1812,79853981,3736406204113505
26348289,100.1912,79853981,3736616220083535
26350919,100.2012,79853981,3736826236053565
26353549,100.2112,79853981,3737036252023595
26356179,100.2212,79853981,3737246267993625
26358809,100.2312,79853981,3737456283963655
26361439,100.2412,79853981,3737666299933685
26364069,100.2512,79853981,3737876315903715
26366699,100.2612,79853981,3738086331873745
26369329,100.2712,79853981,3738296347843775
26371959,100.2812,79853981,3738506363813805
26374589,100.2912,79853981,3738716379783835
26377219,100.3012,79853981,3738926395753865
26379849,100.3112,79853981,3739136411723895
26382479,100.3212,79853981,3739346427693925
26385109,100.3312,79853981,3739556443663955
26387739,100.3412,79853981,3739766459633985
26390369,100.3512,79853981,3739976475604015
26392999,100.3612,79853981,3740186491574045
26395629,100.3712,79853981,3740396507544075
26398259,100.3812,79853981,3740606523514105
26400889,100.3912,79853981,3740816539484135
26403519,100.4012,79853981,3741026555454165
26406149,100.4112,79853981,3741236571424195
26408779,100.4212,79853981,3741446587394225
26411409,100.4312,79853981,3741656603364255
26414039,100.4412,79853981,3741866619334285
26416669,100.4512,79853981,3742076635304315
26419299,100.4612,79853981,3742286651274345
26421929,100.4712,79853981,3742496667244375
26424559,100.4812,79853981,3742706683214405
26427189,100.4913,79853981,3742916699184435
26429819,100.5013,79853981,3743126715154465
26432449,100.5113,79853981,3743336731124495
26435079,100.5213,79853981,3743546747094525
26437709,100.5313,79853981,3743756763064555
26440339,100.5413,79853981,3743966779034585
26442969,100.5513,79853981,3744176795004615
26445599,100.5613,79853981,3744386810974645
26448229,100.5713,79853981,3744596826944675
26450859,100.5813,79853981,3744806842914705
26453489,100.5913,79853981,3745016858884735
26456119,100.6013,79853981,3745226874854765
26458749,100.6113,79853981,3745436890824795
26461379,100.6213,79853981,3745646906794825
26464009,100.6313,79853981,3745856922764855
26466639,100.6413,79853981,3746066938734885
26469269,100.6513,79853981,3746276954704915
26471899,100.6613,79853981,3746486970674945
26474529,100.6713,79853981,3746696986644975
26477159,100.6813,79853981,3746907002615005
26479789,100.6913,79853981,3747117018585035
26482419,100.7013,79853981,3747327034555065
26485049,100.7113,79853981,3747537050525095
26487679,100.7213,79853981,3747747066495125
26490309,100.7313,79853981,3747957082465155
26492939,100.7413,79853981,3748167098435185
26495569,100.7513,79853981,3748377114405215
26498199,100.7613,79853981,3748587130375245
26500829,100.7713,79853981,3748797146345275
26503459,100.7813,79853981,3749007162315305
26506089,100.7913,79853981,3749217178285335
26508719,100.8013,79853981,3749427194255365
26511349,100.8113,79853981,3749637210225395
26513979,100.8213,79853981,3749847226195425
26516609,100.8313,79853981,3750057242165455
26519239,100.8413,79853981,3750267258135485
26521869,100.8513,79853981,3750477274105515
26524499,100.8613,79853981,3750687290075545
26527129,100.8713,79853981,3750897306045575
26529759,100.8813,79853981,3751107322015605
26532389,100.8913,79853981,3751317337985635
26535019,100.9013,79853981,3751527353955665
26537649,100.9113,79853981,3751737369925695
26540279,100.9213,79853981,3751947385895725
26542909,100.9313,79853981,3752157401865755
26545539,100.9413,79853981,3752367417835785
26548169,100.9513,79853981,3752577433805815
26550799,100.9613,79853981,3752787449775845
26553429,100.9713,79853981,3752997465745875
26556059,100.9813,79853981,3753207481715905
26558689,100.9913,79853981,3753417497685935
26561319,101.0013,79853981,3753627513655965
26563949,101.0113,79853981,3753837529625995
26566579,101.0213,79853981,3754047545596025
26569209,101.0313,79853981,3754257561566055
26571839,101.0413,79853981,3754467577536085
26574469,101.0513,79853981,3754677593506115
26577099,101.0613,79853981,3754887609476145
26579729,101.0713,79853981,3755097625446175
26582359,101.0813,79853981,3755307641416205
26584989,101.0913,79853981,3755517657386235
26587619,101.1013,79853981,3755727673356265
26590249,101.1113,79853981,3755937689326295
26592879,101.1213,79853981,3756147705296325
26595509,101.1313,79853981,3756357721266355
26598139,101.1413,79853981,3756567737236385
26600769,101.1513,79853981,3756777753206415
26603399,101.1613,79853981,3756987769176445
26606029,101.1713,79853981,3757197785146475
26608659,101.1813,79853981,3757407801116505
26611289,101.1913,79853981,3757617817086535
26613919,101.2013,79853981,3757827833056565
26616549,101.2113,79853981,3758037849026595
26619179,101.2213,79853981,3758247864996625
26621809,101.2313,79853981,3758457880966655
26624439,101.2413,79853981,3758667896936685
26627069,101.2513,79853981,3758877912906715
26629699,101.2613,79853981,3759087928876745
26632329,101.2713,79853981,3759297944846775
26634959,101.2813,79853981,3759507960816805
26637589,101.2913,79853981,3759717976786835
26640219,101.3013,79853981,3759927992756865
26642849,101.3113,79853981,3760138008726895
26645479,101.3213,79853981,3760348024696925
26648109,101.3313,79853981,3760558040666955
26650739,101.3413,79853981,3760768056636985
26653369,101.3513,79853981,3760978072607015
26655999,101.3613,79853981,3761188088577045
26658629,101.3713,79853981,3761398104547075
26661259,101.3813,79853981,3761608120517105
26663889,101.3913,79853981,3761818136487135
26666519,101.4013,79853981,3762028152457165
26669149,101.4113,79853981,3762238168427195
26671779,101.4213,79853981,3762448184397225
26674409,101.4313,79853981,3762658200367255
26677039,101.4413,79853981,3762868216337285
26679669,101.4513,79853981,3763078232307315
26682299,101.4613,79853981,3763288248277345
26684929,101.4713,79853981,3763498264247375
26687559,101.4813,79853981,3763708280217405
26690189,101.4913,79853981,3763918296187435
26692819,101.5013,79853981,3764128312157465
26695449,101.5113,79853981,3764338328127495
26698079,101.5213,79853981,3764548344097525
26700709,101.5313,79853981,3764758360067555
26703339,101.5413,79853981,3764968376037585
26705969,101.5513,79853981,3765178392007615
26708599,101.5613,79853981,3765388407977645
26711229,101.5713,79853981,3765598423947675
26713859,101.5813,79853981,3765808439917705
26716489,101.5913,79853981,3766018455887735
26719119,101.6013,79853981,3766228471857765
26721749,101.6113,79853981,3766438487827795
26724379,101.6213,79853981,3766648503797825
26727009,101.6313,79853981,3766858519767855
26729639,101.6413,79853981,3767068535737885
26732269,101.6513,79853981,3767278551707915
26734899,101.6613,79853981,3767488567677945
26737529,101.6713,79853981,3767698583647975
26740159,101.6813,79853981,3767908599618005
26742789,101.6913,79853981,3768118615588035
26745419,101.7013,79853981,3768328631558065
26748049,101.7113,79853981,3768538647528095
26750679,101.7213,79853981,3768748663498125
26753309,101.7313,79853981,3768958679468155
26755939,101.7413,79853981,3769168695438185
26758569,101.7513,79853981,3769378711408215
26761199,101.7613,79853981,3769588727378245
26763829,101.7713,79853981,3769798743348275
26766459,101.7813,79853981,3770008759318305
26769089,101.7913,79853981,3770218775288335
26771719,101.8013,79853981,3770428791258365
26774349,101.8114,79853981,3770638807228395
26776979,101.8214,79853981,3770848823198425
26779609,101.8314,79853981,3771058839168455
26782239,101.8414,79853981,3771268855138485
26784869,101.8514,79853981,3771478871108515
26787499,101.8614,79853981,3771688887078545
26790129,101.8714,79853981,3771898903048575
26792759,101.8814,79853981,3772108919018605
26795389,101.8914,79853981,3772318934988635
26798019,101.9014,79853981,3772528950958665
26800649,101.9114,79853981,3772738966928695
26803279,101.9214,79853981,3772948982898725
26805909,101.9314,79853981,3773158998868755
26808539,101.9414,79853981,3773369014838785
26811169,101.9514,79853981,3773579030808815
26813799,101.9614,79853981,3773789046778845
26816429,101.9714,79853981,3773999062748875
26819059,101.9814,79853981,3774209078718905
26821689,101.9914,79853981,3774419094688935
26824319,102.0014,79853981,3774629110658965
26826949,102.0114,79853981,3774839126628995
26829579,102.0214,79853981,3775049142599025
26832209,102.0314,79853981,3775259158569055
26834839,102.0414,79853981,3775469174539085
26837469,102.0514,79853981,3775679190509115
26840099,102.0614,79853981,3775889206479145
26842729,102.0714,79853981,3776099222449175
26845359,102.0814,79853981,3776309238419205
26847989,102.0914,79853981,3776519254389235
26850619,102.1014,79853981,3776729270359265
26853249,102.1114,79853981,3776939286329295
26855879,102.1214,79853981,3777149302299325
26858509,102.1314,79853981,3777359318269355
26861139,102.1414,79853981,3777569334239385
26863769,102.1514,79853981,3777779350209415
26866399,102.1614,79853981,3777989366179445
26869029,102.1714,79853981,3778199382149475
26871659,102.1814,79853981,3778409398119505
26874289,102.1914,79853981,3778619414089535
26876919,102.2014,79853981,3778829430059565
26879549,102.2114,79853981,3779039446029595
26882179,102.2214,79853981,3779249461999625
26884809,102.2314,79853981,3779459477969655
26887439,102.2414,79853981,3779669493939685
26890069,102.2514,79853981,3779879509909715
26892699,102.2614,79853981,3780089525879745
26895329,102.2714,79853981,3780299541849775
26897959,102.2814,79853981,3780509557819805
26900589,102.2914,79853981,3780719573789835
26903219,102.3014,79853981,3780929589759865
26905849,102.3114,79853981,3781139605729895
26908479,102.3214,79853981,3781349621699925
26911109,102.3314,79853981,3781559637669955
26913739,102.3414,79853981,3781769653639985
26916369,102.3514,79853981,3781979669610015
26918999,102.3614,79853981,3782189685580045
26921629,102.3714,79853981,3782399701550075
26924259,102.3814,79853981,3782609717520105
26926889,102.3914,79853981,3782819733490135
26929519,102.4014,79853981,3783029749460165
26932149,102.4114,79853981,3783239765430195
26934779,102.4214,79853981,3783449781400225
26937409,102.4314,79853981,3783659797370255
26940039,102.4414,79853981,3783869813340285
26942669,102.4514,79853981,3784079829310315
26945299,102.4614,79853981,3784289845280345
26947929,102.4714,79853981,3784499861250375
26950559,102.4814,79853981,3784709877220405
26953189,102.4914,79853981,3784919893190435
26955819,102.5014,79853981,3785129909160465
26958449,102.5114,79853981,3785339925130495
26961079,102.5214,79853981,3785549941100525
26963709,102.5314,79853981,3785759957070555
26966339,102.5414,79853981,3785969973040585
26968969,102.5514,79853981,3786179989010615
26971599,102.5614,79853981,3786390004980645
26974229,102.5714,79853981,3786600020950675
26976859,102.5814,79853981,3786810036920705
26979489,102.5914,79853981,3787020052890735
26982119,102.6014,79853981,3787230068860765
26984749,102.6114,79853981,3787440084830795
26987379,102.6214,79853981,3787650100800825
26990009,102.6314,79853981,3787860116770855
26992639,102.6414,79853981,3788070132740885
26995269,102.6514,79853981,3788280148710915
26997899,102.6614,79853981,3788490164680945
27000529,102.6714,79853981,3788700180650975
27003159,102.6814,79853981,3788910196621005
27005789,102.6914,79853981,3789120212591035
27008419,102.7014,79853981,3789330228561065
27011049,102.7114,79853981,3789540244531095
27013679,102.7214,79853981,3789750260501125
27016309,102.7314,79853981,3789960276471155
27018939,102.7414,79853981,3790170292441185
27021569,102.7514,79853981,3790380308411215
27024199,102.7614,79853981,3790590324381245
27026829,102.7714,79853981,3790800340351275
27029459,102.7814,79853981,3791010356321305
27032089,102.7914,79853981,3791220372291335
27034719,102.8014,79853981,3791430388261365
27037349,102.8114,79853981,3791640404231395
27039979,102.8214,79853981,3791850420201425
27042609,102.8314,79853981,3792060436171455
27045239,102.8414,79853981,3792270452141485
27047869,102.8514,79853981,3792480468111515
27050499,102.8614,79853981,3792690484081545
27053129,102.8714,79853981,3792900500051575
27055759,102.8814,79853981,3793110516021605
27058389,102.8914,79853981,3793320531991635
27061019,102.9014,79853981,3793530547961665
27063649,102.9114,79853981,3793740563931695
27066279,102.9214,79853981,3793950579901725
27068909,102.9314,79853981,3794160595871755
27071539,102.9414,79853981,3794370611841785
27074169,102.9514,79853981,3794580627811815
27076799,102.9614,79853981,3794790643781845
27079429,102.9714,79853981,3795000659751875
27082059,102.9814,79853981,3795210675721905
27084689,102.9914,79853981,3795420691691935
27087319,103.0014,79853981,3795630707661965
27089949,103.0114,79853981,3795840723631995
27092579,103.0214,79853981,3796050739602025
27095209,103.0314,79853981,3796260755572055
27097839,103.0414,79853981,3796470771542085
27100469,103.0514,79853981,3796680787512115
27103099,103.0614,79853981,3796890803482145
27105729,103.0714,79853981,3797100819452175
27108359,103.0814,79853981,3797310835422205
27110989,103.0914,79853981,3797520851392235
27113619,103.1014,79853981,3797730867362265
27116249,103.1114,79853981,3797940883332295
27118879,103.1215,79853981,3798150899302325
27121509,103.1315,79853981,3798360915272355
27124139,103.1415,79853981,3798570931242385
27126769,103.1515,79853981,3798780947212415
27129399,103.1615,79853981,3798990963182445
27132029,103.1715,79853981,3799200979152475
27134659,103.1815,79853981,3799410995122505
27137289,103.1915,79853981,3799621011092535
27139919,103.2015,79853981,3799831027062565
27142549,103.2115,79853981,3800041043032595
27145179,103.2215,79853981,3800251059002625
27147809,103.2315,79853981,3800461074972655
27150439,103.2415,79853981,3800671090942685
27153069,103.2515,79853981,3800881106912715
27155699,103.2615,79853981,3801091122882745
27158329,103.2715,79853981,3801301138852775
27160959,103.2815,79853981,3801511154822805
27163589,103.2915,79853981,3801721170792835
27166219,103.3015,79853981,3801931186762865
27168849,103.3115,79853981,3802141202732895
27171479,103.3215,79853981,3802351218702925
27174109,103.3315,79853981,3802561234672955
27176739,103.3415,79853981,3802771250642985
27179369,103.3515,79853981,3802981266613015
27181999,103.3615,79853981,3803191282583045
27184629,103.3715,79853981,3803401298553075
27187259,103.3815,79853981,3803611314523105
27189889,103.3915,79853981,3803821330493135
27192519,103.4015,79853981,3804031346463165
27195149,103.4115,79853981,3804241362433195
27197779,103.4215,79853981,3804451378403225
27200409,103.4315,79853981,3804661394373255
27203039,103.4415,79853981,3804871410343285
27205669,103.4515,79853981,3805081426313315
27208299,103.4615,79853981,3805291442283345
27210929,103.4715,79853981,3805501458253375
27213559,103.4815,79853981,3805711474223405
27216189,103.4915,79853981,3805921490193435
27218819,103.5015,79853981,3806131506163465
27221449,103.5115,79853981,3806341522133495
27224079,103.5215,79853981,3806551538103525
27226709,103.5315,79853981,3806761554073555
27229339,103.5415,79853981,3806971570043585
27231969,103.5515,79853981,3807181586013615
27234599,103.5615,79853981,3807391601983645
27237229,103.5715,79853981,3807601617953675
27239859,103.5815,79853981,3807811633923705
27242489,103.5915,79853981,3808021649893735
27245119,103.6015,79853981,3808231665863765
27247749,103.6115,79853981,3808441681833795
27250379,103.6215,79853981,3808651697803825
27253009,103.6315,79853981,3808861713773855
27255639,103.6415,79853981,3809071729743885
27258269,103.6515,79853981,3809281745713915
27260899,103.6615,79853981,3809491761683945
27263529,103.6715,79853981,3809701777653975
27266159,103.6815,79853981,3809911793624005
27268789,103.6915,79853981,3810121809594035
27271419,103.7015,79853981,3810331825564065
27274049,103.7115,79853981,3810541841534095
27276679,103.7215,79853981,3810751857504125
27279309,103.7315,79853981,3810961873474155
27281939,103.7415,79853981,3811171889444185
27284569,103.7515,79853981,3811381905414215
27287199,103.7615,79853981,3811591921384245
27289829,103.7715,79853981,3811801937354275
27292459,103.7815,79853981,3812011953324305
27295089,103.7915,79853981,3812221969294335
27297719,103.8015,79853981,3812431985264365
27300349,103.8115,79853981,3812642001234395
27302979,103.8215,79853981,3812852017204425
27305609,103.8315,79853981,3813062033174455
27308239,103.8415,79853981,3813272049144485
27310869,103.8515,79853981,3813482065114515
27313499,103.8615,79853981,3813692081084545
27316129,103.8715,79853981,3813902097054575
27318759,103.8815,79853981,3814112113024605
27321389,103.8915,79853981,3814322128994635
27324019,103.9015,79853981,3814532144964665
27326649,103.9115,79853981,3814742160934695
27329279,103.9215,79853981,3814952176904725
27331909,103.9315,79853981,3815162192874755
27334539,103.9415,79853981,3815372208844785
27337169,103.9515,79853981,3815582224814815
27339799,103.9615,79853981,3815792240784845
27342429,103.9715,79853981,3816002256754875
27345059,103.9815,79853981,3816212272724905
27347689,103.9915,79853981,3816422288694935
27350319,104.0015,79853981,3816632304664965
27352949,104.0115,79853981,3816842320634995
27355579,104.0215,79853981,3817052336605025
27358209,104.0315,79853981,3817262352575055
27360839,104.0415,79853981,3817472368545085
27363469,104.0515,79853981,3817682384515115
27366099,104.0615,79853981,3817892400485145
27368729,104.0715,79853981,3818102416455175
27371359,104.0815,79853981,3818312432425205
27373989,104.0915,79853981,3818522448395235
27376619,104.1015,79853981,3818732464365265
27379249,104.1115,79853981,3818942480335295
27381879,104.1215,79853981,3819152496305325
27384509,104.1315,79853981,3819362512275355
27387139,104.1415,79853981,3819572528245385
27389769,104.1515,79853981,3819782544215415
27392399,104.1615,79853981,3819992560185445
27395029,104.1715,79853981,3820202576155475
27397659,104.1815,79853981,3820412592125505
27400289,104.1915,79853981,3820622608095535
27402919,104.2015,79853981,3820832624065565
27405549,104.2115,79853981,3821042640035595
27408179,104.2215,79853981,3821252656005625
27410809,104.2315,79853981,3821462671975655
27413439,104.2415,79853981,3821672687945685
27416069,104.2515,79853981,3821882703915715
27418699,104.2615,79853981,3822092719885745
27421329,104.2715,79853981,3822302735855775
27423959,104.2815,79853981,3822512751825805
27426589,104.2915,79853981,3822722767795835
27429219,104.3015,79853981,3822932783765865
27431849,104.3115,79853981,3823142799735895
27434479,104.3215,79853981,3823352815705925
27437109,104.3315,79853981,3823562831675955
27439739,104.3415,79853981,3823772847645985
27442369,104.3515,79853981,3823982863616015
27444999,104.3615,79853981,3824192879586045
27447629,104.3715,79853981,3824402895556075
27450259,104.3815,79853981,3824612911526105
27452889,104.3915,79853981,3824822927496135
27455519,104.4015,79853981,3825032943466165
27458149,104.4115,79853981,3825242959436195
27460779,104.4215,79853981,3825452975406225
27463409,104.4315,79853981,3825662991376255
27466039,104.4416,79853981,3825873007346285
27468669,104.4516,79853981,3826083023316315
27471299,104.4616,79853981,3826293039286345
27473929,104.4716,79853981,3826503055256375
27476559,104.4816,79853981,3826713071226405
27479189,104.4916,79853981,3826923087196435
27481819,104.5016,79853981,3827133103166465
27484449,104.5116,79853981,3827343119136495
27487079,104.5216,79853981,3827553135106525
27489709,104.5316,79853981,3827763151076555
27492339,104.5416,79853981,3827973167046585
27494969,104.5516,79853981,3828183183016615
27497599,104.5616,79853981,3828393198986645
27500229,104.5716,79853981,3828603214956675
27502859,104.5816,79853981,3828813230926705
27505489,104.5916,79853981,3829023246896735
27508119,104.6016,79853981,3829233262866765
27510749,104.6116,79853981,3829443278836795
27513379,104.6216,79853981,3829653294806825
27516009,104.6316,79853981,3829863310776855
27518639,104.6416,79853981,3830073326746885
27521269,104.6516,79853981,3830283342716915
27523899,104.6616,79853981,3830493358686945
27526529,104.6716,79853981,3830703374656975
27529159,104.6816,79853981,3830913390627005
27531789,104.6916,79853981,3831123406597035
27534419,104.7016,79853981,3831333422567065
27537049,104.7116,79853981,3831543438537095
27539679,104.7216,79853981,3831753454507125
27542309,104.7316,79853981,3831963470477155
27544939,104.7416,79853981,3832173486447185
27547569,104.7516,79853981,3832383502417215
27550199,104.7616,79853981,3832593518387245
27552829,104.7716,79853981,3832803534357275
27555459,104.7816,79853981,3833013550327305
27558089,104.7916,79853981,3833223566297335
27560719,104.8016,79853981,3833433582267365
27563349,104.8116,79853981,3833643598237395
27565979,104.8216,79853981,3833853614207425
27568609,104.8316,79853981,3834063630177455
27571239,104.8416,79853981,3834273646147485
27573869,104.8516,79853981,3834483662117515
27576499,104.8616,79853981,3834693678087545
27579129,104.8716,79853981,3834903694057575
27581759,104.8816,79853981,3835113710027605
27584389,104.8916,79853981,3835323725997635
27587019,104.9016,79853981,3835533741967665
27589649,104.9116,79853981,3835743757937695
27592279,104.9216,79853981,3835953773907725
27594909,104.9316,79853981,3836163789877755
27597539,104.9416,79853981,3836373805847785
27600169,104.9516,79853981,3836583821817815
27602799,104.9616,79853981,3836793837787845
27605429,104.9716,79853981,3837003853757875
27608059,104.9816,79853981,3837213869727905
27610689,104.9916,79853981,3837423885697935
27613319,105.0016,79853981,3837633901667965
27615949,105.0116,79853981,3837843917637995
27618579,105.0216,79853981,3838053933608025
27621209,105.0316,79853981,3838263949578055
27623839,105.0416,79853981,3838473965548085
27626469,105.0516,79853981,3838683981518115
27629099,105.0616,79853981,3838893997488145
27631729,105.0716,79853981,3839104013458175
27634359,105.0816,79853981,3839314029428205
27636989,105.0916,79853981,3839524045398235
27639619,105.1016,79853981,3839734061368265
27642249,105.1116,79853981,3839944077338295
27644879,105.1216,79853981,3840154093308325
27647509,105.1316,79853981,3840364109278355
27650139,105.1416,79853981,3840574125248385
27652769,105.1516,79853981,3840784141218415
27655399,105.1616,79853981,3840994157188445
27658029,105.1716,79853981,3841204173158475
27660659,105.1816,79853981,3841414189128505
27663289,105.1916,79853981,3841624205098535
27665919,105.2016,79853981,3841834221068565
27668549,105.2116,79853981,3842044237038595
27671179,105.2216,79853981,3842254253008625
27673809,105.2316,79853981,3842464268978655
27676439,105.2416,79853981,3842674284948685
27679069,105.2516,79853981,3842884300918715
27681699,105.2616,79853981,3843094316888745
27684329,105.2716,79853981,3843304332858775
27686959,105.2816,79853981,3843514348828805
27689589,105.2916,79853981,3843724364798835
27692219,105.3016,79853981,3843934380768865
27694849,105.3116,79853981,3844144396738895
27697479,105.3216,79853981,3844354412708925
27700109,105.3316,79853981,3844564428678955
27702739,105.3416,79853981,3844774444648985
27705369,105.3516,79853981,3844984460619015
27707999,105.3616,79853981,3845194476589045
27710629,105.3716,79853981,3845404492559075
27713259,105.3816,79853981,3845614508529105
27715889,105.3916,79853981,3845824524499135
27718519,105.4016,79853981,3846034540469165
27721149,105.4116,79853981,3846244556439195
27723779,105.4216,79853981,3846454572409225
27726409,105.4316,79853981,3846664588379255
27729039,105.4416,79853981,3846874604349285
27731669,105.4516,79853981,3847084620319315
27734299,105.4616,79853981,3847294636289345
27736929,105.4716,79853981,3847504652259375
27739559,105.4816,79853981,3847714668229405
27742189,105.4916,79853981,3847924684199435
27744819,105.5016,79853981,3848134700169465
27747449,105.5116,79853981,3848344716139495
27750079,105.5216,79853981,3848554732109525
27752709,105.5316,79853981,3848764748079555
27755339,105.5416,79853981,3848974764049585
27757969,105.5516,79853981,3849184780019615
27760599,105.5616,79853981,3849394795989645
27763229,105.5716,79853981,3849604811959675
27765859,105.5816,79853981,3849814827929705
27768489,105.5916,79853981,3850024843899735
27771119,105.6016,79853981,3850234859869765
27773749,105.6116,79853981,3850444875839795
27776379,105.6216,79853981,3850654891809825
27779009,105.6316,79853981,3850864907779855
27781639,105.6416,79853981,3851074923749885
27784269,105.6516,79853981,3851284939719915
27786899,105.6616,79853981,3851494955689945
27789529,105.6716,79853981,3851704971659975
27792159,105.6816,79853981,3851914987630005
27794789,105.6916,79853981,3852125003600035
27797419,105.7016,79853981,3852335019570065
27800049,105.7116,79853981,3852545035540095
27802679,105.7216,79853981,3852755051510125
27805309,105.7316,79853981,3852965067480155
27807939,105.7416,79853981,3853175083450185
27810569,105.7517,79853981,3853385099420215
27813199,105.7617,79853981,3853595115390245
27815829,105.7717,79853981,3853805131360275
27818459,105.7817,79853981,3854015147330305
27821089,105.7917,79853981,3854225163300335
27823719,105.8017,79853981,3854435179270365
27826349,105.8117,79853981,3854645195240395
27828979,105.8217,79853981,3854855211210425
27831609,105.8317,79853981,3855065227180455
27834239,105.8417,79853981,3855275243150485
27836869,105.8517,79853981,3855485259120515
27839499,105.8617,79853981,3855695275090545
27842129,105.8717,79853981,3855905291060575
27844759,105.8817,79853981,3856115307030605
27847389,105.8917,79853981,3856325323000635
27850019,105.9017,79853981,3856535338970665
27852649,105.9117,79853981,3856745354940695
27855279,105.9217,79853981,3856955370910725
27857909,105.9317,79853981,3857165386880755
27860539,105.9417,79853981,3857375402850785
27863169,105.9517,79853981,3857585418820815
27865799,105.9617,79853981,3857795434790845
27868429,105.9717,79853981,3858005450760875
27871059,105.9817,79853981,3858215466730905
27873689,105.9917,79853981,3858425482700935
27876319,106.0017,79853981,3858635498670965
27878949,106.0117,79853981,3858845514640995
27881579,106.0217,79853981,3859055530611025
27884209,106.0317,79853981,3859265546581055
27886839,106.0417,79853981,3859475562551085
27889469,106.0517,79853981,3859685578521115
27892099,106.0617,79853981,3859895594491145
27894729,106.0717,79853981,3860105610461175
27897359,106.0817,79853981,3860315626431205
27899989,106.0917,79853981,3860525642401235
27902619,106.1017,79853981,3860735658371265
27905249,106.1117,79853981,3860945674341295
27907879,106.1217,79853981,3861155690311325
27910509,106.1317,79853981,3861365706281355
27913139,106.1417,79853981,3861575722251385
27915769,106.1517,79853981,3861785738221415
27918399,106.1617,79853981,3861995754191445
27921029,106.1717,79853981,3862205770161475
27923659,106.1817,79853981,3862415786131505
27926289,106.1917,79853981,3862625802101535
27928919,106.2017,79853981,3862835818071565
27931549,106.2117,79853981,3863045834041595
27934179,106.2217,79853981,3863255850011625
27936809,106.2317,79853981,3863465865981655
27939439,106.2417,79853981,3863675881951685
27942069,106.2517,79853981,3863885897921715
27944699,106.2617,79853981,3864095913891745
27947329,106.2717,79853981,3864305929861775
27949959,106.2817,79853981,3864515945831805
27952589,106.2917,79853981,3864725961801835
27955219,106.3017,79853981,3864935977771865
27957849,106.3117,79853981,3865145993741895
27960479,106.3217,79853981,3865356009711925
27963109,106.3317,79853981,3865566025681955
27965739,106.3417,79853981,3865776041651985
27968369,106.3517,79853981,3865986057622015
27970999,106.3617,79853981,3866196073592045
27973629,106.3717,79853981,3866406089562075
27976259,106.3817,79853981,3866616105532105
27978889,106.3917,79853981,3866826121502135
27981519,106.4017,79853981,3867036137472165
27984149,106.4117,79853981,3867246153442195
27986779,106.4217,79853981,3867456169412225
27989409,106.4317,79853981,3867666185382255
27992039,106.4417,79853981,3867876201352285
27994669,106.4517,79853981,3868086217322315
27997299,106.4617,79853981,3868296233292345
27999929,106.4717,79853981,3868506249262375
28002559,106.4817,79853981,3868716265232405
28005189,106.4917,79853981,3868926281202435
28007819,106.5017,79853981,3869136297172465
28010449,106.5117,79853981,3869346313142495
28013079,106.5217,79853981,3869556329112525
28015709,106.5317,79853981,3869766345082555
28018339,106.5417,79853981,3869976361052585
28020969,106.5517,79853981,3870186377022615
28023599,106.5617,79853981,3870396392992645
28026229,106.5717,79853981,3870606408962675
28028859,106.5817,79853981,3870816424932705
28031489,106.5917,79853981,3871026440902735
28034119,106.6017,79853981,3871236456872765
28036749,106.6117,79853981,3871446472842795
28039379,106.6217,79853981,3871656488812825
28042009,106.6317,79853981,3871866504782855
28044639,106.6417,79853981,3872076520752885
28047269,106.6517,79853981,3872286536722915
28049899,106.6617,79853981,3872496552692945
28052529,106.6717,79853981,3872706568662975
28055159,106.6817,79853981,3872916584633005
28057789,106.6917,79853981,3873126600603035
28060419,106.7017,79853981,3873336616573065
28063049,106.7117,79853981,3873546632543095
28065679,106.7217,79853981,3873756648513125
28068309,106.7317,79853981,3873966664483155
28070939,106.7417,79853981,3874176680453185
28073569,106.7517,79853981,3874386696423215
28076199,106.7617,79853981,3874596712393245
28078829,106.7717,79853981,3874806728363275
28081459,106.7817,79853981,3875016744333305
28084089,106.7917,79853981,3875226760303335
28086719,106.8017,79853981,3875436776273365
28089349,106.8117,79853981,3875646792243395
28091979,106.8217,79853981,3875856808213425
28094609,106.8317,79853981,3876066824183455
28097239,106.8417,79853981,3876276840153485
28099869,106.8517,79853981,3876486856123515
28102499,106.8617,79853981,3876696872093545
28105129,106.8717,79853981,3876906888063575
28107759,106.8817,79853981,3877116904033605
28110389,106.8917,79853981,3877326920003635
28113019,106.9017,79853981,3877536935973665
28115649,106.9117,79853981,3877746951943695
28118279,106.9217,79853981,3877956967913725
28120909,106.9317,79853981,3878166983883755
28123539,106.9417,79853981,3878376999853785
28126169,106.9517,79853981,3878587015823815
28128799,106.9617,79853981,3878797031793845
28131429,106.9717,79853981,3879007047763875
28134059,106.9817,79853981,3879217063733905
28136689,106.9917,79853981,3879427079703935
28139319,107.0017,79853981,3879637095673965
28141949,107.0117,79853981,3879847111643995
28144579,107.0217,79853981,3880057127614025
28147209,107.0317,79853981,3880267143584055
28149839,107.0417,79853981,3880477159554085
28152469,107.0517,79853981,3880687175524115
28155099,107.0617,79853981,3880897191494145
28157729,107.0718,79853981,3881107207464175
28160359,107.0818,79853981,3881317223434205
28162989,107.0918,79853981,3881527239404235
28165619,107.1018,79853981,3881737255374265
28168249,107.1118,79853981,3881947271344295
28170879,107.1218,79853981,3882157287314325
28173509,107.1318,79853981,3882367303284355
28176139,107.1418,79853981,3882577319254385
28178769,107.1518,79853981,3882787335224415
28181399,107.1618,79853981,3882997351194445
28184029,107.1718,79853981,3883207367164475
28186659,107.1818,79853981,3883417383134505
28189289,107.1918,79853981,3883627399104535
28191919,107.2018,79853981,3883837415074565
28194549,107.2118,79853981,3884047431044595
28197179,107.2218,79853981,3884257447014625
28199809,107.2318,79853981,3884467462984655
28202439,107.2418,79853981,3884677478954685
28205069,107.2518,79853981,3884887494924715
28207699,107.2618,79853981,3885097510894745
28210329,107.2718,79853981,3885307526864775
28212959,107.2818,79853981,3885517542834805
28215589,107.2918,79853981,3885727558804835
28218219,107.3018,79853981,3885937574774865
28220849,107.3118,79853981,3886147590744895
28223479,107.3218,79853981,3886357606714925
28226109,107.3318,79853981,3886567622684955
28228739,107.3418,79853981,3886777638654985
28231369,107.3518,79853981,3886987654625015
28233999,107.3618,79853981,3887197670595045
28236629,107.3718,79853981,3887407686565075
28239259,107.3818,79853981,3887617702535105
28241889,107.3918,79853981,3887827718505135
28244519,107.4018,79853981,3888037734475165
28247149,107.4118,79853981,3888247750445195
28249779,107.4218,79853981,3888457766415225
28252409,107.4318,79853981,3888667782385255
28255039,107.4418,79853981,3888877798355285
28257669,107.4518,79853981,3889087814325315
28260299,107.4618,79853981,3889297830295345
28262929,107.4718,79853981,3889507846265375
28265559,107.4818,79853981,3889717862235405
28268189,107.4918,79853981,3889927878205435
28270819,107.5018,79853981,3890137894175465
28273449,107.5118,79853981,3890347910145495
28276079,107.5218,79853981,3890557926115525
28278709,107.5318,79853981,3890767942085555
28281339,107.5418,79853981,3890977958055585
28283969,107.5518,79853981,3891187974025615
28286599,107.5618,79853981,3891397989995645
28289229,107.5718,79853981,3891608005965675
28291859,107.5818,79853981,3891818021935705
28294489,107.5918,79853981,3892028037905735
28297119,107.6018,79853981,3892238053875765
28299749,107.6118,79853981,3892448069845795
28302379,107.6218,79853981,3892658085815825
28305009,107.6318,79853981,3892868101785855
28307639,107.6418,79853981,3893078117755885
28310269,107.6518,79853981,3893288133725915
28312899,107.6618,79853981,3893498149695945
28315529,107.6718,79853981,3893708165665975
28318159,107.6818,79853981,3893918181636005
28320789,107.6918,79853981,3894128197606035
28323419,107.7018,79853981,3894338213576065
28326049,107.7118,79853981,3894548229546095
28328679,107.7218,79853981,3894758245516125
28331309,107.7318,79853981,3894968261486155
28333939,107.7418,79853981,3895178277456185
28336569,107.7518,79853981,3895388293426215
28339199,107.7618,79853981,3895598309396245
28341829,107.7718,79853981,3895808325366275
28344459,107.7818,79853981,3896018341336305
28347089,107.7918,79853981,3896228357306335
28349719,107.8018,79853981,3896438373276365
28352349,107.8118,79853981,3896648389246395
28354979,107.8218,79853981,3896858405216425
28357609,107.8318,79853981,3897068421186455
28360239,107.8418,79853981,3897278437156485
28362869,107.8518,79853981,3897488453126515
28365499,107.8618,79853981,3897698469096545
28368129,107.8718,79853981,3897908485066575
28370759,107.8818,79853981,3898118501036605
28373389,107.8918,79853981,3898328517006635
28376019,107.9018,79853981,3898538532976665
28378649,107.9118,79853981,3898748548946695
28381279,107.9218,79853981,3898958564916725
28383909,107.9318,79853981,3899168580886755
28386539,107.9418,79853981,3899378596856785
28389169,107.9518,79853981,3899588612826815
28391799,107.9618,79853981,3899798628796845
28394429,107.9718,79853981,3900008644766875
28397059,107.9818,79853981,3900218660736905
28399689,107.9918,79853981,3900428676706935
28402319,108.0018,79853981,3900638692676965
28404949,108.0118,79853981,3900848708646995
28407579,108.0218,79853981,3901058724617025
28410209,108.0318,79853981,3901268740587055
28412839,108.0418,79853981,3901478756557085
28415469,108.0518,79853981,3901688772527115
28418099,108.0618,79853981,3901898788497145
28420729,108.0718,79853981,3902108804467175
28423359,108.0818,79853981,3902318820437205
28425989,108.0918,79853981,3902528836407235
28428619,108.1018,79853981,3902738852377265
28431249,108.1118,79853981,3902948868347295
28433879,108.1218,79853981,3903158884317325
28436509,108.1318,79853981,3903368900287355
28439139,108.1418,79853981,3903578916257385
28441769,108.1518,79853981,3903788932227415
28444399,108.1618,79853981,3903998948197445
28447029,108.1718,79853981,3904208964167475
28449659,108.1818,79853981,3904418980137505
28452289,108.1918,79853981,3904628996107535
28454919,108.2018,79853981,3904839012077565
28457549,108.2118,79853981,3905049028047595
28460179,108.2218,79853981,3905259044017625
28462809,108.2318,79853981,3905469059987655
28465439,108.2418,79853981,3905679075957685
28468069,108.2518,79853981,3905889091927715
28470699,108.2618,79853981,3906099107897745
28473329,108.2718,79853981,3906309123867775
28475959,108.2818,79853981,3906519139837805
28478589,108.2918,79853981,3906729155807835
28481219,108.3018,79853981,3906939171777865
28483849,108.3118,79853981,3907149187747895
28486479,108.3218,79853981,3907359203717925
28489109,108.3318,79853981,3907569219687955
28491739,108.3418,79853981,3907779235657985
28494369,108.3518,79853981,3907989251628015
28496999,108.3618,79853981,3908199267598045
28499629,108.3718,79853981,3908409283568075
28502259,108.3819,79853981,3908619299538105
28504889,108.3919,79853981,3908829315508135
28507519,108.4019,79853981,3909039331478165
28510149,108.4119,79853981,3909249347448195
28512779,108.4219,79853981,3909459363418225
28515409,108.4319,79853981,3909669379388255
28518039,108.4419,79853981,3909879395358285
28520669,108.4519,79853981,3910089411328315
28523299,108.4619,79853981,3910299427298345
28525929,108.4719,79853981,3910509443268375
28528559,108.4819,79853981,3910719459238405
28531189,108.4919,79853981,3910929475208435
28533819,108.5019,79853981,3911139491178465
28536449,108.5119,79853981,3911349507148495
28539079,108.5219,79853981,3911559523118525
28541709,108.5319,79853981,3911769539088555
28544339,108.5419,79853981,3911979555058585
28546969,108.5519,79853981,3912189571028615
28549599,108.5619,79853981,3912399586998645
28552229,108.5719,79853981,3912609602968675
28554859,108.5819,79853981,3912819618938705
28557489,108.5919,79853981,3913029634908735
28560119,108.6019,79853981,3913239650878765
28562749,108.6119,79853981,3913449666848795
28565379,108.6219,79853981,3913659682818825
28568009,108.6319,79853981,3913869698788855
28570639,108.6419,79853981,3914079714758885
28573269,108.6519,79853981,3914289730728915
28575899,108.6619,79853981,3914499746698945
28578529,108.6719,79853981,3914709762668975
28581159,108.6819,79853981,3914919778639005
28583789,108.6919,79853981,3915129794609035
28586419,108.7019,79853981,3915339810579065
28589049,108.7119,79853981,3915549826549095
28591679,108.7219,79853981,3915759842519125
28594309,108.7319,79853981,3915969858489155
28596939,108.7419,79853981,3916179874459185
28599569,108.7519,79853981,3916389890429215
28602199,108.7619,79853981,3916599906399245
28604829,108.7719,79853981,3916809922369275
28607459,108.7819,79853981,3917019938339305
28610089,108.7919,79853981,3917229954309335
28612719,108.8019,79853981,3917439970279365
28615349,108.8119,79853981,3917649986249395
28617979,108.8219,79853981,3917860002219425
28620609,108.8319,79853981,3918070018189455
28623239,108.8419,79853981,3918280034159485
28625869,108.8519,79853981,3918490050129515
28628499,108.8619,79853981,3918700066099545
28631129,108.8719,79853981,3918910082069575
28633759,108.8819,79853981,3919120098039605
28636389,108.8919,79853981,3919330114009635
28639019,108.9019,79853981,3919540129979665
28641649,108.9119,79853981,3919750145949695
28644279,108.9219,79853981,3919960161919725
28646909,108.9319,79853981,3920170177889755
28649539,108.9419,79853981,3920380193859785
28652169,108.9519,79853981,3920590209829815
28654799,108.9619,79853981,3920800225799845
28657429,108.9719,79853981,3921010241769875
28660059,108.9819,79853981,3921220257739905
28662689,108.9919,79853981,3921430273709935
28665319,109.0019,79853981,3921640289679965
28667949,109.0119,79853981,3921850305649995
28670579,109.0219,79853981,3922060321620025
28673209,109.0319,79853981,3922270337590055
28675839,109.0419,79853981,3922480353560085
28678469,109.0519,79853981,3922690369530115
28681099,109.0619,79853981,3922900385500145
28683729,109.0719,79853981,3923110401470175
28686359,109.0819,79853981,3923320417440205
28688989,109.0919,79853981,3923530433410235
28691619,109.1019,79853981,3923740449380265
28694249,109.1119,79853981,3923950465350295
28696879,109.1219,79853981,3924160481320325
28699509,109.1319,79853981,3924370497290355
28702139,109.1419,79853981,3924580513260385
28704769,109.1519,79853981,3924790529230415
28707399,109.1619,79853981,3925000545200445
28710029,109.1719,79853981,3925210561170475
28712659,109.1819,79853981,3925420577140505
28715289,109.1919,79853981,3925630593110535
28717919,109.2019,79853981,3925840609080565
28720549,109.2119,79853981,3926050625050595
28723179,109.2219,79853981,3926260641020625
28725809,109.2319,79853981,3926470656990655
28728439,109.2419,79853981,3926680672960685
28731069,109.2519,79853981,3926890688930715
28733699,109.2619,79853981,3927100704900745
28736329,109.2719,79853981,3927310720870775
28738959,109.2819,79853981,3927520736840805
28741589,109.2919,79853981,3927730752810835
28744219,109.3019,79853981,3927940768780865
28746849,109.3119,79853981,3928150784750895
28749479,109.3219,79853981,3928360800720925
28752109,109.3319,79853981,3928570816690955
28754739,109.3419,79853981,3928780832660985
28757369,109.3519,79853981,3928990848631015
28759999,109.3619,79853981,3929200864601045
28762629,109.3719,79853981,3929410880571075
28765259,109.3819,79853981,3929620896541105
28767889,109.3919,79853981,3929830912511135
28770519,109.4019,79853981,3930040928481165
28773149,109.4119,79853981,3930250944451195
28775779,109.4219,79853981,3930460960421225
28778409,109.4319,79853981,3930670976391255
28781039,109.4419,79853981,3930880992361285
28783669,109.4519,79853981,3931091008331315
28786299,109.4619,79853981,3931301024301345
28788929,109.4719,79853981,3931511040271375
28791559,109.4819,79853981,3931721056241405
28794189,109.4919,79853981,3931931072211435
28796819,109.5019,79853981,3932141088181465
28799449,109.5119,79853981,3932351104151495
28802079,109.5219,79853981,3932561120121525
28804709,109.5319,79853981,3932771136091555
28807339,109.5419,79853981,3932981152061585
28809969,109.5519,79853981,3933191168031615
28812599,109.5619,79853981,3933401184001645
28815229,109.5719,79853981,3933611199971675
28817859,109.5819,79853981,3933821215941705
28820489,109.5919,79853981,3934031231911735
28823119,109.6019,79853981,3934241247881765
28825749,109.6119,79853981,3934451263851795
28828379,109.6219,79853981,3934661279821825
28831009,109.6319,79853981,3934871295791855
28833639,109.6419,79853981,3935081311761885
28836269,109.6519,79853981,3935291327731915
28838899,109.6619,79853981,3935501343701945
28841529,109.6719,79853981,3935711359671975
28844159,109.6819,79853981,3935921375642005
28846789,109.6919,79853981,3936131391612035
28849419,109.7020,79853981,3936341407582065
28852049,109.7120,79853981,3936551423552095
28854679,109.7220,79853981,3936761439522125
28857309,109.7320,79853981,3936971455492155
28859939,109.7420,79853981,3937181471462185
28862569,109.7520,79853981,3937391487432215
28865199,109.7620,79853981,3937601503402245
28867829,109.7720,79853981,3937811519372275
28870459,109.7820,79853981,3938021535342305
28873089,109.7920,79853981,3938231551312335
28875719,109.8020,79853981,3938441567282365
28878349,109.8120,79853981,3938651583252395
28880979,109.8220,79853981,3938861599222425
28883609,109.8320,79853981,3939071615192455
28886239,109.8420,79853981,3939281631162485
28888869,109.8520,79853981,3939491647132515
28891499,109.8620,79853981,3939701663102545
28894129,109.8720,79853981,3939911679072575
28896759,109.8820,79853981,3940121695042605
28899389,109.8920,79853981,3940331711012635
28902019,109.9020,79853981,3940541726982665
28904649,109.9120,79853981,3940751742952695
28907279,109.9220,79853981,3940961758922725
28909909,109.9320,79853981,3941171774892755
28912539,109.9420,79853981,3941381790862785
28915169,109.9520,79853981,3941591806832815
28917799,109.9620,79853981,3941801822802845
28920429,109.9720,79853981,3942011838772875
28923059,109.9820,79853981,3942221854742905
28925689,109.9920,79853981,3942431870712935
28928319,110.0020,79853981,3942641886682965
28930949,110.0120,79853981,3942851902652995
28933579,110.0220,79853981,3943061918623025
28936209,110.0320,79853981,3943271934593055
28938839,110.0420,79853981,3943481950563085
28941469,110.0520,79853981,3943691966533115
28944099,110.0620,79853981,3943901982503145
28946729,110.0720,79853981,3944111998473175
28949359,110.0820,79853981,3944322014443205
28951989,110.0920,79853981,3944532030413235
28954619,110.1020,79853981,3944742046383265
28957249,110.1120,79853981,3944952062353295
28959879,110.1220,79853981,3945162078323325
28962509,110.1320,79853981,3945372094293355
28965139,110.1420,79853981,3945582110263385
28967769,110.1520,79853981,3945792126233415
28970399,110.1620,79853981,3946002142203445
28973029,110.1720,79853981,3946212158173475
28975659,110.1820,79853981,3946422174143505
28978289,110.1920,79853981,3946632190113535
28980919,110.2020,79853981,3946842206083565
28983549,110.2120,79853981,3947052222053595
28986179,110.2220,79853981,3947262238023625
28988809,110.2320,79853981,3947472253993655
28991439,110.2420,79853981,3947682269963685
28994069,110.2520,79853981,3947892285933715
28996699,110.2620,79853981,3948102301903745
28999329,110.2720,79853981,3948312317873775
29001959,110.2820,79853981,3948522333843805
29004589,110.2920,79853981,3948732349813835
29007219,110.3020,79853981,3948942365783865
29009849,110.3120,79853981,3949152381753895
29012479,110.3220,79853981,3949362397723925
29015109,110.3320,79853981,3949572413693955
29017739,110.3420,79853981,3949782429663985
29020369,110.3520,79853981,3949992445634015
29022999,110.3620,79853981,3950202461604045
29025629,110.3720,79853981,3950412477574075
29028259,110.3820,79853981,3950622493544105
29030889,110.3920,79853981,3950832509514135
29033519,110.4020,79853981,3951042525484165
29036149,110.4120,79853981,3951252541454195
29038779,110.4220,79853981,3951462557424225
29041409,110.4320,79853981,3951672573394255
29044039,110.4420,79853981,3951882589364285
29046669,110.4520,79853981,3952092605334315
29049299,110.4620,79853981,3952302621304345
29051929,110.4720,79853981,3952512637274375
29054559,110.4820,79853981,3952722653244405
29057189,110.4920,79853981,3952932669214435
29059819,110.5020,79853981,3953142685184465
29062449,110.5120,79853981,3953352701154495
29065079,110.5220,79853981,3953562717124525
29067709,110.5320,79853981,3953772733094555
29070339,110.5420,79853981,3953982749064585
29072969,110.5520,79853981,3954192765034615
29075599,110.5620,79853981,3954402781004645
29078229,110.5720,79853981,3954612796974675
29080859,110.5820,79853981,3954822812944705
29083489,110.5920,79853981,3955032828914735
29086119,110.6020,79853981,3955242844884765
29088749,110.6120,79853981,3955452860854795
29091379,110.6220,79853981,3955662876824825
29094009,110.6320,79853981,3955872892794855
29096639,110.6420,79853981,3956082908764885
29099269,110.6520,79853981,3956292924734915
29101899,110.6620,79853981,3956502940704945
29104529,110.6720,79853981,3956712956674975
29107159,110.6820,79853981,3956922972645005
29109789,110.6920,79853981,3957132988615035
29112419,110.7020,79853981,3957343004585065
29115049,110.7120,79853981,3957553020555095
29117679,110.7220,79853981,3957763036525125
29120309,110.7320,79853981,3957973052495155
29122939,110.7420,79853981,3958183068465185
29125569,110.7520,79853981,3958393084435215
29128199,110.7620,79853981,3958603100405245
29130829,110.7720,79853981,3958813116375275
29133459,110.7820,79853981,3959023132345305
29136089,110.7920,79853981,3959233148315335
29138719,110.8020,79853981,3959443164285365
29141349,110.8120,79853981,3959653180255395
29143979,110.8220,79853981,3959863196225425
29146609,110.8320,79853981,3960073212195455
29149239,110.8420,79853981,3960283228165485
29151869,110.8520,79853981,3960493244135515
29154499,110.8620,79853981,3960703260105545
29157129,110.8720,79853981,3960913276075575
29159759,110.8820,79853981,3961123292045605
29162389,110.8920,79853981,3961333308015635
29165019,110.9020,79853981,3961543323985665
29167649,110.9120,79853981,3961753339955695
29170279,110.9220,79853981,3961963355925725
29172909,110.9320,79853981,3962173371895755
29175539,110.9420,79853981,3962383387865785
29178169,110.9520,79853981,3962593403835815
29180799,110.9620,79853981,3962803419805845
29183429,110.9720,79853981,3963013435775875
29186059,110.9820,79853981,3963223451745905
29188689,110.9920,79853981,3963433467715935
29191319,111.0020,79853981,3963643483685965
29193949,111.0121,79853981,3963853499655995
29196579,111.0221,79853981,3964063515626025
29199209,111.0321,79853981,3964273531596055
29201839,111.0421,79853981,3964483547566085
29204469,111.0521,79853981,3964693563536115
29207099,111.0621,79853981,3964903579506145
29209729,111.0721,79853981,3965113595476175
29212359,111.0821,79853981,3965323611446205
29214989,111.0921,79853981,3965533627416235
29217619,111.1021,79853981,3965743643386265
29220249,111.1121,79853981,3965953659356295
29222879,111.1221,79853981,3966163675326325
29225509,111.1321,79853981,3966373691296355
29228139,111.1421,79853981,3966583707266385
29230769,111.1521,79853981,3966793723236415
29233399,111.1621,79853981,3967003739206445
29236029,111.1721,79853981,3967213755176475
29238659,111.1821,79853981,3967423771146505
29241289,111.1921,79853981,3967633787116535
29243919,111.2021,79853981,3967843803086565
29246549,111.2121,79853981,3968053819056595
29249179,111.2221,79853981,3968263835026625
29251809,111.2321,79853981,3968473850996655
29254439,111.2421,79853981,3968683866966685
29257069,111.2521,79853981,3968893882936715
29259699,111.2621,79853981,3969103898906745
29262329,111.2721,79853981,3969313914876775
29264959,111.2821,79853981,3969523930846805
29267589,111.2921,79853981,3969733946816835
29270219,111.3021,79853981,3969943962786865
29272849,111.3121,79853981,3970153978756895
29275479,111.3221,79853981,3970363994726925
29278109,111.3321,79853981,3970574010696955
29280739,111.3421,79853981,3970784026666985
29283369,111.3521,79853981,3970994042637015
29285999,111.3621,79853981,3971204058607045
29288629,111.3721,79853981,3971414074577075
29291259,111.3821,79853981,3971624090547105
29293889,111.3921,79853981,3971834106517135
29296519,111.4021,79853981,3972044122487165
29299149,111.4121,79853981,3972254138457195
29301779,111.4221,79853981,3972464154427225
29304409,111.4321,79853981,3972674170397255
29307039,111.4421,79853981,3972884186367285
29309669,111.4521,79853981,3973094202337315
29312299,111.4621,79853981,3973304218307345
29314929,111.4721,79853981,3973514234277375
29317559,111.4821,79853981,3973724250247405
29320189,111.4921,79853981,3973934266217435
29322819,111.5021,79853981,3974144282187465
29325449,111.5121,79853981,3974354298157495
29328079,111.5221,79853981,3974564314127525
29330709,111.5321,79853981,3974774330097555
29333339,111.5421,79853981,3974984346067585
29335969,111.5521,79853981,3975194362037615
29338599,111.5621,79853981,3975404378007645
29341229,111.5721,79853981,3975614393977675
29343859,111.5821,79853981,3975824409947705
29346489,111.5921,79853981,3976034425917735
29349119,111.6021,79853981,3976244441887765
29351749,111.6121,79853981,3976454457857795
29354379,111.6221,79853981,3976664473827825
29357009,111.6321,79853981,3976874489797855
29359639,111.6421,79853981,3977084505767885
29362269,111.6521,79853981,3977294521737915
29364899,111.6621,79853981,3977504537707945
29367529,111.6721,79853981,3977714553677975
29370159,111.6821,79853981,3977924569648005
29372789,111.6921,79853981,3978134585618035
29375419,111.7021,79853981,3978344601588065
29378049,111.7121,79853981,3978554617558095
29380679,111.7221,79853981,3978764633528125
29383309,111.7321,79853981,3978974649498155
29385939,111.7421,79853981,3979184665468185
29388569,111.7521,79853981,3979394681438215
29391199,111.7621,79853981,3979604697408245
29393829,111.7721,79853981,3979814713378275
29396459,111.7821,79853981,3980024729348305
29399089,111.7921,79853981,3980234745318335
29401719,111.8021,79853981,3980444761288365
29404349,111.8121,79853981,3980654777258395
29406979,111.8221,79853981,3980864793228425
29409609,111.8321,79853981,3981074809198455
29412239,111.8421,79853981,3981284825168485
29414869,111.8521,79853981,3981494841138515
29417499,111.8621,79853981,3981704857108545
29420129,111.8721,79853981,3981914873078575
29422759,111.8821,79853981,3982124889048605
29425389,111.8921,79853981,3982334905018635
29428019,111.9021,79853981,3982544920988665
29430649,111.9121,79853981,3982754936958695
29433279,111.9221,79853981,3982964952928725
29435909,111.9321,79853981,3983174968898755
29438539,111.9421,79853981,3983384984868785
29441169,111.9521,79853981,3983595000838815
29443799,111.9621,79853981,3983805016808845
29446429,111.9721,79853981,3984015032778875
29449059,111.9821,79853981,3984225048748905
29451689,111.9921,79853981,3984435064718935
29454319,112.0021,79853981,3984645080688965
29456949,112.0121,79853981,3984855096658995
29459579,112.0221,79853981,3985065112629025
29462209,112.0321,79853981,3985275128599055
29464839,112.0421,79853981,3985485144569085
29467469,112.0521,79853981,3985695160539115
29470099,112.0621,79853981,3985905176509145
29472729,112.0721,79853981,3986115192479175
29475359,112.0821,79853981,3986325208449205
29477989,112.0921,79853981,3986535224419235
29480619,112.1021,79853981,3986745240389265
29483249,112.1121,79853981,3986955256359295
29485879,112.1221,79853981,3987165272329325
29488509,112.1321,79853981,3987375288299355
29491139,112.1421,79853981,3987585304269385
29493769,112.1521,79853981,3987795320239415
29496399,112.1621,79853981,3988005336209445
29499029,112.1721,79853981,3988215352179475
29501659,112.1821,79853981,3988425368149505
29504289,112.1921,79853981,3988635384119535
29506919,112.2021,79853981,3988845400089565
29509549,112.2121,79853981,3989055416059595
29512179,112.2221,79853981,3989265432029625
29514809,112.2321,79853981,3989475447999655
29517439,112.2421,79853981,3989685463969685
29520069,112.2521,79853981,3989895479939715
29522699,112.2621,79853981,3990105495909745
29525329,112.2721,79853981,3990315511879775
29527959,112.2821,79853981,3990525527849805
29530589,112.2921,79853981,3990735543819835
29533219,112.3021,79853981,3990945559789865
29535849,112.3121,79853981,3991155575759895
29538479,112.3221,79853981,3991365591729925
29541109,112.3322,79853981,3991575607699955
29543739,112.3422,79853981,3991785623669985
29546369,112.3522,79853981,3991995639640015
29548999,112.3622,79853981,3992205655610045
29551629,112.3722,79853981,3992415671580075
29554259,112.3822,79853981,3992625687550105
29556889,112.3922,79853981,3992835703520135
29559519,112.4022,79853981,3993045719490165
29562149,112.4122,79853981,3993255735460195
29564779,112.4222,79853981,3993465751430225
29567409,112.4322,79853981,3993675767400255
29570039,112.4422,79853981,3993885783370285
29572669,112.4522,79853981,3994095799340315
29575299,112.4622,79853981,3994305815310345
29577929,112.4722,79853981,3994515831280375
29580559,112.4822,79853981,3994725847250405
29583189,112.4922,79853981,3994935863220435
29585819,112.5022,79853981,3995145879190465
29588449,112.5122,79853981,3995355895160495
29591079,112.5222,79853981,3995565911130525
29593709,112.5322,79853981,3995775927100555
29596339,112.5422,79853981,3995985943070585
29598969,112.5522,79853981,3996195959040615
29601599,112.5622,79853981,3996405975010645
29604229,112.5722,79853981,3996615990980675
29606859,112.5822,79853981,3996826006950705
29609489,112.5922,79853981,3997036022920735
29612119,112.6022,79853981,3997246038890765
29614749,112.6122,79853981,3997456054860795
29617379,112.6222,79853981,3997666070830825
29620009,112.6322,79853981,3997876086800855
29622639,112.6422,79853981,3998086102770885
29625269,112.6522,79853981,3998296118740915
29627899,112.6622,79853981,3998506134710945
29630529,112.6722,79853981,3998716150680975
29633159,112.6822,79853981,3998926166651005
29635789,112.6922,79853981,3999136182621035
29638419,112.7022,79853981,3999346198591065
29641049,112.7122,79853981,3999556214561095
29643679,112.7222,79853981,3999766230531125
29646309,112.7322,79853981,3999976246501155
29648939,112.7422,79853981,4000186262471185
29651569,112.7522,79853981,4000396278441215
29654199,112.7622,79853981,4000606294411245
29656829,112.7722,79853981,4000816310381275
29659459,112.7822,79853981,4001026326351305
29662089,112.7922,79853981,4001236342321335
29664719,112.8022,79853981,4001446358291365
29667349,112.8122,79853981,4001656374261395
29669979,112.8222,79853981,4001866390231425
29672609,112.8322,79853981,4002076406201455
29675239,112.8422,79853981,4002286422171485
29677869,112.8522,79853981,4002496438141515
29680499,112.8622,79853981,4002706454111545
29683129,112.8722,79853981,4002916470081575
29685759,112.8822,79853981,4003126486051605
29688389,112.8922,79853981,4003336502021635
29691019,112.9022,79853981,4003546517991665
29693649,112.9122,79853981,4003756533961695
29696279,112.9222,79853981,4003966549931725
29698909,112.9322,79853981,4004176565901755
29701539,112.9422,79853981,4004386581871785
29704169,112.9522,79853981,4004596597841815
29706799,112.9622,79853981,4004806613811845
29709429,112.9722,79853981,4005016629781875
29712059,112.9822,79853981,4005226645751905
29714689,112.9922,79853981,4005436661721935
29717319,113.0022,79853981,4005646677691965
29719949,113.0122,79853981,4005856693661995
29722579,113.0222,79853981,4006066709632025
29725209,113.0322,79853981,4006276725602055
29727839,113.0422,79853981,4006486741572085
29730469,113.0522,79853981,4006696757542115
29733099,113.0622,79853981,4006906773512145
29735729,113.0722,79853981,4007116789482175
29738359,113.0822,79853981,4007326805452205
29740989,113.0922,79853981,4007536821422235
29743619,113.1022,79853981,4007746837392265
29746249,113.1122,79853981,4007956853362295
29748879,113.1222,79853981,4008166869332325
29751509,113.1322,79853981,4008376885302355
29754139,113.1422,79853981,4008586901272385
29756769,113.1522,79853981,4008796917242415
29759399,113.1622,79853981,4009006933212445
29762029,113.1722,79853981,4009216949182475
29764659,113.1822,79853981,4009426965152505
29767289,113.1922,79853981,4009636981122535
29769919,113.2022,79853981,4009846997092565
29772549,113.2122,79853981,4010057013062595
29775179,113.2222,79853981,4010267029032625
29777809,113.2322,79853981,4010477045002655
29780439,113.2422,79853981,4010687060972685
29783069,113.2522,79853981,4010897076942715
29785699,113.2622,79853981,4011107092912745
29788329,113.2722,79853981,4011317108882775
29790959,113.2822,79853981,4011527124852805
29793589,113.2922,79853981,4011737140822835
29796219,113.3022,79853981,4011947156792865
29798849,113.3122,79853981,4012157172762895
29801479,113.3222,79853981,4012367188732925
29804109,113.3322,79853981,4012577204702955
29806739,113.3422,79853981,4012787220672985
29809369,113.3522,79853981,4012997236643015
29811999,113.3622,79853981,4013207252613045
29814629,113.3722,79853981,4013417268583075
29817259,113.3822,79853981,4013627284553105
29819889,113.3922,79853981,4013837300523135
29822519,113.4022,79853981,4014047316493165
29825149,113.4122,79853981,4014257332463195
29827779,113.4222,79853981,4014467348433225
29830409,113.4322,79853981,4014677364403255
29833039,113.4422,79853981,4014887380373285
29835669,113.4522,79853981,4015097396343315
29838299,113.4622,79853981,4015307412313345
29840929,113.4722,79853981,4015517428283375
29843559,113.4822,79853981,4015727444253405
29846189,113.4922,79853981,4015937460223435
29848819,113.5022,79853981,4016147476193465
29851449,113.5122,79853981,4016357492163495
29854079,113.5222,79853981,4016567508133525
29856709,113.5322,79853981,4016777524103555
29859339,113.5422,79853981,4016987540073585
29861969,113.5522,79853981,4017197556043615
29864599,113.5622,79853981,4017407572013645
29867229,113.5722,79853981,4017617587983675
29869859,113.5822,79853981,4017827603953705
29872489,113.5922,79853981,4018037619923735
29875119,113.6022,79853981,4018247635893765
29877749,113.6122,79853981,4018457651863795
29880379,113.6222,79853981,4018667667833825
29883009,113.6322,79853981,4018877683803855
29885639,113.6423,79853981,4019087699773885
29888269,113.6523,79853981,4019297715743915
29890899,113.6623,79853981,4019507731713945
29893529,113.6723,79853981,4019717747683975
29896159,113.6823,79853981,4019927763654005
29898789,113.6923,79853981,4020137779624035
29901419,113.7023,79853981,4020347795594065
29904049,113.7123,79853981,4020557811564095
29906679,113.7223,79853981,4020767827534125
29909309,113.7323,79853981,4020977843504155
29911939,113.7423,79853981,4021187859474185
29914569,113.7523,79853981,4021397875444215
29917199,113.7623,79853981,4021607891414245
29919829,113.7723,79853981,4021817907384275
29922459,113.7823,79853981,4022027923354305
29925089,113.7923,79853981,4022237939324335
29927719,113.8023,79853981,4022447955294365
29930349,113.8123,79853981,4022657971264395
29932979,113.8223,79853981,4022867987234425
29935609,113.8323,79853981,4023078003204455
29938239,113.8423,79853981,4023288019174485
29940869,113.8523,79853981,4023498035144515
29943499,113.8623,79853981,4023708051114545
29946129,113.8723,79853981,4023918067084575
29948759,113.8823,79853981,4024128083054605
29951389,113.8923,79853981,4024338099024635
29954019,113.9023,79853981,4024548114994665
29956649,113.9123,79853981,4024758130964695
29959279,113.9223,79853981,4024968146934725
29961909,113.9323,79853981,4025178162904755
29964539,113.9423,79853981,4025388178874785
29967169,113.9523,79853981,4025598194844815
29969799,113.9623,79853981,4025808210814845
29972429,113.9723,79853981,4026018226784875
29975059,113.9823,79853981,4026228242754905
29977689,113.9923,79853981,4026438258724935
29980319,114.0023,79853981,4026648274694965
29982949,114.0123,79853981,4026858290664995
29985579,114.0223,79853981,4027068306635025
29988209,114.0323,79853981,4027278322605055
29990839,114.0423,79853981,4027488338575085
29993469,114.0523,79853981,4027698354545115
29996099,114.0623,79853981,4027908370515145
29998729,114.0723,79853981,4028118386485175
30001359,114.0823,79853981,4028328402455205
30003989,114.0923,79853981,4028538418425235
30006619,114.1023,79853981,4028748434395265
30009249,114.1123,79853981,4028958450365295
30011879,114.1223,79853981,4029168466335325
30014509,114.1323,79853981,4029378482305355
30017139,114.1423,79853981,4029588498275385
30019769,114.1523,79853981,4029798514245415
30022399,114.1623,79853981,4030008530215445
30025029,114.1723,79853981,4030218546185475
30027659,114.1823,79853981,4030428562155505
30030289,114.1923,79853981,4030638578125535
30032919,114.2023,79853981,4030848594095565
30035549,114.2123,79853981,4031058610065595
30038179,114.2223,79853981,4031268626035625
30040809,114.2323,79853981,4031478642005655
30043439,114.2423,79853981,4031688657975685
30046069,114.2523,79853981,4031898673945715
30048699,114.2623,79853981,4032108689915745
30051329,114.2723,79853981,4032318705885775
30053959,114.2823,79853981,4032528721855805
30056589,114.2923,79853981,4032738737825835
30059219,114.3023,79853981,4032948753795865
30061849,114.3123,79853981,4033158769765895
30064479,114.3223,79853981,4033368785735925
30067109,114.3323,79853981,4033578801705955
30069739,114.3423,79853981,4033788817675985
30072369,114.3523,79853981,4033998833646015
30074999,114.3623,79853981,4034208849616045
30077629,114.3723,79853981,4034418865586075
30080259,114.3823,79853981,4034628881556105
30082889,114.3923,79853981,4034838897526135
30085519,114.4023,79853981,4035048913496165
30088149,114.4123,79853981,4035258929466195
30090779,114.4223,79853981,4035468945436225
30093409,114.4323,79853981,4035678961406255
30096039,114.4423,79853981,4035888977376285
30098669,114.4523,79853981,4036098993346315
30101299,114.4623,79853981,4036309009316345
30103929,114.4723,79853981,4036519025286375
30106559,114.4823,79853981,4036729041256405
30109189,114.4923,79853981,4036939057226435
30111819,114.5023,79853981,4037149073196465
30114449,114.5123,79853981,4037359089166495
30117079,114.5223,79853981,4037569105136525
30119709,114.5323,79853981,4037779121106555
30122339,114.5423,79853981,4037989137076585
30124969,114.5523,79853981,4038199153046615
30127599,114.5623,79853981,4038409169016645
30130229,114.5723,79853981,4038619184986675
30132859,114.5823,79853981,4038829200956705
30135489,114.5923,79853981,4039039216926735
30138119,114.6023,79853981,4039249232896765
30140749,114.6123,79853981,4039459248866795
30143379,114.6223,79853981,4039669264836825
30146009,114.6323,79853981,4039879280806855
30148639,114.6423,79853981,4040089296776885
30151269,114.6523,79853981,4040299312746915
30153899,114.6623,79853981,4040509328716945
30156529,114.6723,79853981,4040719344686975
30159159,114.6823,79853981,4040929360657005
30161789,114.6923,79853981,4041139376627035
30164419,114.7023,79853981,4041349392597065
30167049,114.7123,79853981,4041559408567095
30169679,114.7223,79853981,4041769424537125
30172309,114.7323,79853981,4041979440507155
30174939,114.7423,79853981,4042189456477185
30177569,114.7523,79853981,4042399472447215
30180199,114.7623,79853981,4042609488417245
30182829,114.7723,79853981,4042819504387275
30185459,114.7823,79853981,4043029520357305
30188089,114.7923,79853981,4043239536327335
30190719,114.8023,79853981,4043449552297365
30193349,114.8123,79853981,4043659568267395
30195979,114.8223,79853981,4043869584237425
30198609,114.8323,79853981,4044079600207455
30201239,114.8423,79853981,4044289616177485
30203869,114.8523,79853981,4044499632147515
30206499,114.8623,79853981,4044709648117545
30209129,114.8723,79853981,4044919664087575
30211759,114.8823,79853981,4045129680057605
30214389,114.8923,79853981,4045339696027635
30217019,114.9023,79853981,4045549711997665
30219649,114.9123,79853981,4045759727967695
30222279,114.9223,79853981,4045969743937725
30224909,114.9323,79853981,4046179759907755
30227539,114.9423,79853981,4046389775877785
30230169,114.9523,79853981,4046599791847815
30232799,114.9624,79853981,4046809807817845
30235429,114.9724,79853981,4047019823787875
30238059,114.9824,79853981,4047229839757905
30240689,114.9924,79853981,4047439855727935
30243319,115.0024,79853981,4047649871697965
30245949,115.0124,79853981,4047859887667995
30248579,115.0224,79853981,4048069903638025
30251209,115.0324,79853981,4048279919608055
30253839,115.0424,79853981,4048489935578085
30256469,115.0524,79853981,4048699951548115
30259099,115.0624,79853981,4048909967518145
30261729,115.0724,79853981,4049119983488175
30264359,115.0824,79853981,4049329999458205
30266989,115.0924,79853981,4049540015428235
30269619,115.1024,79853981,4049750031398265
30272249,115.1124,79853981,4049960047368295
30274879,115.1224,79853981,4050170063338325
30277509,115.1324,79853981,4050380079308355
30280139,115.1424,79853981,4050590095278385
30282769,115.1524,79853981,4050800111248415
30285399,115.1624,79853981,4051010127218445
30288029,115.1724,79853981,4051220143188475
30290659,115.1824,79853981,4051430159158505
30293289,115.1924,79853981,4051640175128535
30295919,115.2024,79853981,4051850191098565
30298549,115.2124,79853981,4052060207068595
30301179,115.2224,79853981,4052270223038625
30303809,115.2324,79853981,4052480239008655
30306439,115.2424,79853981,4052690254978685
30309069,115.2524,79853981,4052900270948715
30311699,115.2624,79853981,4053110286918745
30314329,115.2724,79853981,4053320302888775
30316959,115.2824,79853981,4053530318858805
30319589,115.2924,79853981,4053740334828835
30322219,115.3024,79853981,4053950350798865
30324849,115.3124,79853981,4054160366768895
30327479,115.3224,79853981,4054370382738925
30330109,115.3324,79853981,4054580398708955
30332739,115.3424,79853981,4054790414678985
30335369,115.3524,79853981,4055000430649015
30337999,115.3624,79853981,4055210446619045
30340629,115.3724,79853981,4055420462589075
30343259,115.3824,79853981,4055630478559105
30345889,115.3924,79853981,4055840494529135
30348519,115.4024,79853981,4056050510499165
30351149,115.4124,79853981,4056260526469195
30353779,115.4224,79853981,4056470542439225
30356409,115.4324,79853981,4056680558409255
30359039,115.4424,79853981,4056890574379285
30361669,115.4524,79853981,4057100590349315
30364299,115.4624,79853981,4057310606319345
30366929,115.4724,79853981,4057520622289375
30369559,115.4824,79853981,4057730638259405
30372189,115.4924,79853981,4057940654229435
30374819,115.5024,79853981,4058150670199465
30377449,115.5124,79853981,4058360686169495
30380079,115.5224,79853981,4058570702139525
30382709,115.5324,79853981,4058780718109555
30385339,115.5424,79853981,4058990734079585
30387969,115.5524,79853981,4059200750049615
30390599,115.5624,79853981,4059410766019645
30393229,115.5724,79853981,4059620781989675
30395859,115.5824,79853981,4059830797959705
30398489,115.5924,79853981,4060040813929735
30401119,115.6024,79853981,4060250829899765
30403749,115.6124,79853981,4060460845869795
30406379,115.6224,79853981,4060670861839825
30409009,115.6324,79853981,4060880877809855
30411639,115.6424,79853981,4061090893779885
30414269,115.6524,79853981,4061300909749915
30416899,115.6624,79853981,4061510925719945
30419529,115.6724,79853981,4061720941689975
30422159,115.6824,79853981,4061930957660005
30424789,115.6924,79853981,4062140973630035
30427419,115.7024,79853981,4062350989600065
30430049,115.7124,79853981,4062561005570095
30432679,115.7224,79853981,4062771021540125
30435309,115.7324,79853981,4062981037510155
30437939,115.7424,79853981,4063191053480185
30440569,115.7524,79853981,4063401069450215
30443199,115.7624,79853981,4063611085420245
30445829,115.7724,79853981,4063821101390275
30448459,115.7824,79853981,4064031117360305
30451089,115.7924,79853981,4064241133330335
30453719,115.8024,79853981,4064451149300365
30456349,115.8124,79853981,4064661165270395
30458979,115.8224,79853981,4064871181240425
30461609,115.8324,79853981,4065081197210455
30464239,115.8424,79853981,4065291213180485
30466869,115.8524,79853981,4065501229150515
30469499,115.8624,79853981,4065711245120545
30472129,115.8724,79853981,4065921261090575
30474759,115.8824,79853981,4066131277060605
30477389,115.8924,79853981,4066341293030635
30480019,115.9024,79853981,4066551309000665
30482649,115.9124,79853981,4066761324970695
30485279,115.9224,79853981,4066971340940725
30487909,115.9324,79853981,4067181356910755
30490539,115.9424,79853981,4067391372880785
30493169,115.9524,79853981,4067601388850815
30495799,115.9624,79853981,4067811404820845
30498429,115.9724,79853981,4068021420790875
30501059,115.9824,79853981,4068231436760905
30503689,115.9924,79853981,4068441452730935
30506319,116.0024,79853981,4068651468700965
30508949,116.0124,79853981,4068861484670995
30511579,116.0224,79853981,4069071500641025
30514209,116.0324,79853981,4069281516611055
30516839,116.0424,79853981,4069491532581085
30519469,116.0524,79853981,4069701548551115
30522099,116.0624,79853981,4069911564521145
30524729,116.0724,79853981,4070121580491175
30527359,116.0824,79853981,4070331596461205
30529989,116.0924,79853981,4070541612431235
30532619,116.1024,79853981,4070751628401265
30535249,116.1124,79853981,4070961644371295
30537879,116.1224,79853981,4071171660341325
30540509,116.1324,79853981,4071381676311355
30543139,116.1424,79853981,4071591692281385
30545769,116.1524,79853981,4071801708251415
30548399,116.1624,79853981,4072011724221445
30551029,116.1724,79853981,4072221740191475
30553659,116.1824,79853981,4072431756161505
30556289,116.1924,79853981,4072641772131535
30558919,116.2024,79853981,4072851788101565
30561549,116.2124,79853981,4073061804071595
30564179,116.2224,79853981,4073271820041625
30566809,116.2324,79853981,4073481836011655
30569439,116.2424,79853981,4073691851981685
30572069,116.2524,79853981,4073901867951715
30574699,116.2624,79853981,4074111883921745
30577329,116.2725,79853981,4074321899891775
30579959,116.2825,79853981,4074531915861805
30582589,116.2925,79853981,4074741931831835
30585219,116.3025,79853981,4074951947801865
30587849,116.3125,79853981,4075161963771895
30590479,116.3225,79853981,4075371979741925
30593109,116.3325,79853981,4075581995711955
30595739,116.3425,79853981,4075792011681985
30598369,116.3525,79853981,4076002027652015
30600999,116.3625,79853981,4076212043622045
30603629,116.3725,79853981,4076422059592075
30606259,116.3825,79853981,4076632075562105
30608889,116.3925,79853981,4076842091532135
30611519,116.4025,79853981,4077052107502165
30614149,116.4125,79853981,4077262123472195
30616779,116.4225,79853981,4077472139442225
30619409,116.4325,79853981,4077682155412255
30622039,116.4425,79853981,4077892171382285
30624669,116.4525,79853981,4078102187352315
30627299,116.4625,79853981,4078312203322345
30629929,116.4725,79853981,4078522219292375
30632559,116.4825,79853981,4078732235262405
30635189,116.4925,79853981,4078942251232435
30637819,116.5025,79853981,4079152267202465
30640449,116.5125,79853981,4079362283172495
30643079,116.5225,79853981,4079572299142525
30645709,116.5325,79853981,4079782315112555
30648339,116.5425,79853981,4079992331082585
30650969,116.5525,79853981,4080202347052615
30653599,116.5625,79853981,4080412363022645
30656229,116.5725,79853981,4080622378992675
30658859,116.5825,79853981,4080832394962705
30661489,116.5925,79853981,4081042410932735
30664119,116.6025,79853981,4081252426902765
30666749,116.6125,79853981,4081462442872795
30669379,116.6225,79853981,4081672458842825
30672009,116.6325,79853981,4081882474812855
30674639,116.6425,79853981,4082092490782885
30677269,116.6525,79853981,4082302506752915
30679899,116.6625,79853981,4082512522722945
30682529,116.6725,79853981,4082722538692975
30685159,116.6825,79853981,4082932554663005
30687789,116.6925,79853981,4083142570633035
30690419,116.7025,79853981,4083352586603065
30693049,116.7125,79853981,4083562602573095
30695679,116.7225,79853981,4083772618543125
30698309,116.7325,79853981,4083982634513155
30700939,116.7425,79853981,4084192650483185
30703569,116.7525,79853981,4084402666453215
30706199,116.7625,79853981,4084612682423245
30708829,116.7725,79853981,4084822698393275
30711459,116.7825,79853981,4085032714363305
30714089,116.7925,79853981,4085242730333335
30716719,116.8025,79853981,4085452746303365
30719349,116.8125,79853981,4085662762273395
30721979,116.8225,79853981,4085872778243425
30724609,116.8325,79853981,4086082794213455
30727239,116.8425,79853981,4086292810183485
30729869,116.8525,79853981,4086502826153515
30732499,116.8625,79853981,4086712842123545
30735129,116.8725,79853981,4086922858093575
30737759,116.8825,79853981,4087132874063605
30740389,116.8925,79853981,4087342890033635
30743019,116.9025,79853981,4087552906003665
30745649,116.9125,79853981,4087762921973695
30748279,116.9225,79853981,4087972937943725
30750909,116.9325,79853981,4088182953913755
30753539,116.9425,79853981,4088392969883785
30756169,116.9525,79853981,4088602985853815
30758799,116.9625,79853981,4088813001823845
30761429,116.9725,79853981,4089023017793875
30764059,116.9825,79853981,4089233033763905
30766689,116.9925,79853981,4089443049733935
30769319,117.0025,79853981,4089653065703965
30771949,117.0125,79853981,4089863081673995
30774579,117.0225,79853981,4090073097644025
30777209,117.0325,79853981,4090283113614055
30779839,117.0425,79853981,4090493129584085
30782469,117.0525,79853981,4090703145554115
30785099,117.0625,79853981,4090913161524145
30787729,117.0725,79853981,4091123177494175
30790359,117.0825,79853981,4091333193464205
30792989,117.0925,79853981,4091543209434235
30795619,117.1025,79853981,4091753225404265
30798249,117.1125,79853981,4091963241374295
30800879,117.1225,79853981,4092173257344325
30803509,117.1325,79853981,4092383273314355
30806139,117.1425,79853981,4092593289284385
30808769,117.1525,79853981,4092803305254415
30811399,117.1625,79853981,4093013321224445
30814029,117.1725,79853981,4093223337194475
30816659,117.1825,79853981,4093433353164505
30819289,117.1925,79853981,4093643369134535
30821919,117.2025,79853981,4093853385104565
30824549,117.2125,79853981,4094063401074595
30827179,117.2225,79853981,4094273417044625
30829809,117.2325,79853981,4094483433014655
30832439,117.2425,79853981,4094693448984685
30835069,117.2525,79853981,4094903464954715
30837699,117.2625,79853981,4095113480924745
30840329,117.2725,79853981,4095323496894775
30842959,117.2825,79853981,4095533512864805
30845589,117.2925,79853981,4095743528834835
30848219,117.3025,79853981,4095953544804865
30850849,117.3125,79853981,4096163560774895
30853479,117.3225,79853981,4096373576744925
30856109,117.3325,79853981,4096583592714955
30858739,117.3425,79853981,4096793608684985
30861369,117.3525,79853981,4097003624655015
30863999,117.3625,79853981,4097213640625045
30866629,117.3725,79853981,4097423656595075
30869259,117.3825,79853981,4097633672565105
30871889,117.3925,79853981,4097843688535135
30874519,117.4025,79853981,4098053704505165
30877149,117.4125,79853981,4098263720475195
30879779,117.4225,79853981,4098473736445225
30882409,117.4325,79853981,4098683752415255
30885039,117.4425,79853981,4098893768385285
30887669,117.4525,79853981,4099103784355315
30890299,117.4625,79853981,4099313800325345
30892929,117.4725,79853981,4099523816295375
30895559,117.4825,79853981,4099733832265405
30898189,117.4925,79853981,4099943848235435
30900819,117.5025,79853981,4100153864205465
30903449,117.5125,79853981,4100363880175495
30906079,117.5225,79853981,4100573896145525
30908709,117.5325,79853981,4100783912115555
30911339,117.5425,79853981,4100993928085585
30913969,117.5525,79853981,4101203944055615
30916599,117.5625,79853981,4101413960025645
30919229,117.5725,79853981,4101623975995675
30921859,117.5826,79853981,4101833991965705
30924489,117.5926,79853981,4102044007935735
30927119,117.6026,79853981,4102254023905765
30929749,117.6126,79853981,4102464039875795
30932379,117.6226,79853981,4102674055845825
30935009,117.6326,79853981,4102884071815855
30937639,117.6426,79853981,4103094087785885
30940269,117.6526,79853981,4103304103755915
30942899,117.6626,79853981,4103514119725945
30945529,117.6726,79853981,4103724135695975
30948159,117.6826,79853981,4103934151666005
30950789,117.6926,79853981,4104144167636035
30953419,117.7026,79853981,4104354183606065
30956049,117.7126,79853981,4104564199576095
30958679,117.7226,79853981,4104774215546125
30961309,117.7326,79853981,4104984231516155
30963939,117.7426,79853981,4105194247486185
30966569,117.7526,79853981,4105404263456215
30969199,117.7626,79853981,4105614279426245
30971829,117.7726,79853981,4105824295396275
30974459,117.7826,79853981,4106034311366305
30977089,117.7926,79853981,4106244327336335
30979719,117.8026,79853981,4106454343306365
30982349,117.8126,79853981,4106664359276395
30984979,117.8226,79853981,4106874375246425
30987609,117.8326,79853981,4107084391216455
30990239,117.8426,79853981,4107294407186485
30992869,117.8526,79853981,4107504423156515
30995499,117.8626,79853981,4107714439126545
30998129,117.8726,79853981,4107924455096575
31000759,117.8826,79853981,4108134471066605
31003389,117.8926,79853981,4108344487036635
31006019,117.9026,79853981,4108554503006665
31008649,117.9126,79853981,4108764518976695
31011279,117.9226,79853981,4108974534946725
31013909,117.9326,79853981,4109184550916755
31016539,117.9426,79853981,4109394566886785
31019169,117.9526,79853981,4109604582856815
31021799,117.9626,79853981,4109814598826845
31024429,117.9726,79853981,4110024614796875
31027059,117.9826,79853981,4110234630766905
31029689,117.9926,79853981,4110444646736935
31032319,118.0026,79853981,4110654662706965
31034949,118.0126,79853981,4110864678676995
31037579,118.0226,79853981,4111074694647025
31040209,118.0326,79853981,4111284710617055
31042839,118.0426,79853981,4111494726587085
31045469,118.0526,79853981,4111704742557115
31048099,118.0626,79853981,4111914758527145
31050729,118.0726,79853981,4112124774497175
31053359,118.0826,79853981,4112334790467205
31055989,118.0926,79853981,4112544806437235
31058619,118.1026,79853981,4112754822407265
31061249,118.1126,79853981,4112964838377295
31063879,118.1226,79853981,4113174854347325
31066509,118.1326,79853981,4113384870317355
31069139,118.1426,79853981,4113594886287385
31071769,118.1526,79853981,4113804902257415
31074399,118.1626,79853981,4114014918227445
31077029,118.1726,79853981,4114224934197475
31079659,118.1826,79853981,4114434950167505
31082289,118.1926,79853981,4114644966137535
31084919,118.2026,79853981,4114854982107565
31087549,118.2126,79853981,4115064998077595
31090179,118.2226,79853981,4115275014047625
31092809,118.2326,79853981,4115485030017655
31095439,118.2426,79853981,4115695045987685
31098069,118.2526,79853981,4115905061957715
31100699,118.2626,79853981,4116115077927745
31103329,118.2726,79853981,4116325093897775
31105959,118.2826,79853981,4116535109867805
31108589,118.2926,79853981,4116745125837835
31111219,118.3026,79853981,4116955141807865
31113849,118.3126,79853981,4117165157777895
31116479,118.3226,79853981,4117375173747925
31119109,118.3326,79853981,4117585189717955
31121739,118.3426,79853981,4117795205687985
31124369,118.3526,79853981,4118005221658015
31126999,118.3626,79853981,4118215237628045
31129629,118.3726,79853981,4118425253598075
31132259,118.3826,79853981,4118635269568105
31134889,118.3926,79853981,4118845285538135
31137519,118.4026,79853981,4119055301508165
31140149,118.4126,79853981,4119265317478195
31142779,118.4226,79853981,4119475333448225
31145409,118.4326,79853981,4119685349418255
31148039,118.4426,79853981,4119895365388285
31150669,118.4526,79853981,4120105381358315
31153299,118.4626,79853981,4120315397328345
31155929,118.4726,79853981,4120525413298375
31158559,118.4826,79853981,4120735429268405
31161189,118.4926,79853981,4120945445238435
31163819,118.5026,79853981,4121155461208465
31166449,118.5126,79853981,4121365477178495
31169079,118.5226,79853981,4121575493148525
31171709,118.5326,79853981,4121785509118555
31174339,118.5426,79853981,4121995525088585
31176969,118.5526,79853981,4122205541058615
31179599,118.5626,79853981,4122415557028645
31182229,118.5726,79853981,4122625572998675
31184859,118.5826,79853981,4122835588968705
31187489,118.5926,79853981,4123045604938735
31190119,118.6026,79853981,4123255620908765
31192749,118.6126,79853981,4123465636878795
31195379,118.6226,79853981,4123675652848825
31198009,118.6326,79853981,4123885668818855
31200639,118.6426,79853981,4124095684788885
31203269,118.6526,79853981,4124305700758915
31205899,118.6626,79853981,4124515716728945
31208529,118.6726,79853981,4124725732698975
31211159,118.6826,79853981,4124935748669005
31213789,118.6926,79853981,4125145764639035
31216419,118.7026,79853981,4125355780609065
31219049,118.7126,79853981,4125565796579095
31221679,118.7226,79853981,4125775812549125
31224309,118.7326,79853981,4125985828519155
31226939,118.7426,79853981,4126195844489185
31229569,118.7526,79853981,4126405860459215
31232199,118.7626,79853981,4126615876429245
31234829,118.7726,79853981,4126825892399275
31237459,118.7826,79853981,4127035908369305
31240089,118.7926,79853981,4127245924339335
31242719,118.8026,79853981,4127455940309365
31245349,118.8126,79853981,4127665956279395
31247979,118.8226,79853981,4127875972249425
31250609,118.8326,79853981,4128085988219455
31253239,118.8426,79853981,4128296004189485
31255869,118.8526,79853981,4128506020159515
31258499,118.8626,79853981,4128716036129545
31261129,118.8726,79853981,4128926052099575
31263759,118.8826,79853981,4129136068069605
31266389,118.8926,79853981,4129346084039635
31269019,118.9027,79853981,4129556100009665
31271649,118.9127,79853981,4129766115979695
31274279,118.9227,79853981,4129976131949725
31276909,118.9327,79853981,4130186147919755
31279539,118.9427,79853981,4130396163889785
31282169,118.9527,79853981,4130606179859815
31284799,118.9627,79853981,4130816195829845
31287429,118.9727,79853981,4131026211799875
31290059,118.9827,79853981,4131236227769905
31292689,118.9927,79853981,4131446243739935
31295319,119.0027,79853981,4131656259709965
31297949,119.0127,79853981,4131866275679995
31300579,119.0227,79853981,4132076291650025
31303209,119.0327,79853981,4132286307620055
31305839,119.0427,79853981,4132496323590085
31308469,119.0527,79853981,4132706339560115
31311099,119.0627,79853981,4132916355530145
31313729,119.0727,79853981,4133126371500175
31316359,119.0827,79853981,4133336387470205
31318989,119.0927,79853981,4133546403440235
31321619,119.1027,79853981,4133756419410265
31324249,119.1127,79853981,4133966435380295
31326879,119.1227,79853981,4134176451350325
31329509,119.1327,79853981,4134386467320355
31332139,119.1427,79853981,4134596483290385
31334769,119.1527,79853981,4134806499260415
31337399,119.1627,79853981,4135016515230445
31340029,119.1727,79853981,4135226531200475
31342659,119.1827,79853981,4135436547170505
31345289,119.1927,79853981,4135646563140535
31347919,119.2027,79853981,4135856579110565
31350549,119.2127,79853981,4136066595080595
31353179,119.2227,79853981,4136276611050625
31355809,119.2327,79853981,4136486627020655
31358439,119.2427,79853981,4136696642990685
31361069,119.2527,79853981,4136906658960715
31363699,119.2627,79853981,4137116674930745
31366329,119.2727,79853981,4137326690900775
31368959,119.2827,79853981,4137536706870805
31371589,119.2927,79853981,4137746722840835
31374219,119.3027,79853981,4137956738810865
31376849,119.3127,79853981,4138166754780895
31379479,119.3227,79853981,4138376770750925
31382109,119.3327,79853981,4138586786720955
31384739,119.3427,79853981,4138796802690985
31387369,119.3527,79853981,4139006818661015
31389999,119.3627,79853981,4139216834631045
31392629,119.3727,79853981,4139426850601075
31395259,119.3827,79853981,4139636866571105
31397889,119.3927,79853981,4139846882541135
31400519,119.4027,79853981,4140056898511165
31403149,119.4127,79853981,4140266914481195
31405779,119.4227,79853981,4140476930451225
31408409,119.4327,79853981,4140686946421255
31411039,119.4427,79853981,4140896962391285
31413669,119.4527,79853981,4141106978361315
31416299,119.4627,79853981,4141316994331345
31418929,119.4727,79853981,4141527010301375
31421559,119.4827,79853981,4141737026271405
31424189,119.4927,79853981,4141947042241435
31426819,119.5027,79853981,4142157058211465
31429449,119.5127,79853981,4142367074181495
31432079,119.5227,79853981,4142577090151525
31434709,119.5327,79853981,4142787106121555
31437339,119.5427,79853981,4142997122091585
31439969,119.5527,79853981,4143207138061615
31442599,119.5627,79853981,4143417154031645
31445229,119.5727,79853981,4143627170001675
31447859,119.5827,79853981,4143837185971705
31450489,119.5927,79853981,4144047201941735
31453119,119.6027,79853981,4144257217911765
31455749,119.6127,79853981,4144467233881795
31458379,119.6227,79853981,4144677249851825
31461009,119.6327,79853981,4144887265821855
31463639,119.6427,79853981,4145097281791885
31466269,119.6527,79853981,4145307297761915
31468899,119.6627,79853981,4145517313731945
31471529,119.6727,79853981,4145727329701975
31474159,119.6827,79853981,4145937345672005
31476789,119.6927,79853981,4146147361642035
31479419,119.7027,79853981,4146357377612065
31482049,119.7127,79853981,4146567393582095
31484679,119.7227,79853981,4146777409552125
31487309,119.7327,79853981,4146987425522155
31489939,119.7427,79853981,4147197441492185
31492569,119.7527,79853981,4147407457462215
31495199,119.7627,79853981,4147617473432245
31497829,119.7727,79853981,4147827489402275
31500459,119.7827,79853981,4148037505372305
31503089,119.7927,79853981,4148247521342335
31505719,119.8027,79853981,4148457537312365
31508349,119.8127,79853981,4148667553282395
31510979,119.8227,79853981,4148877569252425
31513609,119.8327,79853981,4149087585222455
31516239,119.8427,79853981,4149297601192485
31518869,119.8527,79853981,4149507617162515
31521499,119.8627,79853981,4149717633132545
31524129,119.8727,79853981,4149927649102575
31526759,119.8827,79853981,4150137665072605
31529389,119.8927,79853981,4150347681042635
31532019,119.9027,79853981,4150557697012665
31534649,119.9127,79853981,4150767712982695
31537279,119.9227,79853981,4150977728952725
31539909,119.9327,79853981,4151187744922755
31542539,119.9427,79853981,4151397760892785
31545169,119.9527,79853981,4151607776862815
31547799,119.9627,79853981,4151817792832845
31550429,119.9727,79853981,4152027808802875
31553059,119.9827,79853981,4152237824772905
31555689,119.9927,79853981,4152447840742935
31558319,120.0027,79853981,4152657856712965
31560949,120.0127,79853981,4152867872682995
31563579,120.0227,79853981,4153077888653025
31566209,120.0327,79853981,4153287904623055
31568839,120.0427,79853981,4153497920593085
31571469,120.0527,79853981,4153707936563115
31574099,120.0627,79853981,4153917952533145
31576729,120.0727,79853981,4154127968503175
31579359,120.0827,79853981,4154337984473205
31581989,120.0927,79853981,4154548000443235
31584619,120.1027,79853981,4154758016413265
31587249,120.1127,79853981,4154968032383295
31589879,120.1227,79853981,4155178048353325
31592509,120.1327,79853981,4155388064323355
31595139,120.1427,79853981,4155598080293385
31597769,120.1527,79853981,4155808096263415
31600399,120.1627,79853981,4156018112233445
31603029,120.1727,79853981,4156228128203475
31605659,120.1827,79853981,4156438144173505
31608289,120.1927,79853981,4156648160143535
31610919,120.2027,79853981,4156858176113565
31613549,120.2128,79853981,4157068192083595
31616179,120.2228,79853981,4157278208053625
31618809,120.2328,79853981,4157488224023655
31621439,120.2428,79853981,4157698239993685
31624069,120.2528,79853981,4157908255963715
31626699,120.2628,79853981,4158118271933745
31629329,120.2728,79853981,4158328287903775
31631959,120.2828,79853981,4158538303873805
31634589,120.2928,79853981,4158748319843835
31637219,120.3028,79853981,4158958335813865
31639849,120.3128,79853981,4159168351783895
31642479,120.3228,79853981,4159378367753925
31645109,120.3328,79853981,4159588383723955
31647739,120.3428,79853981,4159798399693985
31650369,120.3528,79853981,4160008415664015
31652999,120.3628,79853981,4160218431634045
31655629,120.3728,79853981,4160428447604075
31658259,120.3828,79853981,4160638463574105
31660889,120.3928,79853981,4160848479544135
31663519,120.4028,79853981,4161058495514165
31666149,120.4128,79853981,4161268511484195
31668779,120.4228,79853981,4161478527454225
31671409,120.4328,79853981,4161688543424255
31674039,120.4428,79853981,4161898559394285
31676669,120.4528,79853981,4162108575364315
31679299,120.4628,79853981,4162318591334345
31681929,120.4728,79853981,4162528607304375
31684559,120.4828,79853981,4162738623274405
31687189,120.4928,79853981,4162948639244435
31689819,120.5028,79853981,4163158655214465
31692449,120.5128,79853981,4163368671184495
31695079,120.5228,79853981,4163578687154525
31697709,120.5328,79853981,4163788703124555
31700339,120.5428,79853981,4163998719094585
31702969,120.5528,79853981,4164208735064615
31705599,120.5628,79853981,4164418751034645
31708229,120.5728,79853981,4164628767004675
31710859,120.5828,79853981,4164838782974705
31713489,120.5928,79853981,4165048798944735
31716119,120.6028,79853981,4165258814914765
31718749,120.6128,79853981,4165468830884795
31721379,120.6228,79853981,4165678846854825
31724009,120.6328,79853981,4165888862824855
31726639,120.6428,79853981,4166098878794885
31729269,120.6528,79853981,4166308894764915
31731899,120.6628,79853981,4166518910734945
31734529,120.6728,79853981,4166728926704975
31737159,120.6828,79853981,4166938942675005
31739789,120.6928,79853981,4167148958645035
31742419,120.7028,79853981,4167358974615065
31745049,120.7128,79853981,4167568990585095
31747679,120.7228,79853981,4167779006555125
31750309,120.7328,79853981,4167989022525155
31752939,120.7428,79853981,4168199038495185
31755569,120.7528,79853981,4168409054465215
31758199,120.7628,79853981,4168619070435245
31760829,120.7728,79853981,4168829086405275
31763459,120.7828,79853981,4169039102375305
31766089,120.7928,79853981,4169249118345335
31768719,120.8028,79853981,4169459134315365
31771349,120.8128,79853981,4169669150285395
31773979,120.8228,79853981,4169879166255425
31776609,120.8328,79853981,4170089182225455
31779239,120.8428,79853981,4170299198195485
31781869,120.8528,79853981,4170509214165515
31784499,120.8628,79853981,4170719230135545
31787129,120.8728,79853981,4170929246105575
31789759,120.8828,79853981,4171139262075605
31792389,120.8928,79853981,4171349278045635
31795019,120.9028,79853981,4171559294015665
31797649,120.9128,79853981,4171769309985695
31800279,120.9228,79853981,4171979325955725
31802909,120.9328,79853981,4172189341925755
31805539,120.9428,79853981,4172399357895785
31808169,120.9528,79853981,4172609373865815
31810799,120.9628,79853981,4172819389835845
31813429,120.9728,79853981,4173029405805875
31816059,120.9828,79853981,4173239421775905
31818689,120.9928,79853981,4173449437745935
31821319,121.0028,79853981,4173659453715965
31823949,121.0128,79853981,4173869469685995
31826579,121.0228,79853981,4174079485656025
31829209,121.0328,79853981,4174289501626055
31831839,121.0428,79853981,4174499517596085
31834469,121.0528,79853981,4174709533566115
31837099,121.0628,79853981,4174919549536145
31839729,121.0728,79853981,4175129565506175
31842359,121.0828,79853981,4175339581476205
31844989,121.0928,79853981,4175549597446235
31847619,121.1028,79853981,4175759613416265
31850249,121.1128,79853981,4175969629386295
31852879,121.1228,79853981,4176179645356325
31855509,121.1328,79853981,4176389661326355
31858139,121.1428,79853981,4176599677296385
31860769,121.1528,79853981,4176809693266415
31863399,121.1628,79853981,4177019709236445
31866029,121.1728,79853981,4177229725206475
31868659,121.1828,79853981,4177439741176505
31871289,121.1928,79853981,4177649757146535
31873919,121.2028,79853981,4177859773116565
31876549,121.2128,79853981,4178069789086595
31879179,121.2228,79853981,4178279805056625
31881809,121.2328,79853981,4178489821026655
31884439,121.2428,79853981,4178699836996685
31887069,121.2528,79853981,4178909852966715
31889699,121.2628,79853981,4179119868936745
31892329,121.2728,79853981,4179329884906775
31894959,121.2828,79853981,4179539900876805
31897589,121.2928,79853981,4179749916846835
31900219,121.3028,79853981,4179959932816865
31902849,121.3128,79853981,4180169948786895
31905479,121.3228,79853981,4180379964756925
31908109,121.3328,79853981,4180589980726955
31910739,121.3428,79853981,4180799996696985
31913369,121.3528,79853981,4181010012667015
31915999,121.3628,79853981,4181220028637045
31918629,121.3728,79853981,4181430044607075
31921259,121.3828,79853981,4181640060577105
31923889,121.3928,79853981,4181850076547135
31926519,121.4028,79853981,4182060092517165
31929149,121.4128,79853981,4182270108487195
31931779,121.4228,79853981,4182480124457225
31934409,121.4328,79853981,4182690140427255
31937039,121.4428,79853981,4182900156397285
31939669,121.4528,79853981,4183110172367315
31942299,121.4628,79853981,4183320188337345
31944929,121.4728,79853981,4183530204307375
31947559,121.4828,79853981,4183740220277405
31950189,121.4928,79853981,4183950236247435
31952819,121.5028,79853981,4184160252217465
31955449,121.5128,79853981,4184370268187495
31958079,121.5228,79853981,4184580284157525
31960709,121.5329,79853981,4184790300127555
31963339,121.5429,79853981,4185000316097585
31965969,121.5529,79853981,4185210332067615
31968599,121.5629,79853981,4185420348037645
31971229,121.5729,79853981,4185630364007675
31973859,121.5829,79853981,4185840379977705
31976489,121.5929,79853981,4186050395947735
31979119,121.6029,79853981,4186260411917765
31981749,121.6129,79853981,4186470427887795
31984379,121.6229,79853981,4186680443857825
31987009,121.6329,79853981,4186890459827855
31989639,121.6429,79853981,4187100475797885
31992269,121.6529,79853981,4187310491767915
31994899,121.6629,79853981,4187520507737945
31997529,121.6729,79853981,4187730523707975
32000159,121.6829,79853981,4187940539678005
32002789,121.6929,79853981,4188150555648035
32005419,121.7029,79853981,4188360571618065
32008049,121.7129,79853981,4188570587588095
32010679,121.7229,79853981,4188780603558125
32013309,121.7329,79853981,4188990619528155
32015939,121.7429,79853981,4189200635498185
32018569,121.7529,79853981,4189410651468215
32021199,121.7629,79853981,4189620667438245
32023829,121.7729,79853981,4189830683408275
32026459,121.7829,79853981,4190040699378305
32029089,121.7929,79853981,4190250715348335
32031719,121.8029,79853981,4190460731318365
32034349,121.8129,79853981,4190670747288395
32036979,121.8229,79853981,4190880763258425
32039609,121.8329,79853981,4191090779228455
32042239,121.8429,79853981,4191300795198485
32044869,121.8529,79853981,4191510811168515
32047499,121.8629,79853981,4191720827138545
32050129,121.8729,79853981,4191930843108575
32052759,121.8829,79853981,4192140859078605
32055389,121.8929,79853981,4192350875048635
32058019,121.9029,79853981,4192560891018665
32060649,121.9129,79853981,4192770906988695
32063279,121.9229,79853981,4192980922958725
32065909,121.9329,79853981,4193190938928755
32068539,121.9429,79853981,4193400954898785
32071169,121.9529,79853981,4193610970868815
32073799,121.9629,79853981,4193820986838845
32076429,121.9729,79853981,4194031002808875
32079059,121.9829,79853981,4194241018778905
32081689,121.9929,79853981,4194451034748935
32084319,122.0029,79853981,4194661050718965
32086949,122.0129,79853981,4194871066688995
32089579,122.0229,79853981,4195081082659025
32092209,122.0329,79853981,4195291098629055
32094839,122.0429,79853981,4195501114599085
32097469,122.0529,79853981,4195711130569115
32100099,122.0629,79853981,4195921146539145
32102729,122.0729,79853981,4196131162509175
32105359,122.0829,79853981,4196341178479205
32107989,122.0929,79853981,4196551194449235
32110619,122.1029,79853981,4196761210419265
32113249,122.1129,79853981,4196971226389295
32115879,122.1229,79853981,4197181242359325
32118509,122.1329,79853981,4197391258329355
32121139,122.1429,79853981,4197601274299385
32123769,122.1529,79853981,4197811290269415
32126399,122.1629,79853981,4198021306239445
32129029,122.1729,79853981,4198231322209475
32131659,122.1829,79853981,4198441338179505
32134289,122.1929,79853981,4198651354149535
32136919,122.2029,79853981,4198861370119565
32139549,122.2129,79853981,4199071386089595
32142179,122.2229,79853981,4199281402059625
32144809,122.2329,79853981,4199491418029655
32147439,122.2429,79853981,4199701433999685
32150069,122.2529,79853981,4199911449969715
32152699,122.2629,79853981,4200121465939745
32155329,122.2729,79853981,4200331481909775
32157959,122.2829,79853981,4200541497879805
32160589,122.2929,79853981,4200751513849835
32163219,122.3029,79853981,4200961529819865
32165849,122.3129,79853981,4201171545789895
32168479,122.3229,79853981,4201381561759925
32171109,122.3329,79853981,4201591577729955
32173739,122.3429,79853981,4201801593699985
32176369,122.3529,79853981,4202011609670015
32178999,122.3629,79853981,4202221625640045
32181629,122.3729,79853981,4202431641610075
32184259,122.3829,79853981,4202641657580105
32186889,122.3929,79853981,4202851673550135
32189519,122.4029,79853981,4203061689520165
32192149,122.4129,79853981,4203271705490195
32194779,122.4229,79853981,4203481721460225
32197409,122.4329,79853981,4203691737430255
32200039,122.4429,79853981,4203901753400285
32202669,122.4529,79853981,4204111769370315
32205299,122.4629,79853981,4204321785340345
32207929,122.4729,79853981,4204531801310375
32210559,122.4829,79853981,4204741817280405
32213189,122.4929,79853981,4204951833250435
32215819,122.5029,79853981,4205161849220465
32218449,122.5129,79853981,4205371865190495
32221079,122.5229,79853981,4205581881160525
32223709,122.5329,79853981,4205791897130555
32226339,122.5429,79853981,4206001913100585
32228969,122.5529,79853981,4206211929070615
32231599,122.5629,79853981,4206421945040645
32234229,122.5729,79853981,4206631961010675
32236859,122.5829,79853981,4206841976980705
32239489,122.5929,79853981,4207051992950735
32242119,122.6029,79853981,4207262008920765
32244749,122.6129,79853981,4207472024890795
32247379,122.6229,79853981,4207682040860825
32250009,122.6329,79853981,4207892056830855
32252639,122.6429,79853981,4208102072800885
32255269,122.6529,79853981,4208312088770915
32257899,122.6629,79853981,4208522104740945
32260529,122.6729,79853981,4208732120710975
32263159,122.6829,79853981,4208942136681005
32265789,122.6929,79853981,4209152152651035
32268419,122.7029,79853981,4209362168621065
32271049,122.7129,79853981,4209572184591095
32273679,122.7229,79853981,4209782200561125
32276309,122.7329,79853981,4209992216531155
32278939,122.7429,79853981,4210202232501185
32281569,122.7529,79853981,4210412248471215
32284199,122.7629,79853981,4210622264441245
32286829,122.7729,79853981,4210832280411275
32289459,122.7829,79853981,4211042296381305
32292089,122.7929,79853981,4211252312351335
32294719,122.8029,79853981,4211462328321365
32297349,122.8129,79853981,4211672344291395
32299979,122.8229,79853981,4211882360261425
32302609,122.8329,79853981,4212092376231455
32305239,122.8430,79853981,4212302392201485
32307869,122.8530,79853981,4212512408171515
32310499,122.8630,79853981,4212722424141545
32313129,122.8730,79853981,4212932440111575
32315759,122.8830,79853981,4213142456081605
32318389,122.8930,79853981,4213352472051635
32321019,122.9030,79853981,4213562488021665
32323649,122.9130,79853981,4213772503991695
32326279,122.9230,79853981,4213982519961725
32328909,122.9330,79853981,4214192535931755
32331539,122.9430,79853981,4214402551901785
32334169,122.9530,79853981,4214612567871815
32336799,122.9630,79853981,4214822583841845
32339429,122.9730,79853981,4215032599811875
32342059,122.9830,79853981,4215242615781905
32344689,122.9930,79853981,4215452631751935
32347319,123.0030,79853981,4215662647721965
32349949,123.0130,79853981,4215872663691995
32352579,123.0230,79853981,4216082679662025
32355209,123.0330,79853981,4216292695632055
32357839,123.0430,79853981,4216502711602085
32360469,123.0530,79853981,4216712727572115
32363099,123.0630,79853981,4216922743542145
32365729,123.0730,79853981,4217132759512175
32368359,123.0830,79853981,4217342775482205
32370989,123.0930,79853981,4217552791452235
32373619,123.1030,79853981,4217762807422265
32376249,123.1130,79853981,4217972823392295
32378879,123.1230,79853981,4218182839362325
32381509,123.1330,79853981,4218392855332355
32384139,123.1430,79853981,4218602871302385
32386769,123.1530,79853981,4218812887272415
32389399,123.1630,79853981,4219022903242445
32392029,123.1730,79853981,4219232919212475
32394659,123.1830,79853981,4219442935182505
32397289,123.1930,79853981,4219652951152535
32399919,123.2030,79853981,4219862967122565
32402549,123.2130,79853981,4220072983092595
32405179,123.2230,79853981,4220282999062625
32407809,123.2330,79853981,4220493015032655
32410439,123.2430,79853981,4220703031002685
32413069,123.2530,79853981,4220913046972715
32415699,123.2630,79853981,4221123062942745
32418329,123.2730,79853981,4221333078912775
32420959,123.2830,79853981,4221543094882805
32423589,123.2930,79853981,4221753110852835
32426219,123.3030,79853981,4221963126822865
32428849,123.3130,79853981,4222173142792895
32431479,123.3230,79853981,4222383158762925
32434109,123.3330,79853981,4222593174732955
32436739,123.3430,79853981,4222803190702985
32439369,123.3530,79853981,4223013206673015
32441999,123.3630,79853981,4223223222643045
32444629,123.3730,79853981,4223433238613075
32447259,123.3830,79853981,4223643254583105
32449889,123.3930,79853981,4223853270553135
32452519,123.4030,79853981,4224063286523165
32455149,123.4130,79853981,4224273302493195
32457779,123.4230,79853981,4224483318463225
32460409,123.4330,79853981,4224693334433255
32463039,123.4430,79853981,4224903350403285
32465669,123.4530,79853981,4225113366373315
32468299,123.4630,79853981,4225323382343345
32470929,123.4730,79853981,4225533398313375
32473559,123.4830,79853981,4225743414283405
32476189,123.4930,79853981,4225953430253435
32478819,123.5030,79853981,4226163446223465
32481449,123.5130,79853981,4226373462193495
32484079,123.5230,79853981,4226583478163525
32486709,123.5330,79853981,4226793494133555
32489339,123.5430,79853981,4227003510103585
32491969,123.5530,79853981,4227213526073615
32494599,123.5630,79853981,4227423542043645
32497229,123.5730,79853981,4227633558013675
32499859,123.5830,79853981,4227843573983705
32502489,123.5930,79853981,4228053589953735
32505119,123.6030,79853981,4228263605923765
32507749,123.6130,79853981,4228473621893795
32510379,123.6230,79853981,4228683637863825
32513009,123.6330,79853981,4228893653833855
32515639,123.6430,79853981,4229103669803885
32518269,123.6530,79853981,4229313685773915
32520899,123.6630,79853981,4229523701743945
32523529,123.6730,79853981,4229733717713975
32526159,123.6830,79853981,4229943733684005
32528789,123.6930,79853981,4230153749654035
32531419,123.7030,79853981,4230363765624065
32534049,123.7130,79853981,4230573781594095
32536679,123.7230,79853981,4230783797564125
32539309,123.7330,79853981,4230993813534155
32541939,123.7430,79853981,4231203829504185
32544569,123.7530,79853981,4231413845474215
32547199,123.7630,79853981,4231623861444245
32549829,123.7730,79853981,4231833877414275
32552459,123.7830,79853981,4232043893384305
32555089,123.7930,79853981,4232253909354335
32557719,123.8030,79853981,4232463925324365
32560349,123.8130,79853981,4232673941294395
32562979,123.8230,79853981,4232883957264425
32565609,123.8330,79853981,4233093973234455
32568239,123.8430,79853981,4233303989204485
32570869,123.8530,79853981,4233514005174515
32573499,123.8630,79853981,4233724021144545
32576129,123.8730,79853981,4233934037114575
32578759,123.8830,79853981,4234144053084605
32581389,123.8930,79853981,4234354069054635
32584019,123.9030,79853981,4234564085024665
32586649,123.9130,79853981,4234774100994695
32589279,123.9230,79853981,4234984116964725
32591909,123.9330,79853981,4235194132934755
32594539,123.9430,79853981,4235404148904785
32597169,123.9530,79853981,4235614164874815
32599799,123.9630,79853981,4235824180844845
32602429,123.9730,79853981,4236034196814875
32605059,123.9830,79853981,4236244212784905
32607689,123.9930,79853981,4236454228754935
32610319,124.0030,79853981,4236664244724965
32612949,124.0130,79853981,4236874260694995
32615579,124.0230,79853981,4237084276665025
32618209,124.0330,79853981,4237294292635055
32620839,124.0430,79853981,4237504308605085
32623469,124.0530,79853981,4237714324575115
32626099,124.0630,79853981,4237924340545145
32628729,124.0730,79853981,4238134356515175
32631359,124.0830,79853981,4238344372485205
32633989,124.0930,79853981,4238554388455235
32636619,124.1030,79853981,4238764404425265
32639249,124.1130,79853981,4238974420395295
32641879,124.1230,79853981,4239184436365325
32644509,124.1330,79853981,4239394452335355
32647139,124.1430,79853981,4239604468305385
32649769,124.1530,79853981,4239814484275415
32652399,124.1631,79853981,4240024500245445
32655029,124.1731,79853981,4240234516215475
32657659,124.1831,79853981,4240444532185505
32660289,124.1931,79853981,4240654548155535
32662919,124.2031,79853981,4240864564125565
32665549,124.2131,79853981,4241074580095595
32668179,124.2231,79853981,4241284596065625
32670809,124.2331,79853981,4241494612035655
32673439,124.2431,79853981,4241704628005685
32676069,124.2531,79853981,4241914643975715
32678699,124.2631,79853981,4242124659945745
32681329,124.2731,79853981,4242334675915775
32683959,124.2831,79853981,4242544691885805
32686589,124.2931,79853981,4242754707855835
32689219,124.3031,79853981,4242964723825865
32691849,124.3131,79853981,4243174739795895
32694479,124.3231,79853981,4243384755765925
32697109,124.3331,79853981,4243594771735955
32699739,124.3431,79853981,4243804787705985
32702369,124.3531,79853981,4244014803676015
32704999,124.3631,79853981,4244224819646045
32707629,124.3731,79853981,4244434835616075
32710259,124.3831,79853981,4244644851586105
32712889,124.3931,79853981,4244854867556135
32715519,124.4031,79853981,4245064883526165
32718149,124.4131,79853981,4245274899496195
32720779,124.4231,79853981,4245484915466225
32723409,124.4331,79853981,4245694931436255
32726039,124.4431,79853981,4245904947406285
32728669,124.4531,79853981,4246114963376315
32731299,124.4631,79853981,4246324979346345
32733929,124.4731,79853981,4246534995316375
32736559,124.4831,79853981,4246745011286405
32739189,124.4931,79853981,4246955027256435
32741819,124.5031,79853981,4247165043226465
32744449,124.5131,79853981,4247375059196495
32747079,124.5231,79853981,4247585075166525
32749709,124.5331,79853981,4247795091136555
32752339,124.5431,79853981,4248005107106585
32754969,124.5531,79853981,4248215123076615
32757599,124.5631,79853981,4248425139046645
32760229,124.5731,79853981,4248635155016675
32762859,124.5831,79853981,4248845170986705
32765489,124.5931,79853981,4249055186956735
32768119,124.6031,79853981,4249265202926765
32770749,124.6131,79853981,4249475218896795
32773379,124.6231,79853981,4249685234866825
32776009,124.6331,79853981,4249895250836855
32778639,124.6431,79853981,4250105266806885
32781269,124.6531,79853981,4250315282776915
32783899,124.6631,79853981,4250525298746945
32786529,124.6731,79853981,4250735314716975
32789159,124.6831,79853981,4250945330687005
32791789,124.6931,79853981,4251155346657035
32794419,124.7031,79853981,4251365362627065
32797049,124.7131,79853981,4251575378597095
32799679,124.7231,79853981,4251785394567125
32802309,124.7331,79853981,4251995410537155
32804939,124.7431,79853981,4252205426507185
32807569,124.7531,79853981,4252415442477215
32810199,124.7631,79853981,4252625458447245
32812829,124.7731,79853981,4252835474417275
32815459,124.7831,79853981,4253045490387305
32818089,124.7931,79853981,4253255506357335
32820719,124.8031,79853981,4253465522327365
32823349,124.8131,79853981,4253675538297395
32825979,124.8231,79853981,4253885554267425
32828609,124.8331,79853981,4254095570237455
32831239,124.8431,79853981,4254305586207485
32833869,124.8531,79853981,4254515602177515
32836499,124.8631,79853981,4254725618147545
32839129,124.8731,79853981,4254935634117575
32841759,124.8831,79853981,4255145650087605
32844389,124.8931,79853981,4255355666057635
32847019,124.9031,79853981,4255565682027665
32849649,124.9131,79853981,4255775697997695
32852279,124.9231,79853981,4255985713967725
32854909,124.9331,79853981,4256195729937755
32857539,124.9431,79853981,4256405745907785
32860169,124.9531,79853981,4256615761877815
32862799,124.9631,79853981,4256825777847845
32865429,124.9731,79853981,4257035793817875
32868059,124.9831,79853981,4257245809787905
32870689,124.9931,79853981,4257455825757935
32873319,125.0031,79853981,4257665841727965
32875949,125.0131,79853981,4257875857697995
32878579,125.0231,79853981,4258085873668025
32881209,125.0331,79853981,4258295889638055
32883839,125.0431,79853981,4258505905608085
32886469,125.0531,79853981,4258715921578115
32889099,125.0631,79853981,4258925937548145
32891729,125.0731,79853981,4259135953518175
32894359,125.0831,79853981,4259345969488205
32896989,125.0931,79853981,4259555985458235
32899619,125.1031,79853981,4259766001428265
32902249,125.1131,79853981,4259976017398295
32904879,125.1231,79853981,4260186033368325
32907509,125.1331,79853981,4260396049338355
32910139,125.1431,79853981,4260606065308385
32912769,125.1531,79853981,4260816081278415
32915399,125.1631,79853981,4261026097248445
32918029,125.1731,79853981,4261236113218475
32920659,125.1831,79853981,4261446129188505
32923289,125.1931,79853981,4261656145158535
32925919,125.2031,79853981,4261866161128565
32928549,125.2131,79853981,4262076177098595
32931179,125.2231,79853981,4262286193068625
32933809,125.2331,79853981,4262496209038655
32936439,125.2431,79853981,4262706225008685
32939069,125.2531,79853981,4262916240978715
32941699,125.2631,79853981,4263126256948745
32944329,125.2731,79853981,4263336272918775
32946959,125.2831,79853981,4263546288888805
32949589,125.2931,79853981,4263756304858835
32952219,125.3031,79853981,4263966320828865
32954849,125.3131,79853981,4264176336798895
32957479,125.3231,79853981,4264386352768925
32960109,125.3331,79853981,4264596368738955
32962739,125.3431,79853981,4264806384708985
32965369,125.3531,79853981,4265016400679015
32967999,125.3631,79853981,4265226416649045
32970629,125.3731,79853981,4265436432619075
32973259,125.3831,79853981,4265646448589105
32975889,125.3931,79853981,4265856464559135
32978519,125.4031,79853981,4266066480529165
32981149,125.4131,79853981,4266276496499195
32983779,125.4231,79853981,4266486512469225
32986409,125.4331,79853981,4266696528439255
32989039,125.4431,79853981,4266906544409285
32991669,125.4531,79853981,4267116560379315
32994299,125.4631,79853981,4267326576349345
32996929,125.4732,79853981,4267536592319375
32999559,125.4832,79853981,4267746608289405
33002189,125.4932,79853981,4267956624259435
33004819,125.5032,79853981,4268166640229465
33007449,125.5132,79853981,4268376656199495
33010079,125.5232,79853981,4268586672169525
33012709,125.5332,79853981,4268796688139555
33015339,125.5432,79853981,4269006704109585
33017969,125.5532,79853981,4269216720079615
33020599,125.5632,79853981,4269426736049645
33023229,125.5732,79853981,4269636752019675
33025859,125.5832,79853981,4269846767989705
33028489,125.5932,79853981,4270056783959735
33031119,125.6032,79853981,4270266799929765
33033749,125.6132,79853981,4270476815899795
33036379,125.6232,79853981,4270686831869825
33039009,125.6332,79853981,4270896847839855
33041639,125.6432,79853981,4271106863809885
33044269,125.6532,79853981,4271316879779915
33046899,125.6632,79853981,4271526895749945
33049529,125.6732,79853981,4271736911719975
33052159,125.6832,79853981,4271946927690005
33054789,125.6932,79853981,4272156943660035
33057419,125.7032,79853981,4272366959630065
33060049,125.7132,79853981,4272576975600095
33062679,125.7232,79853981,4272786991570125
33065309,125.7332,79853981,4272997007540155
33067939,125.7432,79853981,4273207023510185
33070569,125.7532,79853981,4273417039480215
33073199,125.7632,79853981,4273627055450245
33075829,125.7732,79853981,4273837071420275
33078459,125.7832,79853981,4274047087390305
33081089,125.7932,79853981,4274257103360335
33083719,125.8032,79853981,4274467119330365
33086349,125.8132,79853981,4274677135300395
33088979,125.8232,79853981,4274887151270425
33091609,125.8332,79853981,4275097167240455
33094239,125.8432,79853981,4275307183210485
33096869,125.8532,79853981,4275517199180515
33099499,125.8632,79853981,4275727215150545
33102129,125.8732,79853981,4275937231120575
33104759,125.8832,79853981,4276147247090605
33107389,125.8932,79853981,4276357263060635
33110019,125.9032,79853981,4276567279030665
33112649,125.9132,79853981,4276777295000695
33115279,125.9232,79853981,4276987310970725
33117909,125.9332,79853981,4277197326940755
33120539,125.9432,79853981,4277407342910785
33123169,125.9532,79853981,4277617358880815
33125799,125.9632,79853981,4277827374850845
33128429,125.9732,79853981,4278037390820875
33131059,125.9832,79853981,4278247406790905
33133689,125.9932,79853981,4278457422760935
33136319,126.0032,79853981,4278667438730965
33138949,126.0132,79853981,4278877454700995
33141579,126.0232,79853981,4279087470671025
33144209,126.0332,79853981,4279297486641055
33146839,126.0432,79853981,4279507502611085
33149469,126.0532,79853981,4279717518581115
33152099,126.0632,79853981,4279927534551145
33154729,126.0732,79853981,4280137550521175
33157359,126.0832,79853981,4280347566491205
33159989,126.0932,79853981,4280557582461235
33162619,126.1032,79853981,4280767598431265
33165249,126.1132,79853981,4280977614401295
33167879,126.1232,79853981,4281187630371325
33170509,126.1332,79853981,4281397646341355
33173139,126.1432,79853981,4281607662311385
33175769,126.1532,79853981,4281817678281415
33178399,126.1632,79853981,4282027694251445
33181029,126.1732,79853981,4282237710221475
33183659,126.1832,79853981,4282447726191505
33186289,126.1932,79853981,4282657742161535
33188919,126.2032,79853981,4282867758131565
33191549,126.2132,79853981,4283077774101595
33194179,126.2232,79853981,4283287790071625
33196809,126.2332,79853981,4283497806041655
33199439,126.2432,79853981,4283707822011685
33202069,126.2532,79853981,4283917837981715
33204699,126.2632,79853981,4284127853951745
33207329,126.2732,79853981,4284337869921775
33209959,126.2832,79853981,4284547885891805
33212589,126.2932,79853981,4284757901861835
33215219,126.3032,79853981,4284967917831865
33217849,126.3132,79853981,4285177933801895
33220479,126.3232,79853981,4285387949771925
33223109,126.3332,79853981,4285597965741955
33225739,126.3432,79853981,4285807981711985
33228369,126.3532,79853981,4286017997682015
33230999,126.3632,79853981,4286228013652045
33233629,126.3732,79853981,4286438029622075
33236259,126.3832,79853981,4286648045592105
33238889,126.3932,79853981,4286858061562135
33241519,126.4032,79853981,4287068077532165
33244149,126.4132,79853981,4287278093502195
33246779,126.4232,79853981,4287488109472225
33249409,126.4332,79853981,4287698125442255
33252039,126.4432,79853981,4287908141412285
33254669,126.4532,79853981,4288118157382315
33257299,126.4632,79853981,4288328173352345
33259929,126.4732,79853981,4288538189322375
33262559,126.4832,79853981,4288748205292405
33265189,126.4932,79853981,4288958221262435
33267819,126.5032,79853981,4289168237232465
33270449,126.5132,79853981,4289378253202495
33273079,126.5232,79853981,4289588269172525
33275709,126.5332,79853981,4289798285142555
33278339,126.5432,79853981,4290008301112585
33280969,126.5532,79853981,4290218317082615
33283599,126.5632,79853981,4290428333052645
33286229,126.5732,79853981,4290638349022675
33288859,126.5832,79853981,4290848364992705
33291489,126.5932,79853981,4291058380962735
33294119,126.6032,79853981,4291268396932765
33296749,126.6132,79853981,4291478412902795
33299379,126.6232,79853981,4291688428872825
33302009,126.6332,79853981,4291898444842855
33304639,126.6432,79853981,4292108460812885
33307269,126.6532,79853981,4292318476782915
33309899,126.6632,79853981,4292528492752945
33312529,126.6732,79853981,4292738508722975
33315159,126.6832,79853981,4292948524693005
33317789,126.6932,79853981,4293158540663035
33320419,126.7032,79853981,4293368556633065
33323049,126.7132,79853981,4293578572603095
33325679,126.7232,79853981,4293788588573125
33328309,126.7332,79853981,4293998604543155
33330939,126.7432,79853981,4294208620513185
33333569,126.7532,79853981,4294418636483215
33336199,126.7632,79853981,4294628652453245
33338829,126.7732,79853981,4294838668423275
33341459,126.7832,79853981,4295048684393305
33344089,126.7933,79853981,4295258700363335
33346719,126.8033,79853981,4295468716333365
33349349,126.8133,79853981,4295678732303395
33351979,126.8233,79853981,4295888748273425
33354609,126.8333,79853981,4296098764243455
33357239,126.8433,79853981,4296308780213485
33359869,126.8533,79853981,4296518796183515
33362499,126.8633,79853981,4296728812153545
33365129,126.8733,79853981,4296938828123575
33367759,126.8833,79853981,4297148844093605
33370389,126.8933,79853981,4297358860063635
33373019,126.9033,79853981,4297568876033665
33375649,126.9133,79853981,4297778892003695
33378279,126.9233,79853981,4297988907973725
33380909,126.9333,79853981,4298198923943755
33383539,126.9433,79853981,4298408939913785
33386169,126.9533,79853981,4298618955883815
33388799,126.9633,79853981,4298828971853845
33391429,126.9733,79853981,4299038987823875
33394059,126.9833,79853981,4299249003793905
33396689,126.9933,79853981,4299459019763935
33399319,127.0033,79853981,4299669035733965
33401949,127.0133,79853981,4299879051703995
33404579,127.0233,79853981,4300089067674025
33407209,127.0333,79853981,4300299083644055
33409839,127.0433,79853981,4300509099614085
33412469,127.0533,79853981,4300719115584115
33415099,127.0633,79853981,4300929131554145
33417729,127.0733,79853981,4301139147524175
33420359,127.0833,79853981,4301349163494205
33422989,127.0933,79853981,4301559179464235
33425619,127.1033,79853981,4301769195434265
33428249,127.1133,79853981,4301979211404295
33430879,127.1233,79853981,4302189227374325
33433509,127.1333,79853981,4302399243344355
33436139,127.1433,79853981,4302609259314385
33438769,127.1533,79853981,4302819275284415
33441399,127.1633,79853981,4303029291254445
33444029,127.1733,79853981,4303239307224475
33446659,127.1833,79853981,4303449323194505
33449289,127.1933,79853981,4303659339164535
33451919,127.2033,79853981,4303869355134565
33454549,127.2133,79853981,4304079371104595
33457179,127.2233,79853981,4304289387074625
33459809,127.2333,79853981,4304499403044655
33462439,127.2433,79853981,4304709419014685
33465069,127.2533,79853981,4304919434984715
33467699,127.2633,79853981,4305129450954745
33470329,127.2733,79853981,4305339466924775
33472959,127.2833,79853981,4305549482894805
33475589,127.2933,79853981,4305759498864835
33478219,127.3033,79853981,4305969514834865
33480849,127.3133,79853981,4306179530804895
33483479,127.3233,79853981,4306389546774925
33486109,127.3333,79853981,4306599562744955
33488739,127.3433,79853981,4306809578714985
33491369,127.3533,79853981,4307019594685015
33493999,127.3633,79853981,4307229610655045
33496629,127.3733,79853981,4307439626625075
33499259,127.3833,79853981,4307649642595105
33501889,127.3933,79853981,4307859658565135
33504519,127.4033,79853981,4308069674535165
33507149,127.4133,79853981,4308279690505195
33509779,127.4233,79853981,4308489706475225
33512409,127.4333,79853981,4308699722445255
33515039,127.4433,79853981,4308909738415285
33517669,127.4533,79853981,4309119754385315
33520299,127.4633,79853981,4309329770355345
33522929,127.4733,79853981,4309539786325375
33525559,127.4833,79853981,4309749802295405
33528189,127.4933,79853981,4309959818265435
33530819,127.5033,79853981,4310169834235465
33533449,127.5133,79853981,4310379850205495
33536079,127.5233,79853981,4310589866175525
33538709,127.5333,79853981,4310799882145555
33541339,127.5433,79853981,4311009898115585
33543969,127.5533,79853981,4311219914085615
33546599,127.5633,79853981,4311429930055645
33549229,127.5733,79853981,4311639946025675
33551859,127.5833,79853981,4311849961995705
33554489,127.5933,79853981,4312059977965735
33557119,127.6033,79853981,4312269993935765
33559749,127.6133,79853981,4312480009905795
33562379,127.6233,79853981,4312690025875825
33565009,127.6333,79853981,4312900041845855
33567639,127.6433,79853981,4313110057815885
33570269,127.6533,79853981,4313320073785915
33572899,127.6633,79853981,4313530089755945
33575529,127.6733,79853981,4313740105725975
33578159,127.6833,79853981,4313950121696005
33580789,127.6933,79853981,4314160137666035
33583419,127.7033,79853981,4314370153636065
33586049,127.7133,79853981,4314580169606095
33588679,127.7233,79853981,4314790185576125
33591309,127.7333,79853981,4315000201546155
33593939,127.7433,79853981,4315210217516185
33596569,127.7533,79853981,4315420233486215
33599199,127.7633,79853981,4315630249456245
33601829,127.7733,79853981,4315840265426275
33604459,127.7833,79853981,4316050281396305
33607089,127.7933,79853981,4316260297366335
33609719,127.8033,79853981,4316470313336365
33612349,127.8133,79853981,4316680329306395
33614979,127.8233,79853981,4316890345276425
33617609,127.8333,79853981,4317100361246455
33620239,127.8433,79853981,4317310377216485
33622869,127.8533,79853981,4317520393186515
33625499,127.8633,79853981,4317730409156545
33628129,127.8733,79853981,4317940425126575
33630759,127.8833,79853981,4318150441096605
33633389,127.8933,79853981,4318360457066635
33636019,127.9033,79853981,4318570473036665
33638649,127.9133,79853981,4318780489006695
33641279,127.9233,79853981,4318990504976725
33643909,127.9333,79853981,4319200520946755
33646539,127.9433,79853981,4319410536916785
33649169,127.9533,79853981,4319620552886815
33651799,127.9633,79853981,4319830568856845
33654429,127.9733,79853981,4320040584826875
33657059,127.9833,79853981,4320250600796905
33659689,127.9933,79853981,4320460616766935
33662319,128.0033,79853981,4320670632736965
33664949,128.0133,79853981,4320880648706995
33667579,128.0233,79853981,4321090664677025
33670209,128.0333,79853981,4321300680647055
33672839,128.0433,79853981,4321510696617085
33675469,128.0533,79853981,4321720712587115
33678099,128.0633,79853981,4321930728557145
33680729,128.0733,79853981,4322140744527175
33683359,128.0833,79853981,4322350760497205
33685989,128.0933,79853981,4322560776467235
33688619,128.1034,79853981,4322770792437265
33691249,128.1134,79853981,4322980808407295
33693879,128.1234,79853981,4323190824377325
33696509,128.1334,79853981,4323400840347355
33699139,128.1434,79853981,4323610856317385
33701769,128.1534,79853981,4323820872287415
33704399,128.1634,79853981,4324030888257445
33707029,128.1734,79853981,4324240904227475
33709659,128.1834,79853981,4324450920197505
33712289,128.1934,79853981,4324660936167535
33714919,128.2034,79853981,4324870952137565
33717549,128.2134,79853981,4325080968107595
33720179,128.2234,79853981,4325290984077625
33722809,128.2334,79853981,4325501000047655
33725439,128.2434,79853981,4325711016017685
33728069,128.2534,79853981,4325921031987715
33730699,128.2634,79853981,4326131047957745
33733329,128.2734,79853981,4326341063927775
33735959,128.2834,79853981,4326551079897805
33738589,128.2934,79853981,4326761095867835
33741219,128.3034,79853981,4326971111837865
33743849,128.3134,79853981,4327181127807895
33746479,128.3234,79853981,4327391143777925
33749109,128.3334,79853981,4327601159747955
33751739,128.3434,79853981,4327811175717985
33754369,128.3534,79853981,4328021191688015
33756999,128.3634,79853981,4328231207658045
33759629,128.3734,79853981,4328441223628075
33762259,128.3834,79853981,4328651239598105
33764889,128.3934,79853981,4328861255568135
33767519,128.4034,79853981,4329071271538165
33770149,128.4134,79853981,4329281287508195
33772779,128.4234,79853981,4329491303478225
33775409,128.4334,79853981,4329701319448255
33778039,128.4434,79853981,4329911335418285
33780669,128.4534,79853981,4330121351388315
33783299,128.4634,79853981,4330331367358345
33785929,128.4734,79853981,4330541383328375
33788559,128.4834,79853981,4330751399298405
33791189,128.4934,79853981,4330961415268435
33793819,128.5034,79853981,4331171431238465
33796449,128.5134,79853981,4331381447208495
33799079,128.5234,79853981,4331591463178525
33801709,128.5334,79853981,4331801479148555
33804339,128.5434,79853981,4332011495118585
33806969,128.5534,79853981,4332221511088615
33809599,128.5634,79853981,4332431527058645
33812229,128.5734,79853981,4332641543028675
33814859,128.5834,79853981,4332851558998705
33817489,128.5934,79853981,4333061574968735
33820119,128.6034,79853981,4333271590938765
33822749,128.6134,79853981,4333481606908795
33825379,128.6234,79853981,4333691622878825
33828009,128.6334,79853981,4333901638848855
33830639,128.6434,79853981,4334111654818885
33833269,128.6534,79853981,4334321670788915
33835899,128.6634,79853981,4334531686758945
33838529,128.6734,79853981,4334741702728975
33841159,128.6834,79853981,4334951718699005
33843789,128.6934,79853981,4335161734669035
33846419,128.7034,79853981,4335371750639065
33849049,128.7134,79853981,4335581766609095
33851679,128.7234,79853981,4335791782579125
33854309,128.7334,79853981,4336001798549155
33856939,128.7434,79853981,4336211814519185
33859569,128.7534,79853981,4336421830489215
33862199,128.7634,79853981,4336631846459245
33864829,128.7734,79853981,4336841862429275
33867459,128.7834,79853981,4337051878399305
33870089,128.7934,79853981,4337261894369335
33872719,128.8034,79853981,4337471910339365
33875349,128.8134,79853981,4337681926309395
33877979,128.8234,79853981,4337891942279425
33880609,128.8334,79853981,4338101958249455
33883239,128.8434,79853981,4338311974219485
33885869,128.8534,79853981,4338521990189515
33888499,128.8634,79853981,4338732006159545
33891129,128.8734,79853981,4338942022129575
33893759,128.8834,79853981,4339152038099605
33896389,128.8934,79853981,4339362054069635
33899019,128.9034,79853981,4339572070039665
33901649,128.9134,79853981,4339782086009695
33904279,128.9234,79853981,4339992101979725
33906909,128.9334,79853981,4340202117949755
33909539,128.9434,79853981,4340412133919785
33912169,128.9534,79853981,4340622149889815
33914799,128.9634,79853981,4340832165859845
33917429,128.9734,79853981,4341042181829875
33920059,128.9834,79853981,4341252197799905
33922689,128.9934,79853981,4341462213769935
33925319,129.0034,79853981,4341672229739965
33927949,129.0134,79853981,4341882245709995
33930579,129.0234,79853981,4342092261680025
33933209,129.0334,79853981,4342302277650055
33935839,129.0434,79853981,4342512293620085
33938469,129.0534,79853981,4342722309590115
33941099,129.0634,79853981,4342932325560145
33943729,129.0734,79853981,4343142341530175
33946359,129.0834,79853981,4343352357500205
33948989,129.0934,79853981,4343562373470235
33951619,129.1034,79853981,4343772389440265
33954249,129.1134,79853981,4343982405410295
33956879,129.1234,79853981,4344192421380325
33959509,129.1334,79853981,4344402437350355
33962139,129.1434,79853981,4344612453320385
33964769,129.1534,79853981,4344822469290415
33967399,129.1634,79853981,4345032485260445
33970029,129.1734,79853981,4345242501230475
33972659,129.1834,79853981,4345452517200505
33975289,129.1934,79853981,4345662533170535
33977919,129.2034,79853981,4345872549140565
33980549,129.2134,79853981,4346082565110595
33983179,129.2234,79853981,4346292581080625
33985809,129.2334,79853981,4346502597050655
33988439,129.2434,79853981,4346712613020685
33991069,129.2534,79853981,4346922628990715
33993699,129.2634,79853981,4347132644960745
33996329,129.2734,79853981,4347342660930775
33998959,129.2834,79853981,4347552676900805
34001589,129.2934,79853981,4347762692870835
34004219,129.3034,79853981,4347972708840865
34006849,129.3134,79853981,4348182724810895
34009479,129.3234,79853981,4348392740780925
34012109,129.3334,79853981,4348602756750955
34014739,129.3434,79853981,4348812772720985
34017369,129.3534,79853981,4349022788691015
34019999,129.3634,79853981,4349232804661045
34022629,129.3734,79853981,4349442820631075
34025259,129.3834,79853981,4349652836601105
34027889,129.3934,79853981,4349862852571135
34030519,129.4034,79853981,4350072868541165
34033149,129.4134,79853981,4350282884511195
34035779,129.4235,79853981,4350492900481225
34038409,129.4335,79853981,4350702916451255
34041039,129.4435,79853981,4350912932421285
34043669,129.4535,79853981,4351122948391315
34046299,129.4635,79853981,4351332964361345
34048929,129.4735,79853981,4351542980331375
34051559,129.4835,79853981,4351752996301405
34054189,129.4935,79853981,4351963012271435
34056819,129.5035,79853981,4352173028241465
34059449,129.5135,79853981,4352383044211495
34062079,129.5235,79853981,4352593060181525
34064709,129.5335,79853981,4352803076151555
34067339,129.5435,79853981,4353013092121585
34069969,129.5535,79853981,4353223108091615
34072599,129.5635,79853981,4353433124061645
34075229,129.5735,79853981,4353643140031675
34077859,129.5835,79853981,4353853156001705
34080489,129.5935,79853981,4354063171971735
34083119,129.6035,79853981,4354273187941765
34085749,129.6135,79853981,4354483203911795
34088379,129.6235,79853981,4354693219881825
34091009,129.6335,79853981,4354903235851855
34093639,129.6435,79853981,4355113251821885
34096269,129.6535,79853981,4355323267791915
34098899,129.6635,79853981,4355533283761945
34101529,129.6735,79853981,4355743299731975
34104159,129.6835,79853981,4355953315702005
34106789,129.6935,79853981,4356163331672035
34109419,129.7035,79853981,4356373347642065
34112049,129.7135,79853981,4356583363612095
34114679,129.7235,79853981,4356793379582125
34117309,129.7335,79853981,4357003395552155
34119939,129.7435,79853981,4357213411522185
34122569,129.7535,79853981,4357423427492215
34125199,129.7635,79853981,4357633443462245
34127829,129.7735,79853981,4357843459432275
34130459,129.7835,79853981,4358053475402305
34133089,129.7935,79853981,4358263491372335
34135719,129.8035,79853981,4358473507342365
34138349,129.8135,79853981,4358683523312395
34140979,129.8235,79853981,4358893539282425
34143609,129.8335,79853981,4359103555252455
34146239,129.8435,79853981,4359313571222485
34148869,129.8535,79853981,4359523587192515
34151499,129.8635,79853981,4359733603162545
34154129,129.8735,79853981,4359943619132575
34156759,129.8835,79853981,4360153635102605
34159389,129.8935,79853981,4360363651072635
34162019,129.9035,79853981,4360573667042665
34164649,129.9135,79853981,4360783683012695
34167279,129.9235,79853981,4360993698982725
34169909,129.9335,79853981,4361203714952755
34172539,129.9435,79853981,4361413730922785
34175169,129.9535,79853981,4361623746892815
34177799,129.9635,79853981,4361833762862845
34180429,129.9735,79853981,4362043778832875
34183059,129.9835,79853981,4362253794802905
34185689,129.9935,79853981,4362463810772935
34188319,130.0035,79853981,4362673826742965
34190949,130.0135,79853981,4362883842712995
34193579,130.0235,79853981,4363093858683025
34196209,130.0335,79853981,4363303874653055
34198839,130.0435,79853981,4363513890623085
34201469,130.0535,79853981,4363723906593115
34204099,130.0635,79853981,4363933922563145
34206729,130.0735,79853981,4364143938533175
34209359,130.0835,79853981,4364353954503205
34211989,130.0935,79853981,4364563970473235
34214619,130.1035,79853981,4364773986443265
34217249,130.1135,79853981,4364984002413295
34219879,130.1235,79853981,4365194018383325
34222509,130.1335,79853981,4365404034353355
34225139,130.1435,79853981,4365614050323385
34227769,130.1535,79853981,4365824066293415
34230399,130.1635,79853981,4366034082263445
34233029,130.1735,79853981,4366244098233475
34235659,130.1835,79853981,4366454114203505
34238289,130.1935,79853981,4366664130173535
34240919,130.2035,79853981,4366874146143565
34243549,130.2135,79853981,4367084162113595
34246179,130.2235,79853981,4367294178083625
34248809,130.2335,79853981,4367504194053655
34251439,130.2435,79853981,4367714210023685
34254069,130.2535,79853981,4367924225993715
34256699,130.2635,79853981,4368134241963745
34259329,130.2735,79853981,4368344257933775
34261959,130.2835,79853981,4368554273903805
34264589,130.2935,79853981,4368764289873835
34267219,130.3035,79853981,4368974305843865
34269849,130.3135,79853981,4369184321813895
34272479,130.3235,79853981,4369394337783925
34275109,130.3335,79853981,4369604353753955
34277739,130.3435,79853981,4369814369723985
34280369,130.3535,79853981,4370024385694015
34282999,130.3635,79853981,4370234401664045
34285629,130.3735,79853981,4370444417634075
34288259,130.3835,79853981,4370654433604105
34290889,130.3935,79853981,4370864449574135
34293519,130.4035,79853981,4371074465544165
34296149,130.4135,79853981,4371284481514195
34298779,130.4235,79853981,4371494497484225
34301409,130.4335,79853981,4371704513454255
34304039,130.4435,79853981,4371914529424285
34306669,130.4535,79853981,4372124545394315
34309299,130.4635,79853981,4372334561364345
34311929,130.4735,79853981,4372544577334375
34314559,130.4835,79853981,4372754593304405
34317189,130.4935,79853981,4372964609274435
34319819,130.5035,79853981,4373174625244465
34322449,130.5135,79853981,4373384641214495
34325079,130.5235,79853981,4373594657184525
34327709,130.5335,79853981,4373804673154555
34330339,130.5435,79853981,4374014689124585
34332969,130.5535,79853981,4374224705094615
34335599,130.5635,79853981,4374434721064645
34338229,130.5735,79853981,4374644737034675
34340859,130.5835,79853981,4374854753004705
34343489,130.5935,79853981,4375064768974735
34346119,130.6035,79853981,4375274784944765
34348749,130.6135,79853981,4375484800914795
34351379,130.6235,79853981,4375694816884825
34354009,130.6335,79853981,4375904832854855
34356639,130.6435,79853981,4376114848824885
34359269,130.6535,79853981,4376324864794915
34361899,130.6635,79853981,4376534880764945
34364529,130.6735,79853981,4376744896734975
34367159,130.6835,79853981,4376954912705005
34369789,130.6935,79853981,4377164928675035
34372419,130.7035,79853981,4377374944645065
34375049,130.7135,79853981,4377584960615095
34377679,130.7235,79853981,4377794976585125
34380309,130.7336,79853981,4378004992555155
34382939,130.7436,79853981,4378215008525185
34385569,130.7536,79853981,4378425024495215
34388199,130.7636,79853981,4378635040465245
34390829,130.7736,79853981,4378845056435275
34393459,130.7836,79853981,4379055072405305
34396089,130.7936,79853981,4379265088375335
34398719,130.8036,79853981,4379475104345365
34401349,130.8136,79853981,4379685120315395
34403979,130.8236,79853981,4379895136285425
34406609,130.8336,79853981,4380105152255455
34409239,130.8436,79853981,4380315168225485
34411869,130.8536,79853981,4380525184195515
34414499,130.8636,79853981,4380735200165545
34417129,130.8736,79853981,4380945216135575
34419759,130.8836,79853981,4381155232105605
34422389,130.8936,79853981,4381365248075635
34425019,130.9036,79853981,4381575264045665
34427649,130.9136,79853981,4381785280015695
34430279,130.9236,79853981,4381995295985725
34432909,130.9336,79853981,4382205311955755
34435539,130.9436,79853981,4382415327925785
34438169,130.9536,79853981,4382625343895815
34440799,130.9636,79853981,4382835359865845
34443429,130.9736,79853981,4383045375835875
34446059,130.9836,79853981,4383255391805905
34448689,130.9936,79853981,4383465407775935
34451319,131.0036,79853981,4383675423745965
34453949,131.0136,79853981,4383885439715995
34456579,131.0236,79853981,4384095455686025
34459209,131.0336,79853981,4384305471656055
34461839,131.0436,79853981,4384515487626085
34464469,131.0536,79853981,4384725503596115
34467099,131.0636,79853981,4384935519566145
34469729,131.0736,79853981,4385145535536175
34472359,131.0836,79853981,4385355551506205
34474989,131.0936,79853981,4385565567476235
34477619,131.1036,79853981,4385775583446265
34480249,131.1136,79853981,4385985599416295
34482879,131.1236,79853981,4386195615386325
34485509,131.1336,79853981,4386405631356355
34488139,131.1436,79853981,4386615647326385
34490769,131.1536,79853981,4386825663296415
34493399,131.1636,79853981,4387035679266445
34496029,131.1736,79853981,4387245695236475
34498659,131.1836,79853981,4387455711206505
34501289,131.1936,79853981,4387665727176535
34503919,131.2036,79853981,4387875743146565
34506549,131.2136,79853981,4388085759116595
34509179,131.2236,79853981,4388295775086625
34511809,131.2336,79853981,4388505791056655
34514439,131.2436,79853981,4388715807026685
34517069,131.2536,79853981,4388925822996715
34519699,131.2636,79853981,4389135838966745
34522329,131.2736,79853981,4389345854936775
34524959,131.2836,79853981,4389555870906805
34527589,131.2936,79853981,4389765886876835
34530219,131.3036,79853981,4389975902846865
34532849,131.3136,79853981,4390185918816895
34535479,131.3236,79853981,4390395934786925
34538109,131.3336,79853981,4390605950756955
34540739,131.3436,79853981,4390815966726985
34543369,131.3536,79853981,4391025982697015
34545999,131.3636,79853981,4391235998667045
34548629,131.3736,79853981,4391446014637075
34551259,131.3836,79853981,4391656030607105
34553889,131.3936,79853981,4391866046577135
34556519,131.4036,79853981,4392076062547165
34559149,131.4136,79853981,4392286078517195
34561779,131.4236,79853981,4392496094487225
34564409,131.4336,79853981,4392706110457255
34567039,131.4436,79853981,4392916126427285
34569669,131.4536,79853981,4393126142397315
34572299,131.4636,79853981,4393336158367345
34574929,131.4736,79853981,4393546174337375
34577559,131.4836,79853981,4393756190307405
34580189,131.4936,79853981,4393966206277435
34582819,131.5036,79853981,4394176222247465
34585449,131.5136,79853981,4394386238217495
34588079,131.5236,79853981,4394596254187525
34590709,131.5336,79853981,4394806270157555
34593339,131.5436,79853981,4395016286127585
34595969,131.5536,79853981,4395226302097615
34598599,131.5636,79853981,4395436318067645
34601229,131.5736,79853981,4395646334037675
34603859,131.5836,79853981,4395856350007705
34606489,131.5936,79853981,4396066365977735
34609119,131.6036,79853981,4396276381947765
34611749,131.6136,79853981,4396486397917795
34614379,131.6236,79853981,4396696413887825
34617009,131.6336,79853981,4396906429857855
34619639,131.6436,79853981,4397116445827885
34622269,131.6536,79853981,4397326461797915
34624899,131.6636,79853981,4397536477767945
34627529,131.6736,79853981,4397746493737975
34630159,131.6836,79853981,4397956509708005
34632789,131.6936,79853981,4398166525678035
34635419,131.7036,79853981,4398376541648065
34638049,131.7136,79853981,4398586557618095
34640679,131.7236,79853981,4398796573588125
34643309,131.7336,79853981,4399006589558155
34645939,131.7436,79853981,4399216605528185
34648569,131.7536,79853981,4399426621498215
34651199,131.7636,79853981,4399636637468245
34653829,131.7736,79853981,4399846653438275
34656459,131.7836,79853981,4400056669408305
34659089,131.7936,79853981,4400266685378335
34661719,131.8036,79853981,4400476701348365
34664349,131.8136,79853981,4400686717318395
34666979,131.8236,79853981,4400896733288425
34669609,131.8336,79853981,4401106749258455
34672239,131.8436,79853981,4401316765228485
34674869,131.8536,79853981,4401526781198515
34677499,131.8636,79853981,4401736797168545
34680129,131.8736,79853981,4401946813138575
34682759,131.8836,79853981,4402156829108605
34685389,131.8936,79853981,4402366845078635
34688019,131.9036,79853981,4402576861048665
34690649,131.9136,79853981,4402786877018695
34693279,131.9236,79853981,4402996892988725
34695909,131.9336,79853981,4403206908958755
34698539,131.9436,79853981,4403416924928785
34701169,131.9536,79853981,4403626940898815
34703799,131.9636,79853981,4403836956868845
34706429,131.9736,79853981,4404046972838875
34709059,131.9836,79853981,4404256988808905
34711689,131.9936,79853981,4404467004778935
34714319,132.0036,79853981,4404677020748965
34716949,132.0136,79853981,4404887036718995
34719579,132.0236,79853981,4405097052689025
34722209,132.0336,79853981,4405307068659055
34724839,132.0436,79853981,4405517084629085
34727469,132.0537,79853981,4405727100599115
34730099,132.0637,79853981,4405937116569145
34732729,132.0737,79853981,4406147132539175
34735359,132.0837,79853981,4406357148509205
34737989,132.0937,79853981,4406567164479235
34740619,132.1037,79853981,4406777180449265
34743249,132.1137,79853981,4406987196419295
34745879,132.1237,79853981,4407197212389325
34748509,132.1337,79853981,4407407228359355
34751139,132.1437,79853981,4407617244329385
34753769,132.1537,79853981,4407827260299415
34756399,132.1637,79853981,4408037276269445
34759029,132.1737,79853981,4408247292239475
34761659,132.1837,79853981,4408457308209505
34764289,132.1937,79853981,4408667324179535
34766919,132.2037,79853981,4408877340149565
34769549,132.2137,79853981,4409087356119595
34772179,132.2237,79853981,4409297372089625
34774809,132.2337,79853981,4409507388059655
34777439,132.2437,79853981,4409717404029685
34780069,132.2537,79853981,4409927419999715
34782699,132.2637,79853981,4410137435969745
34785329,132.2737,79853981,4410347451939775
34787959,132.2837,79853981,4410557467909805
34790589,132.2937,79853981,4410767483879835
34793219,132.3037,79853981,4410977499849865
34795849,132.3137,79853981,4411187515819895
34798479,132.3237,79853981,4411397531789925
34801109,132.3337,79853981,4411607547759955
34803739,132.3437,79853981,4411817563729985
34806369,132.3537,79853981,4412027579700015
34808999,132.3637,79853981,4412237595670045
34811629,132.3737,79853981,4412447611640075
34814259,132.3837,79853981,4412657627610105
34816889,132.3937,79853981,4412867643580135
34819519,132.4037,79853981,4413077659550165
34822149,132.4137,79853981,4413287675520195
34824779,132.4237,79853981,4413497691490225
34827409,132.4337,79853981,4413707707460255
34830039,132.4437,79853981,4413917723430285
34832669,132.4537,79853981,4414127739400315
34835299,132.4637,79853981,4414337755370345
34837929,132.4737,79853981,4414547771340375
34840559,132.4837,79853981,4414757787310405
34843189,132.4937,79853981,4414967803280435
34845819,132.5037,79853981,4415177819250465
34848449,132.5137,79853981,4415387835220495
34851079,132.5237,79853981,4415597851190525
34853709,132.5337,79853981,4415807867160555
34856339,132.5437,79853981,4416017883130585
34858969,132.5537,79853981,4416227899100615
34861599,132.5637,79853981,4416437915070645
34864229,132.5737,79853981,4416647931040675
34866859,132.5837,79853981,4416857947010705
34869489,132.5937,79853981,4417067962980735
34872119,132.6037,79853981,4417277978950765
34874749,132.6137,79853981,4417487994920795
34877379,132.6237,79853981,4417698010890825
34880009,132.6337,79853981,4417908026860855
34882639,132.6437,79853981,4418118042830885
34885269,132.6537,79853981,4418328058800915
34887899,132.6637,79853981,4418538074770945
34890529,132.6737,79853981,4418748090740975
34893159,132.6837,79853981,4418958106711005
34895789,132.6937,79853981,4419168122681035
34898419,132.7037,79853981,4419378138651065
34901049,132.7137,79853981,4419588154621095
34903679,132.7237,79853981,4419798170591125
34906309,132.7337,79853981,4420008186561155
34908939,132.7437,79853981,4420218202531185
34911569,132.7537,79853981,4420428218501215
34914199,132.7637,79853981,4420638234471245
34916829,132.7737,79853981,4420848250441275
34919459,132.7837,79853981,4421058266411305
34922089,132.7937,79853981,4421268282381335
34924719,132.8037,79853981,4421478298351365
34927349,132.8137,79853981,4421688314321395
34929979,132.8237,79853981,4421898330291425
34932609,132.8337,79853981,4422108346261455
34935239,132.8437,79853981,4422318362231485
34937869,132.8537,79853981,4422528378201515
34940499,132.8637,79853981,4422738394171545
34943129,132.8737,79853981,4422948410141575
34945759,132.8837,79853981,4423158426111605
34948389,132.8937,79853981,4423368442081635
34951019,132.9037,79853981,4423578458051665
34953649,132.9137,79853981,4423788474021695
34956279,132.9237,79853981,4423998489991725
34958909,132.9337,79853981,4424208505961755
34961539,132.9437,79853981,4424418521931785
34964169,132.9537,79853981,4424628537901815
34966799,132.9637,79853981,4424838553871845
34969429,132.9737,79853981,4425048569841875
34972059,132.9837,79853981,4425258585811905
34974689,132.9937,79853981,4425468601781935
34977319,133.0037,79853981,4425678617751965
34979949,133.0137,79853981,4425888633721995
34982579,133.0237,79853981,4426098649692025
34985209,133.0337,79853981,4426308665662055
34987839,133.0437,79853981,4426518681632085
34990469,133.0537,79853981,4426728697602115
34993099,133.0637,79853981,4426938713572145
34995729,133.0737,79853981,4427148729542175
34998359,133.0837,79853981,4427358745512205
35000989,133.0937,79853981,4427568761482235
35003619,133.1037,79853981,4427778777452265
35006249,133.1137,79853981,4427988793422295
35008879,133.1237,79853981,4428198809392325
35011509,133.1337,79853981,4428408825362355
35014139,133.1437,79853981,4428618841332385
35016769,133.1537,79853981,4428828857302415
35019399,133.1637,79853981,4429038873272445
35022029,133.1737,79853981,4429248889242475
35024659,133.1837,79853981,4429458905212505
35027289,133.1937,79853981,4429668921182535
35029919,133.2037,79853981,4429878937152565
35032549,133.2137,79853981,4430088953122595
35035179,133.2237,79853981,4430298969092625
35037809,133.2337,79853981,4430508985062655
35040439,133.2437,79853981,4430719001032685
35043069,133.2537,79853981,4430929017002715
35045699,133.2637,79853981,4431139032972745
35048329,133.2737,79853981,4431349048942775
35050959,133.2837,79853981,4431559064912805
35053589,133.2937,79853981,4431769080882835
35056219,133.3037,79853981,4431979096852865
35058849,133.3137,79853981,4432189112822895
35061479,133.3237,79853981,4432399128792925
35064109,133.3337,79853981,4432609144762955
35066739,133.3437,79853981,4432819160732985
35069369,133.3537,79853981,4433029176703015
35071999,133.3638,79853981,4433239192673045
35074629,133.3738,79853981,4433449208643075
35077259,133.3838,79853981,4433659224613105
35079889,133.3938,79853981,4433869240583135
35082519,133.4038,79853981,4434079256553165
35085149,133.4138,79853981,4434289272523195
35087779,133.4238,79853981,4434499288493225
35090409,133.4338,79853981,4434709304463255
35093039,133.4438,79853981,4434919320433285
35095669,133.4538,79853981,4435129336403315
35098299,133.4638,79853981,4435339352373345
35100929,133.4738,79853981,4435549368343375
35103559,133.4838,79853981,4435759384313405
35106189,133.4938,79853981,4435969400283435
35108819,133.5038,79853981,4436179416253465
35111449,133.5138,79853981,4436389432223495
35114079,133.5238,79853981,4436599448193525
35116709,133.5338,79853981,4436809464163555
35119339,133.5438,79853981,4437019480133585
35121969,133.5538,79853981,4437229496103615
35124599,133.5638,79853981,4437439512073645
35127229,133.5738,79853981,4437649528043675
35129859,133.5838,79853981,4437859544013705
35132489,133.5938,79853981,4438069559983735
35135119,133.6038,79853981,4438279575953765
35137749,133.6138,79853981,4438489591923795
35140379,133.6238,79853981,4438699607893825
35143009,133.6338,79853981,4438909623863855
35145639,133.6438,79853981,4439119639833885
35148269,133.6538,79853981,4439329655803915
35150899,133.6638,79853981,4439539671773945
35153529,133.6738,79853981,4439749687743975
35156159,133.6838,79853981,4439959703714005
35158789,133.6938,79853981,4440169719684035
35161419,133.7038,79853981,4440379735654065
35164049,133.7138,79853981,4440589751624095
35166679,133.7238,79853981,4440799767594125
35169309,133.7338,79853981,4441009783564155
35171939,133.7438,79853981,4441219799534185
35174569,133.7538,79853981,4441429815504215
35177199,133.7638,79853981,4441639831474245
35179829,133.7738,79853981,4441849847444275
35182459,133.7838,79853981,4442059863414305
35185089,133.7938,79853981,4442269879384335
35187719,133.8038,79853981,4442479895354365
35190349,133.8138,79853981,4442689911324395
35192979,133.8238,79853981,4442899927294425
35195609,133.8338,79853981,4443109943264455
35198239,133.8438,79853981,4443319959234485
35200869,133.8538,79853981,4443529975204515
35203499,133.8638,79853981,4443739991174545
35206129,133.8738,79853981,4443950007144575
35208759,133.8838,79853981,4444160023114605
35211389,133.8938,79853981,4444370039084635
35214019,133.9038,79853981,4444580055054665
35216649,133.9138,79853981,4444790071024695
35219279,133.9238,79853981,4445000086994725
35221909,133.9338,79853981,4445210102964755
35224539,133.9438,79853981,4445420118934785
35227169,133.9538,79853981,4445630134904815
35229799,133.9638,79853981,4445840150874845
35232429,133.9738,79853981,4446050166844875
35235059,133.9838,79853981,4446260182814905
35237689,133.9938,79853981,4446470198784935
35240319,134.0038,79853981,4446680214754965
35242949,134.0138,79853981,4446890230724995
35245579,134.0238,79853981,4447100246695025
35248209,134.0338,79853981,4447310262665055
35250839,134.0438,79853981,4447520278635085
35253469,134.0538,79853981,4447730294605115
35256099,134.0638,79853981,4447940310575145
35258729,134.0738,79853981,4448150326545175
35261359,134.0838,79853981,4448360342515205
35263989,134.0938,79853981,4448570358485235
35266619,134.1038,79853981,4448780374455265
35269249,134.1138,79853981,4448990390425295
35271879,134.1238,79853981,4449200406395325
35274509,134.1338,79853981,4449410422365355
35277139,134.1438,79853981,4449620438335385
35279769,134.1538,79853981,4449830454305415
35282399,134.1638,79853981,4450040470275445
35285029,134.1738,79853981,4450250486245475
35287659,134.1838,79853981,4450460502215505
35290289,134.1938,79853981,4450670518185535
35292919,134.2038,79853981,4450880534155565
35295549,134.2138,79853981,4451090550125595
35298179,134.2238,79853981,4451300566095625
35300809,134.2338,79853981,4451510582065655
35303439,134.2438,79853981,4451720598035685
35306069,134.2538,79853981,4451930614005715
35308699,134.2638,79853981,4452140629975745
35311329,134.2738,79853981,4452350645945775
35313959,134.2838,79853981,4452560661915805
35316589,134.2938,79853981,4452770677885835
35319219,134.3038,79853981,4452980693855865
35321849,134.3138,79853981,4453190709825895
35324479,134.3238,79853981,4453400725795925
35327109,134.3338,79853981,4453610741765955
35329739,134.3438,79853981,4453820757735985
35332369,134.3538,79853981,4454030773706015
35334999,134.3638,79853981,4454240789676045
35337629,134.3738,79853981,4454450805646075
35340259,134.3838,79853981,4454660821616105
35342889,134.3938,79853981,4454870837586135
35345519,134.4038,79853981,4455080853556165
35348149,134.4138,79853981,4455290869526195
35350779,134.4238,79853981,4455500885496225
35353409,134.4338,79853981,4455710901466255
35356039,134.4438,79853981,4455920917436285
35358669,134.4538,79853981,4456130933406315
35361299,134.4638,79853981,4456340949376345
35363929,134.4738,79853981,4456550965346375
35366559,134.4838,79853981,4456760981316405
35369189,134.4938,79853981,4456970997286435
35371819,134.5038,79853981,4457181013256465
35374449,134.5138,79853981,4457391029226495
35377079,134.5238,79853981,4457601045196525
35379709,134.5338,79853981,4457811061166555
35382339,134.5438,79853981,4458021077136585
35384969,134.5538,79853981,4458231093106615
35387599,134.5638,79853981,4458441109076645
35390229,134.5738,79853981,4458651125046675
35392859,134.5838,79853981,4458861141016705
35395489,134.5938,79853981,4459071156986735
35398119,134.6038,79853981,4459281172956765
35400749,134.6138,79853981,4459491188926795
35403379,134.6238,79853981,4459701204896825
35406009,134.6338,79853981,4459911220866855
35408639,134.6438,79853981,4460121236836885
35411269,134.6538,79853981,4460331252806915
35413899,134.6638,79853981,4460541268776945
35416529,134.6738,79853981,4460751284746975
35419159,134.6839,79853981,4460961300717005
35421789,134.6939,79853981,4461171316687035
35424419,134.7039,79853981,4461381332657065
35427049,134.7139,79853981,4461591348627095
35429679,134.7239,79853981,4461801364597125
35432309,134.7339,79853981,4462011380567155
35434939,134.7439,79853981,4462221396537185
35437569,134.7539,79853981,4462431412507215
35440199,134.7639,79853981,4462641428477245
35442829,134.7739,79853981,4462851444447275
35445459,134.7839,79853981,4463061460417305
35448089,134.7939,79853981,4463271476387335
35450719,134.8039,79853981,4463481492357365
35453349,134.8139,79853981,4463691508327395
35455979,134.8239,79853981,4463901524297425
35458609,134.8339,79853981,4464111540267455
35461239,134.8439,79853981,4464321556237485
35463869,134.8539,79853981,4464531572207515
35466499,134.8639,79853981,4464741588177545
35469129,134.8739,79853981,4464951604147575
35471759,134.8839,79853981,4465161620117605
35474389,134.8939,79853981,4465371636087635
35477019,134.9039,79853981,4465581652057665
35479649,134.9139,79853981,4465791668027695
35482279,134.9239,79853981,4466001683997725
35484909,134.9339,79853981,4466211699967755
35487539,134.9439,79853981,4466421715937785
35490169,134.9539,79853981,4466631731907815
35492799,134.9639,79853981,4466841747877845
35495429,134.9739,79853981,4467051763847875
35498059,134.9839,79853981,4467261779817905
35500689,134.9939,79853981,4467471795787935
35503319,135.0039,79853981,4467681811757965
35505949,135.0139,79853981,4467891827727995
35508579,135.0239,79853981,4468101843698025
35511209,135.0339,79853981,4468311859668055
35513839,135.0439,79853981,4468521875638085
35516469,135.0539,79853981,4468731891608115
35519099,135.0639,79853981,4468941907578145
35521729,135.0739,79853981,4469151923548175
35524359,135.0839,79853981,4469361939518205
35526989,135.0939,79853981,4469571955488235
35529619,135.1039,79853981,4469781971458265
35532249,135.1139,79853981,4469991987428295
35534879,135.1239,79853981,4470202003398325
35537509,135.1339,79853981,4470412019368355
35540139,135.1439,79853981,4470622035338385
35542769,135.1539,79853981,4470832051308415
35545399,135.1639,79853981,4471042067278445
35548029,135.1739,79853981,4471252083248475
35550659,135.1839,79853981,4471462099218505
35553289,135.1939,79853981,4471672115188535
35555919,135.2039,79853981,4471882131158565
35558549,135.2139,79853981,4472092147128595
35561179,135.2239,79853981,4472302163098625
35563809,135.2339,79853981,4472512179068655
35566439,135.2439,79853981,4472722195038685
35569069,135.2539,79853981,4472932211008715
35571699,135.2639,79853981,4473142226978745
35574329,135.2739,79853981,4473352242948775
35576959,135.2839,79853981,4473562258918805
35579589,135.2939,79853981,4473772274888835
35582219,135.3039,79853981,4473982290858865
35584849,135.3139,79853981,4474192306828895
35587479,135.3239,79853981,4474402322798925
35590109,135.3339,79853981,4474612338768955
35592739,135.3439,79853981,4474822354738985
35595369,135.3539,79853981,4475032370709015
35597999,135.3639,79853981,4475242386679045
35600629,135.3739,79853981,4475452402649075
35603259,135.3839,79853981,4475662418619105
35605889,135.3939,79853981,4475872434589135
35608519,135.4039,79853981,4476082450559165
35611149,135.4139,79853981,4476292466529195
35613779,135.4239,79853981,4476502482499225
35616409,135.4339,79853981,4476712498469255
35619039,135.4439,79853981,4476922514439285
35621669,135.4539,79853981,4477132530409315
35624299,135.4639,79853981,4477342546379345
35626929,135.4739,79853981,4477552562349375
35629559,135.4839,79853981,4477762578319405
35632189,135.4939,79853981,4477972594289435
35634819,135.5039,79853981,4478182610259465
35637449,135.5139,79853981,4478392626229495
35640079,135.5239,79853981,4478602642199525
35642709,135.5339,79853981,4478812658169555
35645339,135.5439,79853981,4479022674139585
35647969,135.5539,79853981,4479232690109615
35650599,135.5639,79853981,4479442706079645
35653229,135.5739,79853981,4479652722049675
35655859,135.5839,79853981,4479862738019705
35658489,135.5939,79853981,4480072753989735
35661119,135.6039,79853981,4480282769959765
35663749,135.6139,79853981,4480492785929795
35666379,135.6239,79853981,4480702801899825
35669009,135.6339,79853981,4480912817869855
35671639,135.6439,79853981,4481122833839885
35674269,135.6539,79853981,4481332849809915
35676899,135.6639,79853981,4481542865779945
35679529,135.6739,79853981,4481752881749975
35682159,135.6839,79853981,4481962897720005
35684789,135.6939,79853981,4482172913690035
35687419,135.7039,79853981,4482382929660065
35690049,135.7139,79853981,4482592945630095
35692679,135.7239,79853981,4482802961600125
35695309,135.7339,79853981,4483012977570155
35697939,135.7439,79853981,4483222993540185
35700569,135.7539,79853981,4483433009510215
35703199,135.7639,79853981,4483643025480245
35705829,135.7739,79853981,4483853041450275
35708459,135.7839,79853981,4484063057420305
35711089,135.7939,79853981,4484273073390335
35713719,135.8039,79853981,4484483089360365
35716349,135.8139,79853981,4484693105330395
35718979,135.8239,79853981,4484903121300425
35721609,135.8339,79853981,4485113137270455
35724239,135.8439,79853981,4485323153240485
35726869,135.8539,79853981,4485533169210515
35729499,135.8639,79853981,4485743185180545
35732129,135.8739,79853981,4485953201150575
35734759,135.8839,79853981,4486163217120605
35737389,135.8939,79853981,4486373233090635
35740019,135.9039,79853981,4486583249060665
35742649,135.9139,79853981,4486793265030695
35745279,135.9239,79853981,4487003281000725
35747909,135.9339,79853981,4487213296970755
35750539,135.9439,79853981,4487423312940785
35753169,135.9539,79853981,4487633328910815
35755799,135.9639,79853981,4487843344880845
35758429,135.9739,79853981,4488053360850875
35761059,135.9839,79853981,4488263376820905
35763689,135.9940,79853981,4488473392790935
35766319,136.0040,79853981,4488683408760965
35768949,136.0140,79853981,4488893424730995
35771579,136.0240,79853981,4489103440701025
35774209,136.0340,79853981,4489313456671055
35776839,136.0440,79853981,4489523472641085
35779469,136.0540,79853981,4489733488611115
35782099,136.0640,79853981,4489943504581145
35784729,136.0740,79853981,4490153520551175
35787359,136.0840,79853981,4490363536521205
35789989,136.0940,79853981,4490573552491235
35792619,136.1040,79853981,4490783568461265
35795249,136.1140,79853981,4490993584431295
35797879,136.1240,79853981,4491203600401325
35800509,136.1340,79853981,4491413616371355
35803139,136.1440,79853981,4491623632341385
35805769,136.1540,79853981,4491833648311415
35808399,136.1640,79853981,4492043664281445
35811029,136.1740,79853981,4492253680251475
35813659,136.1840,79853981,4492463696221505
35816289,136.1940,79853981,4492673712191535
35818919,136.2040,79853981,4492883728161565
35821549,136.2140,79853981,4493093744131595
35824179,136.2240,79853981,4493303760101625
35826809,136.2340,79853981,4493513776071655
35829439,136.2440,79853981,4493723792041685
35832069,136.2540,79853981,4493933808011715
35834699,136.2640,79853981,4494143823981745
35837329,136.2740,79853981,4494353839951775
35839959,136.2840,79853981,4494563855921805
35842589,136.2940,79853981,4494773871891835
35845219,136.3040,79853981,4494983887861865
35847849,136.3140,79853981,4495193903831895
35850479,136.3240,79853981,4495403919801925
35853109,136.3340,79853981,4495613935771955
35855739,136.3440,79853981,4495823951741985
35858369,136.3540,79853981,4496033967712015
35860999,136.3640,79853981,4496243983682045
35863629,136.3740,79853981,4496453999652075
35866259,136.3840,79853981,4496664015622105
35868889,136.3940,79853981,4496874031592135
35871519,136.4040,79853981,4497084047562165
35874149,136.4140,79853981,4497294063532195
35876779,136.4240,79853981,4497504079502225
35879409,136.4340,79853981,4497714095472255
35882039,136.4440,79853981,4497924111442285
35884669,136.4540,79853981,4498134127412315
35887299,136.4640,79853981,4498344143382345
35889929,136.4740,79853981,4498554159352375
35892559,136.4840,79853981,4498764175322405
35895189,136.4940,79853981,4498974191292435
35897819,136.5040,79853981,4499184207262465
35900449,136.5140,79853981,4499394223232495
35903079,136.5240,79853981,4499604239202525
35905709,136.5340,79853981,4499814255172555
35908339,136.5440,79853981,4500024271142585
35910969,136.5540,79853981,4500234287112615
35913599,136.5640,79853981,4500444303082645
35916229,136.5740,79853981,4500654319052675
35918859,136.5840,79853981,4500864335022705
35921489,136.5940,79853981,4501074350992735
35924119,136.6040,79853981,4501284366962765
35926749,136.6140,79853981,4501494382932795
35929379,136.6240,79853981,4501704398902825
35932009,136.6340,79853981,4501914414872855
35934639,136.6440,79853981,4502124430842885
35937269,136.6540,79853981,4502334446812915
35939899,136.6640,79853981,4502544462782945
35942529,136.6740,79853981,4502754478752975
35945159,136.6840,79853981,4502964494723005
35947789,136.6940,79853981,4503174510693035
35950419,136.7040,79853981,4503384526663065
35953049,136.7140,79853981,4503594542633095
35955679,136.7240,79853981,4503804558603125
35958309,136.7340,79853981,4504014574573155
35960939,136.7440,79853981,4504224590543185
35963569,136.7540,79853981,4504434606513215
35966199,136.7640,79853981,4504644622483245
35968829,136.7740,79853981,4504854638453275
35971459,136.7840,79853981,4505064654423305
35974089,136.7940,79853981,4505274670393335
35976719,136.8040,79853981,4505484686363365
35979349,136.8140,79853981,4505694702333395
35981979,136.8240,79853981,4505904718303425
35984609,136.8340,79853981,4506114734273455
35987239,136.8440,79853981,4506324750243485
35989869,136.8540,79853981,4506534766213515
35992499,136.8640,79853981,4506744782183545
35995129,136.8740,79853981,4506954798153575
35997759,136.8840,79853981,4507164814123605
36000389,136.8940,79853981,4507374830093635
36003019,136.9040,79853981,4507584846063665
36005649,136.9140,79853981,4507794862033695
36008279,136.9240,79853981,4508004878003725
36010909,136.9340,79853981,4508214893973755
36013539,136.9440,79853981,4508424909943785
36016169,136.9540,79853981,4508634925913815
36018799,136.9640,79853981,4508844941883845
36021429,136.9740,79853981,4509054957853875
36024059,136.9840,79853981,4509264973823905
36026689,136.9940,79853981,4509474989793935
36029319,137.0040,79853981,4509685005763965
36031949,137.0140,79853981,4509895021733995
36034579,137.0240,79853981,4510105037704025
36037209,137.0340,79853981,4510315053674055
36039839,137.0440,79853981,4510525069644085
36042469,137.0540,79853981,4510735085614115
36045099,137.0640,79853981,4510945101584145
36047729,137.0740,79853981,4511155117554175
36050359,137.0840,79853981,4511365133524205
36052989,137.0940,79853981,4511575149494235
36055619,137.1040,79853981,4511785165464265
36058249,137.1140,79853981,4511995181434295
36060879,137.1240,79853981,4512205197404325
36063509,137.1340,79853981,4512415213374355
36066139,137.1440,79853981,4512625229344385
36068769,137.1540,79853981,4512835245314415
36071399,137.1640,79853981,4513045261284445
36074029,137.1740,79853981,4513255277254475
36076659,137.1840,79853981,4513465293224505
36079289,137.1940,79853981,4513675309194535
36081919,137.2040,79853981,4513885325164565
36084549,137.2140,79853981,4514095341134595
36087179,137.2240,79853981,4514305357104625
36089809,137.2340,79853981,4514515373074655
36092439,137.2440,79853981,4514725389044685
36095069,137.2540,79853981,4514935405014715
36097699,137.2640,79853981,4515145420984745
36100329,137.2740,79853981,4515355436954775
36102959,137.2840,79853981,4515565452924805
36105589,137.2940,79853981,4515775468894835
36108219,137.3040,79853981,4515985484864865
36110849,137.3141,79853981,4516195500834895
36113479,137.3241,79853981,4516405516804925
36116109,137.3341,79853981,4516615532774955
36118739,137.3441,79853981,4516825548744985
36121369,137.3541,79853981,4517035564715015
36123999,137.3641,79853981,4517245580685045
36126629,137.3741,79853981,4517455596655075
36129259,137.3841,79853981,4517665612625105
36131889,137.3941,79853981,4517875628595135
36134519,137.4041,79853981,4518085644565165
36137149,137.4141,79853981,4518295660535195
36139779,137.4241,79853981,4518505676505225
36142409,137.4341,79853981,4518715692475255
36145039,137.4441,79853981,4518925708445285
36147669,137.4541,79853981,4519135724415315
36150299,137.4641,79853981,4519345740385345
36152929,137.4741,79853981,4519555756355375
36155559,137.4841,79853981,4519765772325405
36158189,137.4941,79853981,4519975788295435
36160819,137.5041,79853981,4520185804265465
36163449,137.5141,79853981,4520395820235495
36166079,137.5241,79853981,4520605836205525
36168709,137.5341,79853981,4520815852175555
36171339,137.5441,79853981,4521025868145585
36173969,137.5541,79853981,4521235884115615
36176599,137.5641,79853981,4521445900085645
36179229,137.5741,79853981,4521655916055675
36181859,137.5841,79853981,4521865932025705
36184489,137.5941,79853981,4522075947995735
36187119,137.6041,79853981,4522285963965765
36189749,137.6141,79853981,4522495979935795
36192379,137.6241,79853981,4522705995905825
36195009,137.6341,79853981,4522916011875855
36197639,137.6441,79853981,4523126027845885
36200269,137.6541,79853981,4523336043815915
36202899,137.6641,79853981,4523546059785945
36205529,137.6741,79853981,4523756075755975
36208159,137.6841,79853981,4523966091726005
36210789,137.6941,79853981,4524176107696035
36213419,137.7041,79853981,4524386123666065
36216049,137.7141,79853981,4524596139636095
36218679,137.7241,79853981,4524806155606125
36221309,137.7341,79853981,4525016171576155
36223939,137.7441,79853981,4525226187546185
36226569,137.7541,79853981,4525436203516215
36229199,137.7641,79853981,4525646219486245
36231829,137.7741,79853981,4525856235456275
36234459,137.7841,79853981,4526066251426305
36237089,137.7941,79853981,4526276267396335
36239719,137.8041,79853981,4526486283366365
36242349,137.8141,79853981,4526696299336395
36244979,137.8241,79853981,4526906315306425
36247609,137.8341,79853981,4527116331276455
36250239,137.8441,79853981,4527326347246485
36252869,137.8541,79853981,4527536363216515
36255499,137.8641,79853981,4527746379186545
36258129,137.8741,79853981,4527956395156575
36260759,137.8841,79853981,4528166411126605
36263389,137.8941,79853981,4528376427096635
36266019,137.9041,79853981,4528586443066665
36268649,137.9141,79853981,4528796459036695
36271279,137.9241,79853981,4529006475006725
36273909,137.9341,79853981,4529216490976755
36276539,137.9441,79853981,4529426506946785
36279169,137.9541,79853981,4529636522916815
36281799,137.9641,79853981,4529846538886845
36284429,137.9741,79853981,4530056554856875
36287059,137.9841,79853981,4530266570826905
36289689,137.9941,79853981,4530476586796935
36292319,138.0041,79853981,4530686602766965
36294949,138.0141,79853981,4530896618736995
36297579,138.0241,79853981,4531106634707025
36300209,138.0341,79853981,4531316650677055
36302839,138.0441,79853981,4531526666647085
36305469,138.0541,79853981,4531736682617115
36308099,138.0641,79853981,4531946698587145
36310729,138.0741,79853981,4532156714557175
36313359,138.0841,79853981,4532366730527205
36315989,138.0941,79853981,4532576746497235
36318619,138.1041,79853981,4532786762467265
36321249,138.1141,79853981,4532996778437295
36323879,138.1241,79853981,4533206794407325
36326509,138.1341,79853981,4533416810377355
36329139,138.1441,79853981,4533626826347385
36331769,138.1541,79853981,4533836842317415
36334399,138.1641,79853981,4534046858287445
36337029,138.1741,79853981,4534256874257475
36339659,138.1841,79853981,4534466890227505
36342289,138.1941,79853981,4534676906197535
36344919,138.2041,79853981,4534886922167565
36347549,138.2141,79853981,4535096938137595
36350179,138.2241,79853981,4535306954107625
36352809,138.2341,79853981,4535516970077655
36355439,138.2441,79853981,4535726986047685
36358069,138.2541,79853981,4535937002017715
36360699,138.2641,79853981,4536147017987745
36363329,138.2741,79853981,4536357033957775
36365959,138.2841,79853981,4536567049927805
36368589,138.2941,79853981,4536777065897835
36371219,138.3041,79853981,4536987081867865
36373849,138.3141,79853981,4537197097837895
36376479,138.3241,79853981,4537407113807925
36379109,138.3341,79853981,4537617129777955
36381739,138.3441,79853981,4537827145747985
36384369,138.3541,79853981,4538037161718015
36386999,138.3641,79853981,4538247177688045
36389629,138.3741,79853981,4538457193658075
36392259,138.3841,79853981,4538667209628105
36394889,138.3941,79853981,4538877225598135
36397519,138.4041,79853981,4539087241568165
36400149,138.4141,79853981,4539297257538195
36402779,138.4241,79853981,4539507273508225
36405409,138.4341,79853981,4539717289478255
36408039,138.4441,79853981,4539927305448285
36410669,138.4541,79853981,4540137321418315
36413299,138.4641,79853981,4540347337388345
36415929,138.4741,79853981,4540557353358375
36418559,138.4841,79853981,4540767369328405
36421189,138.4941,79853981,4540977385298435
36423819,138.5041,79853981,4541187401268465
36426449,138.5141,79853981,4541397417238495
36429079,138.5241,79853981,4541607433208525
36431709,138.5341,79853981,4541817449178555
36434339,138.5441,79853981,4542027465148585
36436969,138.5541,79853981,4542237481118615
36439599,138.5641,79853981,4542447497088645
36442229,138.5741,79853981,4542657513058675
36444859,138.5841,79853981,4542867529028705
36447489,138.5941,79853981,4543077544998735
36450119,138.6041,79853981,4543287560968765
36452749,138.6141,79853981,4543497576938795
36455379,138.6242,79853981,4543707592908825
36458009,138.6342,79853981,4543917608878855
36460639,138.6442,79853981,4544127624848885
36463269,138.6542,79853981,4544337640818915
36465899,138.6642,79853981,4544547656788945
36468529,138.6742,79853981,4544757672758975
36471159,138.6842,79853981,4544967688729005
36473789,138.6942,79853981,4545177704699035
36476419,138.7042,79853981,4545387720669065
36479049,138.7142,79853981,4545597736639095
36481679,138.7242,79853981,4545807752609125
36484309,138.7342,79853981,4546017768579155
36486939,138.7442,79853981,4546227784549185
36489569,138.7542,79853981,4546437800519215
36492199,138.7642,79853981,4546647816489245
36494829,138.7742,79853981,4546857832459275
36497459,138.7842,79853981,4547067848429305
36500089,138.7942,79853981,4547277864399335
36502719,138.8042,79853981,4547487880369365
36505349,138.8142,79853981,4547697896339395
36507979,138.8242,79853981,4547907912309425
36510609,138.8342,79853981,4548117928279455
36513239,138.8442,79853981,4548327944249485
36515869,138.8542,79853981,4548537960219515
36518499,138.8642,79853981,4548747976189545
36521129,138.8742,79853981,4548957992159575
36523759,138.8842,79853981,4549168008129605
36526389,138.8942,79853981,4549378024099635
36529019,138.9042,79853981,4549588040069665
36531649,138.9142,79853981,4549798056039695
36534279,138.9242,79853981,4550008072009725
36536909,138.9342,79853981,4550218087979755
36539539,138.9442,79853981,4550428103949785
36542169,138.9542,79853981,4550638119919815
36544799,138.9642,79853981,4550848135889845
36547429,138.9742,79853981,4551058151859875
36550059,138.9842,79853981,4551268167829905
36552689,138.9942,79853981,4551478183799935
36555319,139.0042,79853981,4551688199769965
36557949,139.0142,79853981,4551898215739995
36560579,139.0242,79853981,4552108231710025
36563209,139.0342,79853981,4552318247680055
36565839,139.0442,79853981,4552528263650085
36568469,139.0542,79853981,4552738279620115
36571099,139.0642,79853981,4552948295590145
36573729,139.0742,79853981,4553158311560175
36576359,139.0842,79853981,4553368327530205
36578989,139.0942,79853981,4553578343500235
36581619,139.1042,79853981,4553788359470265
36584249,139.1142,79853981,4553998375440295
36586879,139.1242,79853981,4554208391410325
36589509,139.1342,79853981,4554418407380355
36592139,139.1442,79853981,4554628423350385
36594769,139.1542,79853981,4554838439320415
36597399,139.1642,79853981,4555048455290445
36600029,139.1742,79853981,4555258471260475
36602659,139.1842,79853981,4555468487230505
36605289,139.1942,79853981,4555678503200535
36607919,139.2042,79853981,4555888519170565
36610549,139.2142,79853981,4556098535140595
36613179,139.2242,79853981,4556308551110625
36615809,139.2342,79853981,4556518567080655
36618439,139.2442,79853981,4556728583050685
36621069,139.2542,79853981,4556938599020715
36623699,139.2642,79853981,4557148614990745
36626329,139.2742,79853981,4557358630960775
36628959,139.2842,79853981,4557568646930805
36631589,139.2942,79853981,4557778662900835
36634219,139.3042,79853981,4557988678870865
36636849,139.3142,79853981,4558198694840895
36639479,139.3242,79853981,4558408710810925
36642109,139.3342,79853981,4558618726780955
36644739,139.3442,79853981,4558828742750985
36647369,139.3542,79853981,4559038758721015
36649999,139.3642,79853981,4559248774691045
36652629,139.3742,79853981,4559458790661075
36655259,139.3842,79853981,4559668806631105
36657889,139.3942,79853981,4559878822601135
36660519,139.4042,79853981,4560088838571165
36663149,139.4142,79853981,4560298854541195
36665779,139.4242,79853981,4560508870511225
36668409,139.4342,79853981,4560718886481255
36671039,139.4442,79853981,4560928902451285
36673669,139.4542,79853981,4561138918421315
36676299,139.4642,79853981,4561348934391345
36678929,139.4742,79853981,4561558950361375
36681559,139.4842,79853981,4561768966331405
36684189,139.4942,79853981,4561978982301435
36686819,139.5042,79853981,4562188998271465
36689449,139.5142,79853981,4562399014241495
36692079,139.5242,79853981,4562609030211525
36694709,139.5342,79853981,4562819046181555
36697339,139.5442,79853981,4563029062151585
36699969,139.5542,79853981,4563239078121615
36702599,139.5642,79853981,4563449094091645
36705229,139.5742,79853981,4563659110061675
36707859,139.5842,79853981,4563869126031705
36710489,139.5942,79853981,4564079142001735
36713119,139.6042,79853981,4564289157971765
36715749,139.6142,79853981,4564499173941795
36718379,139.6242,79853981,4564709189911825
36721009,139.6342,79853981,4564919205881855
36723639,139.6442,79853981,4565129221851885
36726269,139.6542,79853981,4565339237821915
36728899,139.6642,79853981,4565549253791945
36731529,139.6742,79853981,4565759269761975
36734159,139.6842,79853981,4565969285732005
36736789,139.6942,79853981,4566179301702035
36739419,139.7042,79853981,4566389317672065
36742049,139.7142,79853981,4566599333642095
36744679,139.7242,79853981,4566809349612125
36747309,139.7342,79853981,4567019365582155
36749939,139.7442,79853981,4567229381552185
36752569,139.7542,79853981,4567439397522215
36755199,139.7642,79853981,4567649413492245
36757829,139.7742,79853981,4567859429462275
36760459,139.7842,79853981,4568069445432305
36763089,139.7942,79853981,4568279461402335
36765719,139.8042,79853981,4568489477372365
36768349,139.8142,79853981,4568699493342395
36770979,139.8242,79853981,4568909509312425
36773609,139.8342,79853981,4569119525282455
36776239,139.8442,79853981,4569329541252485
36778869,139.8542,79853981,4569539557222515
36781499,139.8642,79853981,4569749573192545
36784129,139.8742,79853981,4569959589162575
36786759,139.8842,79853981,4570169605132605
36789389,139.8942,79853981,4570379621102635
36792019,139.9042,79853981,4570589637072665
36794649,139.9142,79853981,4570799653042695
36797279,139.9242,79853981,4571009669012725
36799909,139.9342,79853981,4571219684982755
36802539,139.9443,79853981,4571429700952785
36805169,139.9543,79853981,4571639716922815
36807799,139.9643,79853981,4571849732892845
36810429,139.9743,79853981,4572059748862875
36813059,139.9843,79853981,4572269764832905
36815689,139.9943,79853981,4572479780802935
36818319,140.0043,79853981,4572689796772965
36820949,140.0143,79853981,4572899812742995
36823579,140.0243,79853981,4573109828713025
36826209,140.0343,79853981,4573319844683055
36828839,140.0443,79853981,4573529860653085
36831469,140.0543,79853981,4573739876623115
36834099,140.0643,79853981,4573949892593145
36836729,140.0743,79853981,4574159908563175
36839359,140.0843,79853981,4574369924533205
36841989,140.0943,79853981,4574579940503235
36844619,140.1043,79853981,4574789956473265
36847249,140.1143,79853981,4574999972443295
36849879,140.1243,79853981,4575209988413325
36852509,140.1343,79853981,4575420004383355
36855139,140.1443,79853981,4575630020353385
36857769,140.1543,79853981,4575840036323415
36860399,140.1643,79853981,4576050052293445
36863029,140.1743,79853981,4576260068263475
36865659,140.1843,79853981,4576470084233505
36868289,140.1943,79853981,4576680100203535
36870919,140.2043,79853981,4576890116173565
36873549,140.2143,79853981,4577100132143595
36876179,140.2243,79853981,4577310148113625
36878809,140.2343,79853981,4577520164083655
36881439,140.2443,79853981,4577730180053685
36884069,140.2543,79853981,4577940196023715
36886699,140.2643,79853981,4578150211993745
36889329,140.2743,79853981,4578360227963775
36891959,140.2843,79853981,4578570243933805
36894589,140.2943,79853981,4578780259903835
36897219,140.3043,79853981,4578990275873865
36899849,140.3143,79853981,4579200291843895
36902479,140.3243,79853981,4579410307813925
36905109,140.3343,79853981,4579620323783955
36907739,140.3443,79853981,4579830339753985
36910369,140.3543,79853981,4580040355724015
36912999,140.3643,79853981,4580250371694045
36915629,140.3743,79853981,4580460387664075
36918259,140.3843,79853981,4580670403634105
36920889,140.3943,79853981,4580880419604135
36923519,140.4043,79853981,4581090435574165
36926149,140.4143,79853981,4581300451544195
36928779,140.4243,79853981,4581510467514225
36931409,140.4343,79853981,4581720483484255
36934039,140.4443,79853981,4581930499454285
36936669,140.4543,79853981,4582140515424315
36939299,140.4643,79853981,4582350531394345
36941929,140.4743,79853981,4582560547364375
36944559,140.4843,79853981,4582770563334405
36947189,140.4943,79853981,4582980579304435
36949819,140.5043,79853981,4583190595274465
36952449,140.5143,79853981,4583400611244495
36955079,140.5243,79853981,4583610627214525
36957709,140.5343,79853981,4583820643184555
36960339,140.5443,79853981,4584030659154585
36962969,140.5543,79853981,4584240675124615
36965599,140.5643,79853981,4584450691094645
36968229,140.5743,79853981,4584660707064675
36970859,140.5843,79853981,4584870723034705
36973489,140.5943,79853981,4585080739004735
36976119,140.6043,79853981,4585290754974765
36978749,140.6143,79853981,4585500770944795
36981379,140.6243,79853981,4585710786914825
36984009,140.6343,79853981,4585920802884855
36986639,140.6443,79853981,4586130818854885
36989269,140.6543,79853981,4586340834824915
36991899,140.6643,79853981,4586550850794945
36994529,140.6743,79853981,4586760866764975
36997159,140.6843,79853981,4586970882735005
36999789,140.6943,79853981,4587180898705035
37002419,140.7043,79853981,4587390914675065
37005049,140.7143,79853981,4587600930645095
37007679,140.7243,79853981,4587810946615125
37010309,140.7343,79853981,4588020962585155
37012939,140.7443,79853981,4588230978555185
37015569,140.7543,79853981,4588440994525215
37018199,140.7643,79853981,4588651010495245
37020829,140.7743,79853981,4588861026465275
37023459,140.7843,79853981,4589071042435305
37026089,140.7943,79853981,4589281058405335
37028719,140.8043,79853981,4589491074375365
37031349,140.8143,79853981,4589701090345395
37033979,140.8243,79853981,4589911106315425
37036609,140.8343,79853981,4590121122285455
37039239,140.8443,79853981,4590331138255485
37041869,140.8543,79853981,4590541154225515
37044499,140.8643,79853981,4590751170195545
37047129,140.8743,79853981,4590961186165575
37049759,140.8843,79853981,4591171202135605
37052389,140.8943,79853981,4591381218105635
37055019,140.9043,79853981,4591591234075665
37057649,140.9143,79853981,4591801250045695
37060279,140.9243,79853981,4592011266015725
37062909,140.9343,79853981,4592221281985755
37065539,140.9443,79853981,4592431297955785
37068169,140.9543,79853981,4592641313925815
37070799,140.9643,79853981,4592851329895845
37073429,140.9743,79853981,4593061345865875
37076059,140.9843,79853981,4593271361835905
37078689,140.9943,79853981,4593481377805935
37081319,141.0043,79853981,4593691393775965
37083949,141.0143,79853981,4593901409745995
37086579,141.0243,79853981,4594111425716025
37089209,141.0343,79853981,4594321441686055
37091839,141.0443,79853981,4594531457656085
37094469,141.0543,79853981,4594741473626115
37097099,141.0643,79853981,4594951489596145
37099729,141.0743,79853981,4595161505566175
37102359,141.0843,79853981,4595371521536205
37104989,141.0943,79853981,4595581537506235
37107619,141.1043,79853981,4595791553476265
37110249,141.1143,79853981,4596001569446295
37112879,141.1243,79853981,4596211585416325
37115509,141.1343,79853981,4596421601386355
37118139,141.1443,79853981,4596631617356385
37120769,141.1543,79853981,4596841633326415
37123399,141.1643,79853981,4597051649296445
37126029,141.1743,79853981,4597261665266475
37128659,141.1843,79853981,4597471681236505
37131289,141.1943,79853981,4597681697206535
37133919,141.2043,79853981,4597891713176565
37136549,141.2143,79853981,4598101729146595
37139179,141.2243,79853981,4598311745116625
37141809,141.2343,79853981,4598521761086655
37144439,141.2443,79853981,4598731777056685
37147069,141.2544,79853981,4598941793026715
37149699,141.2644,79853981,4599151808996745
37152329,141.2744,79853981,4599361824966775
37154959,141.2844,79853981,4599571840936805
37157589,141.2944,79853981,4599781856906835
37160219,141.3044,79853981,4599991872876865
37162849,141.3144,79853981,4600201888846895
37165479,141.3244,79853981,4600411904816925
37168109,141.3344,79853981,4600621920786955
37170739,141.3444,79853981,4600831936756985
37173369,141.3544,79853981,4601041952727015
37175999,141.3644,79853981,4601251968697045
37178629,141.3744,79853981,4601461984667075
37181259,141.3844,79853981,4601672000637105
37183889,141.3944,79853981,4601882016607135
37186519,141.4044,79853981,4602092032577165
37189149,141.4144,79853981,4602302048547195
37191779,141.4244,79853981,4602512064517225
37194409,141.4344,79853981,4602722080487255
37197039,141.4444,79853981,4602932096457285
37199669,141.4544,79853981,4603142112427315
37202299,141.4644,79853981,4603352128397345
37204929,141.4744,79853981,4603562144367375
37207559,141.4844,79853981,4603772160337405
37210189,141.4944,79853981,4603982176307435
37212819,141.5044,79853981,4604192192277465
37215449,141.5144,79853981,4604402208247495
37218079,141.5244,79853981,4604612224217525
37220709,141.5344,79853981,4604822240187555
37223339,141.5444,79853981,4605032256157585
37225969,141.5544,79853981,4605242272127615
37228599,141.5644,79853981,4605452288097645
37231229,141.5744,79853981,4605662304067675
37233859,141.5844,79853981,4605872320037705
37236489,141.5944,79853981,4606082336007735
37239119,141.6044,79853981,4606292351977765
37241749,141.6144,79853981,4606502367947795
37244379,141.6244,79853981,4606712383917825
37247009,141.6344,79853981,4606922399887855
37249639,141.6444,79853981,4607132415857885
37252269,141.6544,79853981,4607342431827915
37254899,141.6644,79853981,4607552447797945
37257529,141.6744,79853981,4607762463767975
37260159,141.6844,79853981,4607972479738005
37262789,141.6944,79853981,4608182495708035
37265419,141.7044,79853981,4608392511678065
37268049,141.7144,79853981,4608602527648095
37270679,141.7244,79853981,4608812543618125
37273309,141.7344,79853981,4609022559588155
37275939,141.7444,79853981,4609232575558185
37278569,141.7544,79853981,4609442591528215
37281199,141.7644,79853981,4609652607498245
37283829,141.7744,79853981,4609862623468275
37286459,141.7844,79853981,4610072639438305
37289089,141.7944,79853981,4610282655408335
37291719,141.8044,79853981,4610492671378365
37294349,141.8144,79853981,4610702687348395
37296979,141.8244,79853981,4610912703318425
37299609,141.8344,79853981,4611122719288455
37302239,141.8444,79853981,4611332735258485
37304869,141.8544,79853981,4611542751228515
37307499,141.8644,79853981,4611752767198545
37310129,141.8744,79853981,4611962783168575
37312759,141.8844,79853981,4612172799138605
37315389,141.8944,79853981,4612382815108635
37318019,141.9044,79853981,4612592831078665
37320649,141.9144,79853981,4612802847048695
37323279,141.9244,79853981,4613012863018725
37325909,141.9344,79853981,4613222878988755
37328539,141.9444,79853981,4613432894958785
37331169,141.9544,79853981,4613642910928815
37333799,141.9644,79853981,4613852926898845
37336429,141.9744,79853981,4614062942868875
37339059,141.9844,79853981,4614272958838905
37341689,141.9944,79853981,4614482974808935
37344319,142.0044,79853981,4614692990778965
37346949,142.0144,79853981,4614903006748995
37349579,142.0244,79853981,4615113022719025
37352209,142.0344,79853981,4615323038689055
37354839,142.0444,79853981,4615533054659085
37357469,142.0544,79853981,4615743070629115
37360099,142.0644,79853981,4615953086599145
37362729,142.0744,79853981,4616163102569175
37365359,142.0844,79853981,4616373118539205
37367989,142.0944,79853981,4616583134509235
37370619,142.1044,79853981,4616793150479265
37373249,142.1144,79853981,4617003166449295
37375879,142.1244,79853981,4617213182419325
37378509,142.1344,79853981,4617423198389355
37381139,142.1444,79853981,4617633214359385
37383769,142.1544,79853981,4617843230329415
37386399,142.1644,79853981,4618053246299445
37389029,142.1744,79853981,4618263262269475
37391659,142.1844,79853981,4618473278239505
37394289,142.1944,79853981,4618683294209535
37396919,142.2044,79853981,4618893310179565
37399549,142.2144,79853981,4619103326149595
37402179,142.2244,79853981,4619313342119625
37404809,142.2344,79853981,4619523358089655
37407439,142.2444,79853981,4619733374059685
37410069,142.2544,79853981,4619943390029715
37412699,142.2644,79853981,4620153405999745
37415329,142.2744,79853981,4620363421969775
37417959,142.2844,79853981,4620573437939805
37420589,142.2944,79853981,4620783453909835
37423219,142.3044,79853981,4620993469879865
37425849,142.3144,79853981,4621203485849895
37428479,142.3244,79853981,4621413501819925
37431109,142.3344,79853981,4621623517789955
37433739,142.3444,79853981,4621833533759985
37436369,142.3544,79853981,4622043549730015
37438999,142.3644,79853981,4622253565700045
37441629,142.3744,79853981,4622463581670075
37444259,142.3844,79853981,4622673597640105
37446889,142.3944,79853981,4622883613610135
37449519,142.4044,79853981,4623093629580165
37452149,142.4144,79853981,4623303645550195
37454779,142.4244,79853981,4623513661520225
37457409,142.4344,79853981,4623723677490255
37460039,142.4444,79853981,4623933693460285
37462669,142.4544,79853981,4624143709430315
37465299,142.4644,79853981,4624353725400345
37467929,142.4744,79853981,4624563741370375
37470559,142.4844,79853981,4624773757340405
37473189,142.4944,79853981,4624983773310435
37475819,142.5044,79853981,4625193789280465
37478449,142.5144,79853981,4625403805250495
37481079,142.5244,79853981,4625613821220525
37483709,142.5344,79853981,4625823837190555
37486339,142.5444,79853981,4626033853160585
37488969,142.5544,79853981,4626243869130615
37491599,142.5644,79853981,4626453885100645
37494229,142.5745,79853981,4626663901070675
37496859,142.5845,79853981,4626873917040705
37499489,142.5945,79853981,4627083933010735
37502119,142.6045,79853981,4627293948980765
37504749,142.6145,79853981,4627503964950795
37507379,142.6245,79853981,4627713980920825
37510009,142.6345,79853981,4627923996890855
37512639,142.6445,79853981,4628134012860885
37515269,142.6545,79853981,4628344028830915
37517899,142.6645,79853981,4628554044800945
37520529,142.6745,79853981,4628764060770975
37523159,142.6845,79853981,4628974076741005
37525789,142.6945,79853981,4629184092711035
37528419,142.7045,79853981,4629394108681065
37531049,142.7145,79853981,4629604124651095
37533679,142.7245,79853981,4629814140621125
37536309,142.7345,79853981,4630024156591155
37538939,142.7445,79853981,4630234172561185
37541569,142.7545,79853981,4630444188531215
37544199,142.7645,79853981,4630654204501245
37546829,142.7745,79853981,4630864220471275
37549459,142.7845,79853981,4631074236441305
37552089,142.7945,79853981,4631284252411335
37554719,142.8045,79853981,4631494268381365
37557349,142.8145,79853981,4631704284351395
37559979,142.8245,79853981,4631914300321425
37562609,142.8345,79853981,4632124316291455
37565239,142.8445,79853981,4632334332261485
37567869,142.8545,79853981,4632544348231515
37570499,142.8645,79853981,4632754364201545
37573129,142.8745,79853981,4632964380171575
37575759,142.8845,79853981,4633174396141605
37578389,142.8945,79853981,4633384412111635
37581019,142.9045,79853981,4633594428081665
37583649,142.9145,79853981,4633804444051695
37586279,142.9245,79853981,4634014460021725
37588909,142.9345,79853981,4634224475991755
37591539,142.9445,79853981,4634434491961785
37594169,142.9545,79853981,4634644507931815
37596799,142.9645,79853981,4634854523901845
37599429,142.9745,79853981,4635064539871875
37602059,142.9845,79853981,4635274555841905
37604689,142.9945,79853981,4635484571811935
37607319,143.0045,79853981,4635694587781965
37609949,143.0145,79853981,4635904603751995
37612579,143.0245,79853981,4636114619722025
37615209,143.0345,79853981,4636324635692055
37617839,143.0445,79853981,4636534651662085
37620469,143.0545,79853981,4636744667632115
37623099,143.0645,79853981,4636954683602145
37625729,143.0745,79853981,4637164699572175
37628359,143.0845,79853981,4637374715542205
37630989,143.0945,79853981,4637584731512235
37633619,143.1045,79853981,4637794747482265
37636249,143.1145,79853981,4638004763452295
37638879,143.1245,79853981,4638214779422325
37641509,143.1345,79853981,4638424795392355
37644139,143.1445,79853981,4638634811362385
37646769,143.1545,79853981,4638844827332415
37649399,143.1645,79853981,4639054843302445
37652029,143.1745,79853981,4639264859272475
37654659,143.1845,79853981,4639474875242505
37657289,143.1945,79853981,4639684891212535
37659919,143.2045,79853981,4639894907182565
37662549,143.2145,79853981,4640104923152595
37665179,143.2245,79853981,4640314939122625
37667809,143.2345,79853981,4640524955092655
37670439,143.2445,79853981,4640734971062685
37673069,143.2545,79853981,4640944987032715
37675699,143.2645,79853981,4641155003002745
37678329,143.2745,79853981,4641365018972775
37680959,143.2845,79853981,4641575034942805
37683589,143.2945,79853981,4641785050912835
37686219,143.3045,79853981,4641995066882865
37688849,143.3145,79853981,4642205082852895
37691479,143.3245,79853981,4642415098822925
37694109,143.3345,79853981,4642625114792955
37696739,143.3445,79853981,4642835130762985
37699369,143.3545,79853981,4643045146733015
37701999,143.3645,79853981,4643255162703045
37704629,143.3745,79853981,4643465178673075
37707259,143.3845,79853981,4643675194643105
37709889,143.3945,79853981,4643885210613135
37712519,143.4045,79853981,4644095226583165
37715149,143.4145,79853981,4644305242553195
37717779,143.4245,79853981,4644515258523225
37720409,143.4345,79853981,4644725274493255
37723039,143.4445,79853981,4644935290463285
37725669,143.4545,79853981,4645145306433315
37728299,143.4645,79853981,4645355322403345
37730929,143.4745,79853981,4645565338373375
37733559,143.4845,79853981,4645775354343405
37736189,143.4945,79853981,4645985370313435
37738819,143.5045,79853981,4646195386283465
37741449,143.5145,79853981,4646405402253495
37744079,143.5245,79853981,4646615418223525
37746709,143.5345,79853981,4646825434193555
37749339,143.5445,79853981,4647035450163585
37751969,143.5545,79853981,4647245466133615
37754599,143.5645,79853981,4647455482103645
37757229,143.5745,79853981,4647665498073675
37759859,143.5845,79853981,4647875514043705
37762489,143.5945,79853981,4648085530013735
37765119,143.6045,79853981,4648295545983765
37767749,143.6145,79853981,4648505561953795
37770379,143.6245,79853981,4648715577923825
37773009,143.6345,79853981,4648925593893855
37775639,143.6445,79853981,4649135609863885
37778269,143.6545,79853981,4649345625833915
37780899,143.6645,79853981,4649555641803945
37783529,143.6745,79853981,4649765657773975
37786159,143.6845,79853981,4649975673744005
37788789,143.6945,79853981,4650185689714035
37791419,143.7045,79853981,4650395705684065
37794049,143.7145,79853981,4650605721654095
37796679,143.7245,79853981,4650815737624125
37799309,143.7345,79853981,4651025753594155
37801939,143.7445,79853981,4651235769564185
37804569,143.7545,79853981,4651445785534215
37807199,143.7645,79853981,4651655801504245
37809829,143.7745,79853981,4651865817474275
37812459,143.7845,79853981,4652075833444305
37815089,143.7945,79853981,4652285849414335
37817719,143.8045,79853981,4652495865384365
37820349,143.8145,79853981,4652705881354395
37822979,143.8245,79853981,4652915897324425
37825609,143.8345,79853981,4653125913294455
37828239,143.8445,79853981,4653335929264485
37830869,143.8545,79853981,4653545945234515
37833499,143.8645,79853981,4653755961204545
37836129,143.8745,79853981,4653965977174575
37838759,143.8846,79853981,4654175993144605
37841389,143.8946,79853981,4654386009114635
37844019,143.9046,79853981,4654596025084665
37846649,143.9146,79853981,4654806041054695
37849279,143.9246,79853981,4655016057024725
37851909,143.9346,79853981,4655226072994755
37854539,143.9446,79853981,4655436088964785
37857169,143.9546,79853981,4655646104934815
37859799,143.9646,79853981,4655856120904845
37862429,143.9746,79853981,4656066136874875
37865059,143.9846,79853981,4656276152844905
37867689,143.9946,79853981,4656486168814935
37870319,144.0046,79853981,4656696184784965
37872949,144.0146,79853981,4656906200754995
37875579,144.0246,79853981,4657116216725025
37878209,144.0346,79853981,4657326232695055
37880839,144.0446,79853981,4657536248665085
37883469,144.0546,79853981,4657746264635115
37886099,144.0646,79853981,4657956280605145
37888729,144.0746,79853981,4658166296575175
37891359,144.0846,79853981,4658376312545205
37893989,144.0946,79853981,4658586328515235
37896619,144.1046,79853981,4658796344485265
37899249,144.1146,79853981,4659006360455295
37901879,144.1246,79853981,4659216376425325
37904509,144.1346,79853981,4659426392395355
37907139,144.1446,79853981,4659636408365385
37909769,144.1546,79853981,4659846424335415
37912399,144.1646,79853981,4660056440305445
37915029,144.1746,79853981,4660266456275475
37917659,144.1846,79853981,4660476472245505
37920289,144.1946,79853981,4660686488215535
37922919,144.2046,79853981,4660896504185565
37925549,144.2146,79853981,4661106520155595
37928179,144.2246,79853981,4661316536125625
37930809,144.2346,79853981,4661526552095655
37933439,144.2446,79853981,4661736568065685
37936069,144.2546,79853981,4661946584035715
37938699,144.2646,79853981,4662156600005745
37941329,144.2746,79853981,4662366615975775
37943959,144.2846,79853981,4662576631945805
37946589,144.2946,79853981,4662786647915835
37949219,144.3046,79853981,4662996663885865
37951849,144.3146,79853981,4663206679855895
37954479,144.3246,79853981,4663416695825925
37957109,144.3346,79853981,4663626711795955
37959739,144.3446,79853981,4663836727765985
37962369,144.3546,79853981,4664046743736015
37964999,144.3646,79853981,4664256759706045
37967629,144.3746,79853981,4664466775676075
37970259,144.3846,79853981,4664676791646105
37972889,144.3946,79853981,4664886807616135
37975519,144.4046,79853981,4665096823586165
37978149,144.4146,79853981,4665306839556195
37980779,144.4246,79853981,4665516855526225
37983409,144.4346,79853981,4665726871496255
37986039,144.4446,79853981,4665936887466285
37988669,144.4546,79853981,4666146903436315
37991299,144.4646,79853981,4666356919406345
37993929,144.4746,79853981,4666566935376375
37996559,144.4846,79853981,4666776951346405
37999189,144.4946,79853981,4666986967316435
38001819,144.5046,79853981,4667196983286465
38004449,144.5146,79853981,4667406999256495
38007079,144.5246,79853981,4667617015226525
38009709,144.5346,79853981,4667827031196555
38012339,144.5446,79853981,4668037047166585
38014969,144.5546,79853981,4668247063136615
38017599,144.5646,79853981,4668457079106645
38020229,144.5746,79853981,4668667095076675
38022859,144.5846,79853981,4668877111046705
38025489,144.5946,79853981,4669087127016735
38028119,144.6046,79853981,4669297142986765
38030749,144.6146,79853981,4669507158956795
38033379,144.6246,79853981,4669717174926825
38036009,144.6346,79853981,4669927190896855
38038639,144.6446,79853981,4670137206866885
38041269,144.6546,79853981,4670347222836915
38043899,144.6646,79853981,4670557238806945
38046529,144.6746,79853981,4670767254776975
38049159,144.6846,79853981,4670977270747005
38051789,144.6946,79853981,4671187286717035
38054419,144.7046,79853981,4671397302687065
38057049,144.7146,79853981,4671607318657095
38059679,144.7246,79853981,4671817334627125
38062309,144.7346,79853981,4672027350597155
38064939,144.7446,79853981,4672237366567185
38067569,144.7546,79853981,4672447382537215
38070199,144.7646,79853981,4672657398507245
38072829,144.7746,79853981,4672867414477275
38075459,144.7846,79853981,4673077430447305
38078089,144.7946,79853981,4673287446417335
38080719,144.8046,79853981,4673497462387365
38083349,144.8146,79853981,4673707478357395
38085979,144.8246,79853981,4673917494327425
38088609,144.8346,79853981,4674127510297455
38091239,144.8446,79853981,4674337526267485
38093869,144.8546,79853981,4674547542237515
38096499,144.8646,79853981,4674757558207545
38099129,144.8746,79853981,4674967574177575
38101759,144.8846,79853981,4675177590147605
38104389,144.8946,79853981,4675387606117635
38107019,144.9046,79853981,4675597622087665
38109649,144.9146,79853981,4675807638057695
38112279,144.9246,79853981,4676017654027725
38114909,144.9346,79853981,4676227669997755
38117539,144.9446,79853981,4676437685967785
38120169,144.9546,79853981,4676647701937815
38122799,144.9646,79853981,4676857717907845
38125429,144.9746,79853981,4677067733877875
38128059,144.9846,79853981,4677277749847905
38130689,144.9946,79853981,4677487765817935
38133319,145.0046,79853981,4677697781787965
38135949,145.0146,79853981,4677907797757995
38138579,145.0246,79853981,4678117813728025
38141209,145.0346,79853981,4678327829698055
38143839,145.0446,79853981,4678537845668085
38146469,145.0546,79853981,4678747861638115
38149099,145.0646,79853981,4678957877608145
38151729,145.0746,79853981,4679167893578175
38154359,145.0846,79853981,4679377909548205
38156989,145.0946,79853981,4679587925518235
38159619,145.1046,79853981,4679797941488265
38162249,145.1146,79853981,4680007957458295
38164879,145.1246,79853981,4680217973428325
38167509,145.1346,79853981,4680427989398355
38170139,145.1446,79853981,4680638005368385
38172769,145.1546,79853981,4680848021338415
38175399,145.1646,79853981,4681058037308445
38178029,145.1746,79853981,4681268053278475
38180659,145.1846,79853981,4681478069248505
38183289,145.1946,79853981,4681688085218535
38185919,145.2047,79853981,4681898101188565
38188549,145.2147,79853981,4682108117158595
38191179,145.2247,79853981,4682318133128625
38193809,145.2347,79853981,4682528149098655
38196439,145.2447,79853981,4682738165068685
38199069,145.2547,79853981,4682948181038715
38201699,145.2647,79853981,4683158197008745
38204329,145.2747,79853981,4683368212978775
38206959,145.2847,79853981,4683578228948805
38209589,145.2947,79853981,4683788244918835
38212219,145.3047,79853981,4683998260888865
38214849,145.3147,79853981,4684208276858895
38217479,145.3247,79853981,4684418292828925
38220109,145.3347,79853981,4684628308798955
38222739,145.3447,79853981,4684838324768985
38225369,145.3547,79853981,4685048340739015
38227999,145.3647,79853981,4685258356709045
38230629,145.3747,79853981,4685468372679075
38233259,145.3847,79853981,4685678388649105
38235889,145.3947,79853981,4685888404619135
38238519,145.4047,79853981,4686098420589165
38241149,145.4147,79853981,4686308436559195
38243779,145.4247,79853981,4686518452529225
38246409,145.4347,79853981,4686728468499255
38249039,145.4447,79853981,4686938484469285
38251669,145.4547,79853981,4687148500439315
38254299,145.4647,79853981,4687358516409345
38256929,145.4747,79853981,4687568532379375
38259559,145.4847,79853981,4687778548349405
38262189,145.4947,79853981,4687988564319435
38264819,145.5047,79853981,4688198580289465
38267449,145.5147,79853981,4688408596259495
38270079,145.5247,79853981,4688618612229525
38272709,145.5347,79853981,4688828628199555
38275339,145.5447,79853981,4689038644169585
38277969,145.5547,79853981,4689248660139615
38280599,145.5647,79853981,4689458676109645
38283229,145.5747,79853981,4689668692079675
38285859,145.5847,79853981,4689878708049705
38288489,145.5947,79853981,4690088724019735
38291119,145.6047,79853981,4690298739989765
38293749,145.6147,79853981,4690508755959795
38296379,145.6247,79853981,4690718771929825
38299009,145.6347,79853981,4690928787899855
38301639,145.6447,79853981,4691138803869885
38304269,145.6547,79853981,4691348819839915
38306899,145.6647,79853981,4691558835809945
38309529,145.6747,79853981,4691768851779975
38312159,145.6847,79853981,4691978867750005
38314789,145.6947,79853981,4692188883720035
38317419,145.7047,79853981,4692398899690065
38320049,145.7147,79853981,4692608915660095
38322679,145.7247,79853981,4692818931630125
38325309,145.7347,79853981,4693028947600155
38327939,145.7447,79853981,4693238963570185
38330569,145.7547,79853981,4693448979540215
38333199,145.7647,79853981,4693658995510245
38335829,145.7747,79853981,4693869011480275
38338459,145.7847,79853981,4694079027450305
38341089,145.7947,79853981,4694289043420335
38343719,145.8047,79853981,4694499059390365
38346349,145.8147,79853981,4694709075360395
38348979,145.8247,79853981,4694919091330425
38351609,145.8347,79853981,4695129107300455
38354239,145.8447,79853981,4695339123270485
38356869,145.8547,79853981,4695549139240515
38359499,145.8647,79853981,4695759155210545
38362129,145.8747,79853981,4695969171180575
38364759,145.8847,79853981,4696179187150605
38367389,145.8947,79853981,4696389203120635
38370019,145.9047,79853981,4696599219090665
38372649,145.9147,79853981,4696809235060695
38375279,145.9247,79853981,4697019251030725
38377909,145.9347,79853981,4697229267000755
38380539,145.9447,79853981,4697439282970785
38383169,145.9547,79853981,4697649298940815
38385799,145.9647,79853981,4697859314910845
38388429,145.9747,79853981,4698069330880875
38391059,145.9847,79853981,4698279346850905
38393689,145.9947,79853981,4698489362820935
38396319,146.0047,79853981,4698699378790965
38398949,146.0147,79853981,4698909394760995
38401579,146.0247,79853981,4699119410731025
38404209,146.0347,79853981,4699329426701055
38406839,146.0447,79853981,4699539442671085
38409469,146.0547,79853981,4699749458641115
38412099,146.0647,79853981,4699959474611145
38414729,146.0747,79853981,4700169490581175
38417359,146.0847,79853981,4700379506551205
38419989,146.0947,79853981,4700589522521235
38422619,146.1047,79853981,4700799538491265
38425249,146.1147,79853981,4701009554461295
38427879,146.1247,79853981,4701219570431325
38430509,146.1347,79853981,4701429586401355
38433139,146.1447,79853981,4701639602371385
38435769,146.1547,79853981,4701849618341415
38438399,146.1647,79853981,4702059634311445
38441029,146.1747,79853981,4702269650281475
38443659,146.1847,79853981,4702479666251505
38446289,146.1947,79853981,4702689682221535
38448919,146.2047,79853981,4702899698191565
38451549,146.2147,79853981,4703109714161595
38454179,146.2247,79853981,4703319730131625
38456809,146.2347,79853981,4703529746101655
38459439,146.2447,79853981,4703739762071685
38462069,146.2547,79853981,4703949778041715
38464699,146.2647,79853981,4704159794011745
38467329,146.2747,79853981,4704369809981775
38469959,146.2847,79853981,4704579825951805
38472589,146.2947,79853981,4704789841921835
38475219,146.3047,79853981,4704999857891865
38477849,146.3147,79853981,4705209873861895
38480479,146.3247,79853981,4705419889831925
38483109,146.3347,79853981,4705629905801955
38485739,146.3447,79853981,4705839921771985
38488369,146.3547,79853981,4706049937742015
38490999,146.3647,79853981,4706259953712045
38493629,146.3747,79853981,4706469969682075
38496259,146.3847,79853981,4706679985652105
38498889,146.3947,79853981,4706890001622135
38501519,146.4047,79853981,4707100017592165
38504149,146.4147,79853981,4707310033562195
38506779,146.4247,79853981,4707520049532225
38509409,146.4347,79853981,4707730065502255
38512039,146.4447,79853981,4707940081472285
38514669,146.4547,79853981,4708150097442315
38517299,146.4647,79853981,4708360113412345
38519929,146.4747,79853981,4708570129382375
38522559,146.4847,79853981,4708780145352405
38525189,146.4947,79853981,4708990161322435
38527819,146.5047,79853981,4709200177292465
38530449,146.5148,79853981,4709410193262495
38533079,146.5248,79853981,4709620209232525
38535709,146.5348,79853981,4709830225202555
38538339,146.5448,79853981,4710040241172585
38540969,146.5548,79853981,4710250257142615
38543599,146.5648,79853981,4710460273112645
38546229,146.5748,79853981,4710670289082675
38548859,146.5848,79853981,4710880305052705
38551489,146.5948,79853981,4711090321022735
38554119,146.6048,79853981,4711300336992765
38556749,146.6148,79853981,4711510352962795
38559379,146.6248,79853981,4711720368932825
38562009,146.6348,79853981,4711930384902855
38564639,146.6448,79853981,4712140400872885
38567269,146.6548,79853981,4712350416842915
38569899,146.6648,79853981,4712560432812945
38572529,146.6748,79853981,4712770448782975
38575159,146.6848,79853981,4712980464753005
38577789,146.6948,79853981,4713190480723035
38580419,146.7048,79853981,4713400496693065
38583049,146.7148,79853981,4713610512663095
38585679,146.7248,79853981,4713820528633125
38588309,146.7348,79853981,4714030544603155
38590939,146.7448,79853981,4714240560573185
38593569,146.7548,79853981,4714450576543215
38596199,146.7648,79853981,4714660592513245
38598829,146.7748,79853981,4714870608483275
38601459,146.7848,79853981,4715080624453305
38604089,146.7948,79853981,4715290640423335
38606719,146.8048,79853981,4715500656393365
38609349,146.8148,79853981,4715710672363395
38611979,146.8248,79853981,4715920688333425
38614609,146.8348,79853981,4716130704303455
38617239,146.8448,79853981,4716340720273485
38619869,146.8548,79853981,4716550736243515
38622499,146.8648,79853981,4716760752213545
38625129,146.8748,79853981,4716970768183575
38627759,146.8848,79853981,4717180784153605
38630389,146.8948,79853981,4717390800123635
38633019,146.9048,79853981,4717600816093665
38635649,146.9148,79853981,4717810832063695
38638279,146.9248,79853981,4718020848033725
38640909,146.9348,79853981,4718230864003755
38643539,146.9448,79853981,4718440879973785
38646169,146.9548,79853981,4718650895943815
38648799,146.9648,79853981,4718860911913845
38651429,146.9748,79853981,4719070927883875
38654059,146.9848,79853981,4719280943853905
38656689,146.9948,79853981,4719490959823935
38659319,147.0048,79853981,4719700975793965
38661949,147.0148,79853981,4719910991763995
38664579,147.0248,79853981,4720121007734025
38667209,147.0348,79853981,4720331023704055
38669839,147.0448,79853981,4720541039674085
38672469,147.0548,79853981,4720751055644115
38675099,147.0648,79853981,4720961071614145
38677729,147.0748,79853981,4721171087584175
38680359,147.0848,79853981,4721381103554205
38682989,147.0948,79853981,4721591119524235
38685619,147.1048,79853981,4721801135494265
38688249,147.1148,79853981,4722011151464295
38690879,147.1248,79853981,4722221167434325
38693509,147.1348,79853981,4722431183404355
38696139,147.1448,79853981,4722641199374385
38698769,147.1548,79853981,4722851215344415
38701399,147.1648,79853981,4723061231314445
38704029,147.1748,79853981,4723271247284475
38706659,147.1848,79853981,4723481263254505
38709289,147.1948,79853981,4723691279224535
38711919,147.2048,79853981,4723901295194565
38714549,147.2148,79853981,4724111311164595
38717179,147.2248,79853981,4724321327134625
38719809,147.2348,79853981,4724531343104655
38722439,147.2448,79853981,4724741359074685
38725069,147.2548,79853981,4724951375044715
38727699,147.2648,79853981,4725161391014745
38730329,147.2748,79853981,4725371406984775
38732959,147.2848,79853981,4725581422954805
38735589,147.2948,79853981,4725791438924835
38738219,147.3048,79853981,4726001454894865
38740849,147.3148,79853981,4726211470864895
38743479,147.3248,79853981,4726421486834925
38746109,147.3348,79853981,4726631502804955
38748739,147.3448,79853981,4726841518774985
38751369,147.3548,79853981,4727051534745015
38753999,147.3648,79853981,4727261550715045
38756629,147.3748,79853981,4727471566685075
38759259,147.3848,79853981,4727681582655105
38761889,147.3948,79853981,4727891598625135
38764519,147.4048,79853981,4728101614595165
38767149,147.4148,79853981,4728311630565195
38769779,147.4248,79853981,4728521646535225
38772409,147.4348,79853981,4728731662505255
38775039,147.4448,79853981,4728941678475285
38777669,147.4548,79853981,4729151694445315
38780299,147.4648,79853981,4729361710415345
38782929,147.4748,79853981,4729571726385375
38785559,147.4848,79853981,4729781742355405
38788189,147.4948,79853981,4729991758325435
38790819,147.5048,79853981,4730201774295465
38793449,147.5148,79853981,4730411790265495
38796079,147.5248,79853981,4730621806235525
38798709,147.5348,79853981,4730831822205555
38801339,147.5448,79853981,4731041838175585
38803969,147.5548,79853981,4731251854145615
38806599,147.5648,79853981,4731461870115645
38809229,147.5748,79853981,4731671886085675
38811859,147.5848,79853981,4731881902055705
38814489,147.5948,79853981,4732091918025735
38817119,147.6048,79853981,4732301933995765
38819749,147.6148,79853981,4732511949965795
38822379,147.6248,79853981,4732721965935825
38825009,147.6348,79853981,4732931981905855
38827639,147.6448,79853981,4733141997875885
38830269,147.6548,79853981,4733352013845915
38832899,147.6648,79853981,4733562029815945
38835529,147.6748,79853981,4733772045785975
38838159,147.6848,79853981,4733982061756005
38840789,147.6948,79853981,4734192077726035
38843419,147.7048,79853981,4734402093696065
38846049,147.7148,79853981,4734612109666095
38848679,147.7248,79853981,4734822125636125
38851309,147.7348,79853981,4735032141606155
38853939,147.7448,79853981,4735242157576185
38856569,147.7548,79853981,4735452173546215
38859199,147.7648,79853981,4735662189516245
38861829,147.7748,79853981,4735872205486275
38864459,147.7848,79853981,4736082221456305
38867089,147.7948,79853981,4736292237426335
38869719,147.8048,79853981,4736502253396365
38872349,147.8148,79853981,4736712269366395
38874979,147.8248,79853981,4736922285336425
38877609,147.8349,79853981,4737132301306455
38880239,147.8449,79853981,4737342317276485
38882869,147.8549,79853981,4737552333246515
38885499,147.8649,79853981,4737762349216545
38888129,147.8749,79853981,4737972365186575
38890759,147.8849,79853981,4738182381156605
38893389,147.8949,79853981,4738392397126635
38896019,147.9049,79853981,4738602413096665
38898649,147.9149,79853981,4738812429066695
38901279,147.9249,79853981,4739022445036725
38903909,147.9349,79853981,4739232461006755
38906539,147.9449,79853981,4739442476976785
38909169,147.9549,79853981,4739652492946815
38911799,147.9649,79853981,4739862508916845
38914429,147.9749,79853981,4740072524886875
38917059,147.9849,79853981,4740282540856905
38919689,147.9949,79853981,4740492556826935
38922319,148.0049,79853981,4740702572796965
38924949,148.0149,79853981,4740912588766995
38927579,148.0249,79853981,4741122604737025
38930209,148.0349,79853981,4741332620707055
38932839,148.0449,79853981,4741542636677085
38935469,148.0549,79853981,4741752652647115
38938099,148.0649,79853981,4741962668617145
38940729,148.0749,79853981,4742172684587175
38943359,148.0849,79853981,4742382700557205
38945989,148.0949,79853981,4742592716527235
38948619,148.1049,79853981,4742802732497265
38951249,148.1149,79853981,4743012748467295
38953879,148.1249,79853981,4743222764437325
38956509,148.1349,79853981,4743432780407355
38959139,148.1449,79853981,4743642796377385
38961769,148.1549,79853981,4743852812347415
38964399,148.1649,79853981,4744062828317445
38967029,148.1749,79853981,4744272844287475
38969659,148.1849,79853981,4744482860257505
38972289,148.1949,79853981,4744692876227535
38974919,148.2049,79853981,4744902892197565
38977549,148.2149,79853981,4745112908167595
38980179,148.2249,79853981,4745322924137625
38982809,148.2349,79853981,4745532940107655
38985439,148.2449,79853981,4745742956077685
38988069,148.2549,79853981,4745952972047715
38990699,148.2649,79853981,4746162988017745
38993329,148.2749,79853981,4746373003987775
38995959,148.2849,79853981,4746583019957805
38998589,148.2949,79853981,4746793035927835
39001219,148.3049,79853981,4747003051897865
39003849,148.3149,79853981,4747213067867895
39006479,148.3249,79853981,4747423083837925
39009109,148.3349,79853981,4747633099807955
39011739,148.3449,79853981,4747843115777985
39014369,148.3549,79853981,4748053131748015
39016999,148.3649,79853981,4748263147718045
39019629,148.3749,79853981,4748473163688075
39022259,148.3849,79853981,4748683179658105
39024889,148.3949,79853981,4748893195628135
39027519,148.4049,79853981,4749103211598165
39030149,148.4149,79853981,4749313227568195
39032779,148.4249,79853981,4749523243538225
39035409,148.4349,79853981,4749733259508255
39038039,148.4449,79853981,4749943275478285
39040669,148.4549,79853981,4750153291448315
39043299,148.4649,79853981,4750363307418345
39045929,148.4749,79853981,4750573323388375
39048559,148.4849,79853981,4750783339358405
39051189,148.4949,79853981,4750993355328435
39053819,148.5049,79853981,4751203371298465
39056449,148.5149,79853981,4751413387268495
39059079,148.5249,79853981,4751623403238525
39061709,148.5349,79853981,4751833419208555
39064339,148.5449,79853981,4752043435178585
39066969,148.5549,79853981,4752253451148615
39069599,148.5649,79853981,4752463467118645
39072229,148.5749,79853981,4752673483088675
39074859,148.5849,79853981,4752883499058705
39077489,148.5949,79853981,4753093515028735
39080119,148.6049,79853981,4753303530998765
39082749,148.6149,79853981,4753513546968795
39085379,148.6249,79853981,4753723562938825
39088009,148.6349,79853981,4753933578908855
39090639,148.6449,79853981,4754143594878885
39093269,148.6549,79853981,4754353610848915
39095899,148.6649,79853981,4754563626818945
39098529,148.6749,79853981,4754773642788975
39101159,148.6849,79853981,4754983658759005
39103789,148.6949,79853981,4755193674729035
39106419,148.7049,79853981,4755403690699065
39109049,148.7149,79853981,4755613706669095
39111679,148.7249,79853981,4755823722639125
39114309,148.7349,79853981,4756033738609155
39116939,148.7449,79853981,4756243754579185
39119569,148.7549,79853981,4756453770549215
39122199,148.7649,79853981,4756663786519245
39124829,148.7749,79853981,4756873802489275
39127459,148.7849,79853981,4757083818459305
39130089,148.7949,79853981,4757293834429335
39132719,148.8049,79853981,4757503850399365
39135349,148.8149,79853981,4757713866369395
39137979,148.8249,79853981,4757923882339425
39140609,148.8349,79853981,4758133898309455
39143239,148.8449,79853981,4758343914279485
39145869,148.8549,79853981,4758553930249515
39148499,148.8649,79853981,4758763946219545
39151129,148.8749,79853981,4758973962189575
39153759,148.8849,79853981,4759183978159605
39156389,148.8949,79853981,4759393994129635
39159019,148.9049,79853981,4759604010099665
39161649,148.9149,79853981,4759814026069695
39164279,148.9249,79853981,4760024042039725
39166909,148.9349,79853981,4760234058009755
39169539,148.9449,79853981,4760444073979785
39172169,148.9549,79853981,4760654089949815
39174799,148.9649,79853981,4760864105919845
39177429,148.9749,79853981,4761074121889875
39180059,148.9849,79853981,4761284137859905
39182689,148.9949,79853981,4761494153829935
39185319,149.0049,79853981,4761704169799965
39187949,149.0149,79853981,4761914185769995
39190579,149.0249,79853981,4762124201740025
39193209,149.0349,79853981,4762334217710055
39195839,149.0449,79853981,4762544233680085
39198469,149.0549,79853981,4762754249650115
39201099,149.0649,79853981,4762964265620145
39203729,149.0749,79853981,4763174281590175
39206359,149.0849,79853981,4763384297560205
39208989,149.0949,79853981,4763594313530235
39211619,149.1049,79853981,4763804329500265
39214249,149.1149,79853981,4764014345470295
39216879,149.1249,79853981,4764224361440325
39219509,149.1349,79853981,4764434377410355
39222139,149.1450,79853981,4764644393380385
39224769,149.1550,79853981,4764854409350415
39227399,149.1650,79853981,4765064425320445
39230029,149.1750,79853981,4765274441290475
39232659,149.1850,79853981,4765484457260505
39235289,149.1950,79853981,4765694473230535
39237919,149.2050,79853981,4765904489200565
39240549,149.2150,79853981,4766114505170595
39243179,149.2250,79853981,4766324521140625
39245809,149.2350,79853981,4766534537110655
39248439,149.2450,79853981,4766744553080685
39251069,149.2550,79853981,4766954569050715
39253699,149.2650,79853981,4767164585020745
39256329,149.2750,79853981,4767374600990775
39258959,149.2850,79853981,4767584616960805
39261589,149.2950,79853981,4767794632930835
39264219,149.3050,79853981,4768004648900865
39266849,149.3150,79853981,4768214664870895
39269479,149.3250,79853981,4768424680840925
39272109,149.3350,79853981,4768634696810955
39274739,149.3450,79853981,4768844712780985
39277369,149.3550,79853981,4769054728751015
39279999,149.3650,79853981,4769264744721045
39282629,149.3750,79853981,4769474760691075
39285259,149.3850,79853981,4769684776661105
39287889,149.3950,79853981,4769894792631135
39290519,149.4050,79853981,4770104808601165
39293149,149.4150,79853981,4770314824571195
39295779,149.4250,79853981,4770524840541225
39298409,149.4350,79853981,4770734856511255
39301039,149.4450,79853981,4770944872481285
39303669,149.4550,79853981,4771154888451315
39306299,149.4650,79853981,4771364904421345
39308929,149.4750,79853981,4771574920391375
39311559,149.4850,79853981,4771784936361405
39314189,149.4950,79853981,4771994952331435
39316819,149.5050,79853981,4772204968301465
39319449,149.5150,79853981,4772414984271495
39322079,149.5250,79853981,4772625000241525
39324709,149.5350,79853981,4772835016211555
39327339,149.5450,79853981,4773045032181585
39329969,149.5550,79853981,4773255048151615
39332599,149.5650,79853981,4773465064121645
39335229,149.5750,79853981,4773675080091675
39337859,149.5850,79853981,4773885096061705
39340489,149.5950,79853981,4774095112031735
39343119,149.6050,79853981,4774305128001765
39345749,149.6150,79853981,4774515143971795
39348379,149.6250,79853981,4774725159941825
39351009,149.6350,79853981,4774935175911855
39353639,149.6450,79853981,4775145191881885
39356269,149.6550,79853981,4775355207851915
39358899,149.6650,79853981,4775565223821945
39361529,149.6750,79853981,4775775239791975
39364159,149.6850,79853981,4775985255762005
39366789,149.6950,79853981,4776195271732035
39369419,149.7050,79853981,4776405287702065
39372049,149.7150,79853981,4776615303672095
39374679,149.7250,79853981,4776825319642125
39377309,149.7350,79853981,4777035335612155
39379939,149.7450,79853981,4777245351582185
39382569,149.7550,79853981,4777455367552215
39385199,149.7650,79853981,4777665383522245
39387829,149.7750,79853981,4777875399492275
39390459,149.7850,79853981,4778085415462305
39393089,149.7950,79853981,4778295431432335
39395719,149.8050,79853981,4778505447402365
39398349,149.8150,79853981,4778715463372395
39400979,149.8250,79853981,4778925479342425
39403609,149.8350,79853981,4779135495312455
39406239,149.8450,79853981,4779345511282485
39408869,149.8550,79853981,4779555527252515
39411499,149.8650,79853981,4779765543222545
39414129,149.8750,79853981,4779975559192575
39416759,149.8850,79853981,4780185575162605
39419389,149.8950,79853981,4780395591132635
39422019,149.9050,79853981,4780605607102665
39424649,149.9150,79853981,4780815623072695
39427279,149.9250,79853981,4781025639042725
39429909,149.9350,79853981,4781235655012755
39432539,149.9450,79853981,4781445670982785
39435169,149.9550,79853981,4781655686952815
39437799,149.9650,79853981,4781865702922845
39440429,149.9750,79853981,4782075718892875
39443059,149.9850,79853981,4782285734862905
39445689,149.9950,79853981,4782495750832935
39448319,150.0050,79853981,4782705766802965
39450949,150.0150,79853981,4782915782772995
39453579,150.0250,79853981,4783125798743025
39456209,150.0350,79853981,4783335814713055
39458839,150.0450,79853981,4783545830683085
39461469,150.0550,79853981,4783755846653115
39464099,150.0650,79853981,4783965862623145
39466729,150.0750,79853981,4784175878593175
39469359,150.0850,79853981,4784385894563205
39471989,150.0950,79853981,4784595910533235
39474619,150.1050,79853981,4784805926503265
39477249,150.1150,79853981,4785015942473295
39479879,150.1250,79853981,4785225958443325
39482509,150.1350,79853981,4785435974413355
39485139,150.1450,79853981,4785645990383385
39487769,150.1550,79853981,4785856006353415
39490399,150.1650,79853981,4786066022323445
39493029,150.1750,79853981,4786276038293475
39495659,150.1850,79853981,4786486054263505
39498289,150.1950,79853981,4786696070233535
39500919,150.2050,79853981,4786906086203565
39503549,150.2150,79853981,4787116102173595
39506179,150.2250,79853981,4787326118143625
39508809,150.2350,79853981,4787536134113655
39511439,150.2450,79853981,4787746150083685
39514069,150.2550,79853981,4787956166053715
39516699,150.2650,79853981,4788166182023745
39519329,150.2750,79853981,4788376197993775
39521959,150.2850,79853981,4788586213963805
39524589,150.2950,79853981,4788796229933835
39527219,150.3050,79853981,4789006245903865
39529849,150.3150,79853981,4789216261873895
39532479,150.3250,79853981,4789426277843925
39535109,150.3350,79853981,4789636293813955
39537739,150.3450,79853981,4789846309783985
39540369,150.3550,79853981,4790056325754015
39542999,150.3650,79853981,4790266341724045
39545629,150.3750,79853981,4790476357694075
39548259,150.3850,79853981,4790686373664105
39550889,150.3950,79853981,4790896389634135
39553519,150.4050,79853981,4791106405604165
39556149,150.4150,79853981,4791316421574195
39558779,150.4250,79853981,4791526437544225
39561409,150.4350,79853981,4791736453514255
39564039,150.4450,79853981,4791946469484285
39566669,150.4550,79853981,4792156485454315
39569299,150.4651,79853981,4792366501424345
39571929,150.4751,79853981,4792576517394375
39574559,150.4851,79853981,4792786533364405
39577189,150.4951,79853981,4792996549334435
39579819,150.5051,79853981,4793206565304465
39582449,150.5151,79853981,4793416581274495
39585079,150.5251,79853981,4793626597244525
39587709,150.5351,79853981,4793836613214555
39590339,150.5451,79853981,4794046629184585
39592969,150.5551,79853981,4794256645154615
39595599,150.5651,79853981,4794466661124645
39598229,150.5751,79853981,4794676677094675
39600859,150.5851,79853981,4794886693064705
39603489,150.5951,79853981,4795096709034735
39606119,150.6051,79853981,4795306725004765
39608749,150.6151,79853981,4795516740974795
39611379,150.6251,79853981,4795726756944825
39614009,150.6351,79853981,4795936772914855
39616639,150.6451,79853981,4796146788884885
39619269,150.6551,79853981,4796356804854915
39621899,150.6651,79853981,4796566820824945
39624529,150.6751,79853981,4796776836794975
39627159,150.6851,79853981,4796986852765005
39629789,150.6951,79853981,4797196868735035
39632419,150.7051,79853981,4797406884705065
39635049,150.7151,79853981,4797616900675095
39637679,150.7251,79853981,4797826916645125
39640309,150.7351,79853981,4798036932615155
39642939,150.7451,79853981,4798246948585185
39645569,150.7551,79853981,4798456964555215
39648199,150.7651,79853981,4798666980525245
39650829,150.7751,79853981,4798876996495275
39653459,150.7851,79853981,4799087012465305
39656089,150.7951,79853981,4799297028435335
39658719,150.8051,79853981,4799507044405365
39661349,150.8151,79853981,4799717060375395
39663979,150.8251,79853981,4799927076345425
39666609,150.8351,79853981,4800137092315455
39669239,150.8451,79853981,4800347108285485
39671869,150.8551,79853981,4800557124255515
39674499,150.8651,79853981,4800767140225545
39677129,150.8751,79853981,4800977156195575
39679759,150.8851,79853981,4801187172165605
39682389,150.8951,79853981,4801397188135635
39685019,150.9051,79853981,4801607204105665
39687649,150.9151,79853981,4801817220075695
39690279,150.9251,79853981,4802027236045725
39692909,150.9351,79853981,4802237252015755
39695539,150.9451,79853981,4802447267985785
39698169,150.9551,79853981,4802657283955815
39700799,150.9651,79853981,4802867299925845
39703429,150.9751,79853981,4803077315895875
39706059,150.9851,79853981,4803287331865905
39708689,150.9951,79853981,4803497347835935
39711319,151.0051,79853981,4803707363805965
39713949,151.0151,79853981,4803917379775995
39716579,151.0251,79853981,4804127395746025
39719209,151.0351,79853981,4804337411716055
39721839,151.0451,79853981,4804547427686085
39724469,151.0551,79853981,4804757443656115
39727099,151.0651,79853981,4804967459626145
39729729,151.0751,79853981,4805177475596175
39732359,151.0851,79853981,4805387491566205
39734989,151.0951,79853981,4805597507536235
39737619,151.1051,79853981,4805807523506265
39740249,151.1151,79853981,4806017539476295
39742879,151.1251,79853981,4806227555446325
39745509,151.1351,79853981,4806437571416355
39748139,151.1451,79853981,4806647587386385
39750769,151.1551,79853981,4806857603356415
39753399,151.1651,79853981,4807067619326445
39756029,151.1751,79853981,4807277635296475
39758659,151.1851,79853981,4807487651266505
39761289,151.1951,79853981,4807697667236535
39763919,151.2051,79853981,4807907683206565
39766549,151.2151,79853981,4808117699176595
39769179,151.2251,79853981,4808327715146625
39771809,151.2351,79853981,4808537731116655
39774439,151.2451,79853981,4808747747086685
39777069,151.2551,79853981,4808957763056715
39779699,151.2651,79853981,4809167779026745
39782329,151.2751,79853981,4809377794996775
39784959,151.2851,79853981,4809587810966805
39787589,151.2951,79853981,4809797826936835
39790219,151.3051,79853981,4810007842906865
39792849,151.3151,79853981,4810217858876895
39795479,151.3251,79853981,4810427874846925
39798109,151.3351,79853981,4810637890816955
39800739,151.3451,79853981,4810847906786985
39803369,151.3551,79853981,4811057922757015
39805999,151.3651,79853981,4811267938727045
39808629,151.3751,79853981,4811477954697075
39811259,151.3851,79853981,4811687970667105
39813889,151.3951,79853981,4811897986637135
39816519,151.4051,79853981,4812108002607165
39819149,151.4151,79853981,4812318018577195
39821779,151.4251,79853981,4812528034547225
39824409,151.4351,79853981,4812738050517255
39827039,151.4451,79853981,4812948066487285
39829669,151.4551,79853981,4813158082457315
39832299,151.4651,79853981,4813368098427345
39834929,151.4751,79853981,4813578114397375
39837559,151.4851,79853981,4813788130367405
39840189,151.4951,79853981,4813998146337435
39842819,151.5051,79853981,4814208162307465
39845449,151.5151,79853981,4814418178277495
39848079,151.5251,79853981,4814628194247525
39850709,151.5351,79853981,4814838210217555
39853339,151.5451,79853981,4815048226187585
39855969,151.5551,79853981,4815258242157615
39858599,151.5651,79853981,4815468258127645
39861229,151.5751,79853981,4815678274097675
39863859,151.5851,79853981,4815888290067705
39866489,151.5951,79853981,4816098306037735
39869119,151.6051,79853981,4816308322007765
39871749,151.6151,79853981,4816518337977795
39874379,151.6251,79853981,4816728353947825
39877009,151.6351,79853981,4816938369917855
39879639,151.6451,79853981,4817148385887885
39882269,151.6551,79853981,4817358401857915
39884899,151.6651,79853981,4817568417827945
39887529,151.6751,79853981,4817778433797975
39890159,151.6851,79853981,4817988449768005
39892789,151.6951,79853981,4818198465738035
39895419,151.7051,79853981,4818408481708065
39898049,151.7151,79853981,4818618497678095
39900679,151.7251,79853981,4818828513648125
39903309,151.7351,79853981,4819038529618155
39905939,151.7451,79853981,4819248545588185
39908569,151.7551,79853981,4819458561558215
39911199,151.7651,79853981,4819668577528245
39913829,151.7752,79853981,4819878593498275
39916459,151.7852,79853981,4820088609468305
39919089,151.7952,79853981,4820298625438335
39921719,151.8052,79853981,4820508641408365
39924349,151.8152,79853981,4820718657378395
39926979,151.8252,79853981,4820928673348425
39929609,151.8352,79853981,4821138689318455
39932239,151.8452,79853981,4821348705288485
39934869,151.8552,79853981,4821558721258515
39937499,151.8652,79853981,4821768737228545
39940129,151.8752,79853981,4821978753198575
39942759,151.8852,79853981,4822188769168605
39945389,151.8952,79853981,4822398785138635
39948019,151.9052,79853981,4822608801108665
39950649,151.9152,79853981,4822818817078695
39953279,151.9252,79853981,4823028833048725
39955909,151.9352,79853981,4823238849018755
39958539,151.9452,79853981,4823448864988785
39961169,151.9552,79853981,4823658880958815
39963799,151.9652,79853981,4823868896928845
39966429,151.9752,79853981,4824078912898875
39969059,151.9852,79853981,4824288928868905
39971689,151.9952,79853981,4824498944838935
39974319,152.0052,79853981,4824708960808965
39976949,152.0152,79853981,4824918976778995
39979579,152.0252,79853981,4825128992749025
39982209,152.0352,79853981,4825339008719055
39984839,152.0452,79853981,4825549024689085
39987469,152.0552,79853981,4825759040659115
39990099,152.0652,79853981,4825969056629145
39992729,152.0752,79853981,4826179072599175
39995359,152.0852,79853981,4826389088569205
39997989,152.0952,79853981,4826599104539235
40000619,152.1052,79853981,4826809120509265
40003249,152.1152,79853981,4827019136479295
40005879,152.1252,79853981,4827229152449325
40008509,152.1352,79853981,4827439168419355
40011139,152.1452,79853981,4827649184389385
40013769,152.1552,79853981,4827859200359415
40016399,152.1652,79853981,4828069216329445
40019029,152.1752,79853981,4828279232299475
40021659,152.1852,79853981,4828489248269505
40024289,152.1952,79853981,4828699264239535
40026919,152.2052,79853981,4828909280209565
40029549,152.2152,79853981,4829119296179595
40032179,152.2252,79853981,4829329312149625
40034809,152.2352,79853981,4829539328119655
40037439,152.2452,79853981,4829749344089685
40040069,152.2552,79853981,4829959360059715
40042699,152.2652,79853981,4830169376029745
40045329,152.2752,79853981,4830379391999775
40047959,152.2852,79853981,4830589407969805
40050589,152.2952,79853981,4830799423939835
40053219,152.3052,79853981,4831009439909865
40055849,152.3152,79853981,4831219455879895
40058479,152.3252,79853981,4831429471849925
40061109,152.3352,79853981,4831639487819955
40063739,152.3452,79853981,4831849503789985
40066369,152.3552,79853981,4832059519760015
40068999,152.3652,79853981,4832269535730045
40071629,152.3752,79853981,4832479551700075
40074259,152.3852,79853981,4832689567670105
40076889,152.3952,79853981,4832899583640135
40079519,152.4052,79853981,4833109599610165
40082149,152.4152,79853981,4833319615580195
40084779,152.4252,79853981,4833529631550225
40087409,152.4352,79853981,4833739647520255
40090039,152.4452,79853981,4833949663490285
40092669,152.4552,79853981,4834159679460315
40095299,152.4652,79853981,4834369695430345
40097929,152.4752,79853981,4834579711400375
40100559,152.4852,79853981,4834789727370405
40103189,152.4952,79853981,4834999743340435
40105819,152.5052,79853981,4835209759310465
40108449,152.5152,79853981,4835419775280495
40111079,152.5252,79853981,4835629791250525
40113709,152.5352,79853981,4835839807220555
40116339,152.5452,79853981,4836049823190585
40118969,152.5552,79853981,4836259839160615
40121599,152.5652,79853981,4836469855130645
40124229,152.5752,79853981,4836679871100675
40126859,152.5852,79853981,4836889887070705
40129489,152.5952,79853981,4837099903040735
40132119,152.6052,79853981,4837309919010765
40134749,152.6152,79853981,4837519934980795
40137379,152.6252,79853981,4837729950950825
40140009,152.6352,79853981,4837939966920855
40142639,152.6452,79853981,4838149982890885
40145269,152.6552,79853981,4838359998860915
40147899,152.6652,79853981,4838570014830945
40150529,152.6752,79853981,4838780030800975
40153159,152.6852,79853981,4838990046771005
40155789,152.6952,79853981,4839200062741035
40158419,152.7052,79853981,4839410078711065
40161049,152.7152,79853981,4839620094681095
40163679,152.7252,79853981,4839830110651125
40166309,152.7352,79853981,4840040126621155
40168939,152.7452,79853981,4840250142591185
40171569,152.7552,79853981,4840460158561215
40174199,152.7652,79853981,4840670174531245
40176829,152.7752,79853981,4840880190501275
40179459,152.7852,79853981,4841090206471305
40182089,152.7952,79853981,4841300222441335
40184719,152.8052,79853981,4841510238411365
40187349,152.8152,79853981,4841720254381395
40189979,152.8252,79853981,4841930270351425
40192609,152.8352,79853981,4842140286321455
40195239,152.8452,79853981,4842350302291485
40197869,152.8552,79853981,4842560318261515
40200499,152.8652,79853981,4842770334231545
40203129,152.8752,79853981,4842980350201575
40205759,152.8852,79853981,4843190366171605
40208389,152.8952,79853981,4843400382141635
40211019,152.9052,79853981,4843610398111665
40213649,152.9152,79853981,4843820414081695
40216279,152.9252,79853981,4844030430051725
40218909,152.9352,79853981,4844240446021755
40221539,152.9452,79853981,4844450461991785
40224169,152.9552,79853981,4844660477961815
40226799,152.9652,79853981,4844870493931845
40229429,152.9752,79853981,4845080509901875
40232059,152.9852,79853981,4845290525871905
40234689,152.9952,79853981,4845500541841935
40237319,153.0052,79853981,4845710557811965
40239949,153.0152,79853981,4845920573781995
40242579,153.0252,79853981,4846130589752025
40245209,153.0352,79853981,4846340605722055
40247839,153.0452,79853981,4846550621692085
40250469,153.0552,79853981,4846760637662115
40253099,153.0652,79853981,4846970653632145
40255729,153.0752,79853981,4847180669602175
40258359,153.0852,79853981,4847390685572205
40260989,153.0953,79853981,4847600701542235
40263619,153.1053,79853981,4847810717512265
40266249,153.1153,79853981,4848020733482295
40268879,153.1253,79853981,4848230749452325
40271509,153.1353,79853981,4848440765422355
40274139,153.1453,79853981,4848650781392385
40276769,153.1553,79853981,4848860797362415
40279399,153.1653,79853981,4849070813332445
40282029,153.1753,79853981,4849280829302475
40284659,153.1853,79853981,4849490845272505
40287289,153.1953,79853981,4849700861242535
40289919,153.2053,79853981,4849910877212565
40292549,153.2153,79853981,4850120893182595
40295179,153.2253,79853981,4850330909152625
40297809,153.2353,79853981,4850540925122655
40300439,153.2453,79853981,4850750941092685
40303069,153.2553,79853981,4850960957062715
40305699,153.2653,79853981,4851170973032745
40308329,153.2753,79853981,4851380989002775
40310959,153.2853,79853981,4851591004972805
40313589,153.2953,79853981,4851801020942835
40316219,153.3053,79853981,4852011036912865
40318849,153.3153,79853981,4852221052882895
40321479,153.3253,79853981,4852431068852925
40324109,153.3353,79853981,4852641084822955
40326739,153.3453,79853981,4852851100792985
40329369,153.3553,79853981,4853061116763015
40331999,153.3653,79853981,4853271132733045
40334629,153.3753,79853981,4853481148703075
40337259,153.3853,79853981,4853691164673105
40339889,153.3953,79853981,4853901180643135
40342519,153.4053,79853981,4854111196613165
40345149,153.4153,79853981,4854321212583195
40347779,153.4253,79853981,4854531228553225
40350409,153.4353,79853981,4854741244523255
40353039,153.4453,79853981,4854951260493285
40355669,153.4553,79853981,4855161276463315
40358299,153.4653,79853981,4855371292433345
40360929,153.4753,79853981,4855581308403375
40363559,153.4853,79853981,4855791324373405
40366189,153.4953,79853981,4856001340343435
40368819,153.5053,79853981,4856211356313465
40371449,153.5153,79853981,4856421372283495
40374079,153.5253,79853981,4856631388253525
40376709,153.5353,79853981,4856841404223555
40379339,153.5453,79853981,4857051420193585
40381969,153.5553,79853981,4857261436163615
40384599,153.5653,79853981,4857471452133645
40387229,153.5753,79853981,4857681468103675
40389859,153.5853,79853981,4857891484073705
40392489,153.5953,79853981,4858101500043735
40395119,153.6053,79853981,4858311516013765
40397749,153.6153,79853981,4858521531983795
40400379,153.6253,79853981,4858731547953825
40403009,153.6353,79853981,4858941563923855
40405639,153.6453,79853981,4859151579893885
40408269,153.6553,79853981,4859361595863915
40410899,153.6653,79853981,4859571611833945
40413529,153.6753,79853981,4859781627803975
40416159,153.6853,79853981,4859991643774005
40418789,153.6953,79853981,4860201659744035
40421419,153.7053,79853981,4860411675714065
40424049,153.7153,79853981,4860621691684095
40426679,153.7253,79853981,4860831707654125
40429309,153.7353,79853981,4861041723624155
40431939,153.7453,79853981,4861251739594185
40434569,153.7553,79853981,4861461755564215
40437199,153.7653,79853981,4861671771534245
40439829,153.7753,79853981,4861881787504275
40442459,153.7853,79853981,4862091803474305
40445089,153.7953,79853981,4862301819444335
40447719,153.8053,79853981,4862511835414365
40450349,153.8153,79853981,4862721851384395
40452979,153.8253,79853981,4862931867354425
40455609,153.8353,79853981,4863141883324455
40458239,153.8453,79853981,4863351899294485
40460869,153.8553,79853981,4863561915264515
40463499,153.8653,79853981,4863771931234545
40466129,153.8753,79853981,4863981947204575
40468759,153.8853,79853981,4864191963174605
40471389,153.8953,79853981,4864401979144635
40474019,153.9053,79853981,4864611995114665
40476649,153.9153,79853981,4864822011084695
40479279,153.9253,79853981,4865032027054725
40481909,153.9353,79853981,4865242043024755
40484539,153.9453,79853981,4865452058994785
40487169,153.9553,79853981,4865662074964815
40489799,153.9653,79853981,4865872090934845
40492429,153.9753,79853981,4866082106904875
40495059,153.9853,79853981,4866292122874905
40497689,153.9953,79853981,4866502138844935
40500319,154.0053,79853981,4866712154814965
40502949,154.0153,79853981,4866922170784995
40505579,154.0253,79853981,4867132186755025
40508209,154.0353,79853981,4867342202725055
40510839,154.0453,79853981,4867552218695085
40513469,154.0553,79853981,4867762234665115
40516099,154.0653,79853981,4867972250635145
40518729,154.0753,79853981,4868182266605175
40521359,154.0853,79853981,4868392282575205
40523989,154.0953,79853981,4868602298545235
40526619,154.1053,79853981,4868812314515265
40529249,154.1153,79853981,4869022330485295
40531879,154.1253,79853981,4869232346455325
40534509,154.1353,79853981,4869442362425355
40537139,154.1453,79853981,4869652378395385
40539769,154.1553,79853981,4869862394365415
40542399,154.1653,79853981,4870072410335445
40545029,154.1753,79853981,4870282426305475
40547659,154.1853,79853981,4870492442275505
40550289,154.1953,79853981,4870702458245535
40552919,154.2053,79853981,4870912474215565
40555549,154.2153,79853981,4871122490185595
40558179,154.2253,79853981,4871332506155625
40560809,154.2353,79853981,4871542522125655
40563439,154.2453,79853981,4871752538095685
40566069,154.2553,79853981,4871962554065715
40568699,154.2653,79853981,4872172570035745
40571329,154.2753,79853981,4872382586005775
40573959,154.2853,79853981,4872592601975805
40576589,154.2953,79853981,4872802617945835
40579219,154.3053,79853981,4873012633915865
40581849,154.3153,79853981,4873222649885895
40584479,154.3253,79853981,4873432665855925
40587109,154.3353,79853981,4873642681825955
40589739,154.3453,79853981,4873852697795985
40592369,154.3553,79853981,4874062713766015
40594999,154.3653,79853981,4874272729736045
40597629,154.3753,79853981,4874482745706075
40600259,154.3853,79853981,4874692761676105
40602889,154.3953,79853981,4874902777646135
40605519,154.4054,79853981,4875112793616165
40608149,154.4154,79853981,4875322809586195
40610779,154.4254,79853981,4875532825556225
40613409,154.4354,79853981,4875742841526255
40616039,154.4454,79853981,4875952857496285
40618669,154.4554,79853981,4876162873466315
40621299,154.4654,79853981,4876372889436345
40623929,154.4754,79853981,4876582905406375
40626559,154.4854,79853981,4876792921376405
40629189,154.4954,79853981,4877002937346435
40631819,154.5054,79853981,4877212953316465
40634449,154.5154,79853981,4877422969286495
40637079,154.5254,79853981,4877632985256525
40639709,154.5354,79853981,4877843001226555
40642339,154.5454,79853981,4878053017196585
40644969,154.5554,79853981,4878263033166615
40647599,154.5654,79853981,4878473049136645
40650229,154.5754,79853981,4878683065106675
40652859,154.5854,79853981,4878893081076705
40655489,154.5954,79853981,4879103097046735
40658119,154.6054,79853981,4879313113016765
40660749,154.6154,79853981,4879523128986795
40663379,154.6254,79853981,4879733144956825
40666009,154.6354,79853981,4879943160926855
40668639,154.6454,79853981,4880153176896885
40671269,154.6554,79853981,4880363192866915
40673899,154.6654,79853981,4880573208836945
40676529,154.6754,79853981,4880783224806975
40679159,154.6854,79853981,4880993240777005
40681789,154.6954,79853981,4881203256747035
40684419,154.7054,79853981,4881413272717065
40687049,154.7154,79853981,4881623288687095
40689679,154.7254,79853981,4881833304657125
40692309,154.7354,79853981,4882043320627155
40694939,154.7454,79853981,4882253336597185
40697569,154.7554,79853981,4882463352567215
40700199,154.7654,79853981,4882673368537245
40702829,154.7754,79853981,4882883384507275
40705459,154.7854,79853981,4883093400477305
40708089,154.7954,79853981,4883303416447335
40710719,154.8054,79853981,4883513432417365
40713349,154.8154,79853981,4883723448387395
40715979,154.8254,79853981,4883933464357425
40718609,154.8354,79853981,4884143480327455
40721239,154.8454,79853981,4884353496297485
40723869,154.8554,79853981,4884563512267515
40726499,154.8654,79853981,4884773528237545
40729129,154.8754,79853981,4884983544207575
40731759,154.8854,79853981,4885193560177605
40734389,154.8954,79853981,4885403576147635
40737019,154.9054,79853981,4885613592117665
40739649,154.9154,79853981,4885823608087695
40742279,154.9254,79853981,4886033624057725
40744909,154.9354,79853981,4886243640027755
40747539,154.9454,79853981,4886453655997785
40750169,154.9554,79853981,4886663671967815
40752799,154.9654,79853981,4886873687937845
40755429,154.9754,79853981,4887083703907875
40758059,154.9854,79853981,4887293719877905
40760689,154.9954,79853981,4887503735847935
40763319,155.0054,79853981,4887713751817965
40765949,155.0154,79853981,4887923767787995
40768579,155.0254,79853981,4888133783758025
40771209,155.0354,79853981,4888343799728055
40773839,155.0454,79853981,4888553815698085
40776469,155.0554,79853981,4888763831668115
40779099,155.0654,79853981,4888973847638145
40781729,155.0754,79853981,4889183863608175
40784359,155.0854,79853981,4889393879578205
40786989,155.0954,79853981,4889603895548235
40789619,155.1054,79853981,4889813911518265
40792249,155.1154,79853981,4890023927488295
40794879,155.1254,79853981,4890233943458325
40797509,155.1354,79853981,4890443959428355
40800139,155.1454,79853981,4890653975398385
40802769,155.1554,79853981,4890863991368415
40805399,155.1654,79853981,4891074007338445
40808029,155.1754,79853981,4891284023308475
40810659,155.1854,79853981,4891494039278505
40813289,155.1954,79853981,4891704055248535
40815919,155.2054,79853981,4891914071218565
40818549,155.2154,79853981,4892124087188595
40821179,155.2254,79853981,4892334103158625
40823809,155.2354,79853981,4892544119128655
40826439,155.2454,79853981,4892754135098685
40829069,155.2554,79853981,4892964151068715
40831699,155.2654,79853981,4893174167038745
40834329,155.2754,79853981,4893384183008775
40836959,155.2854,79853981,4893594198978805
40839589,155.2954,79853981,4893804214948835
40842219,155.3054,79853981,4894014230918865
40844849,155.3154,79853981,4894224246888895
40847479,155.3254,79853981,4894434262858925
40850109,155.3354,79853981,4894644278828955
40852739,155.3454,79853981,4894854294798985
40855369,155.3554,79853981,4895064310769015
40857999,155.3654,79853981,4895274326739045
40860629,155.3754,79853981,4895484342709075
40863259,155.3854,79853981,4895694358679105
40865889,155.3954,79853981,4895904374649135
40868519,155.4054,79853981,4896114390619165
40871149,155.4154,79853981,4896324406589195
40873779,155.4254,79853981,4896534422559225
40876409,155.4354,79853981,4896744438529255
40879039,155.4454,79853981,4896954454499285
40881669,155.4554,79853981,4897164470469315
40884299,155.4654,79853981,4897374486439345
40886929,155.4754,79853981,4897584502409375
40889559,155.4854,79853981,4897794518379405
40892189,155.4954,79853981,4898004534349435
40894819,155.5054,79853981,4898214550319465
40897449,155.5154,79853981,4898424566289495
40900079,155.5254,79853981,4898634582259525
40902709,155.5354,79853981,4898844598229555
40905339,155.5454,79853981,4899054614199585
40907969,155.5554,79853981,4899264630169615
40910599,155.5654,79853981,4899474646139645
40913229,155.5754,79853981,4899684662109675
40915859,155.5854,79853981,4899894678079705
40918489,155.5954,79853981,4900104694049735
40921119,155.6054,79853981,4900314710019765
40923749,155.6154,79853981,4900524725989795
40926379,155.6254,79853981,4900734741959825
40929009,155.6354,79853981,4900944757929855
40931639,155.6454,79853981,4901154773899885
40934269,155.6554,79853981,4901364789869915
40936899,155.6654,79853981,4901574805839945
40939529,155.6754,79853981,4901784821809975
40942159,155.6854,79853981,4901994837780005
40944789,155.6954,79853981,4902204853750035
40947419,155.7054,79853981,4902414869720065
40950049,155.7154,79853981,4902624885690095
40952679,155.7255,79853981,4902834901660125
40955309,155.7355,79853981,4903044917630155
40957939,155.7455,79853981,4903254933600185
40960569,155.7555,79853981,4903464949570215
40963199,155.7655,79853981,4903674965540245
40965829,155.7755,79853981,4903884981510275
40968459,155.7855,79853981,4904094997480305
40971089,155.7955,79853981,4904305013450335
40973719,155.8055,79853981,4904515029420365
40976349,155.8155,79853981,4904725045390395
40978979,155.8255,79853981,4904935061360425
40981609,155.8355,79853981,4905145077330455
40984239,155.8455,79853981,4905355093300485
40986869,155.8555,79853981,4905565109270515
40989499,155.8655,79853981,4905775125240545
40992129,155.8755,79853981,4905985141210575
40994759,155.8855,79853981,4906195157180605
40997389,155.8955,79853981,4906405173150635
41000019,155.9055,79853981,4906615189120665
41002649,155.9155,79853981,4906825205090695
41005279,155.9255,79853981,4907035221060725
41007909,155.9355,79853981,4907245237030755
41010539,155.9455,79853981,4907455253000785
41013169,155.9555,79853981,4907665268970815
41015799,155.9655,79853981,4907875284940845
41018429,155.9755,79853981,4908085300910875
41021059,155.9855,79853981,4908295316880905
41023689,155.9955,79853981,4908505332850935
41026319,156.0055,79853981,4908715348820965
41028949,156.0155,79853981,4908925364790995
41031579,156.0255,79853981,4909135380761025
41034209,156.0355,79853981,4909345396731055
41036839,156.0455,79853981,4909555412701085
41039469,156.0555,79853981,4909765428671115
41042099,156.0655,79853981,4909975444641145
41044729,156.0755,79853981,4910185460611175
41047359,156.0855,79853981,4910395476581205
41049989,156.0955,79853981,4910605492551235
41052619,156.1055,79853981,4910815508521265
41055249,156.1155,79853981,4911025524491295
41057879,156.1255,79853981,4911235540461325
41060509,156.1355,79853981,4911445556431355
41063139,156.1455,79853981,4911655572401385
41065769,156.1555,79853981,4911865588371415
41068399,156.1655,79853981,4912075604341445
41071029,156.1755,79853981,4912285620311475
41073659,156.1855,79853981,4912495636281505
41076289,156.1955,79853981,4912705652251535
41078919,156.2055,79853981,4912915668221565
41081549,156.2155,79853981,4913125684191595
41084179,156.2255,79853981,4913335700161625
41086809,156.2355,79853981,4913545716131655
41089439,156.2455,79853981,4913755732101685
41092069,156.2555,79853981,4913965748071715
41094699,156.2655,79853981,4914175764041745
41097329,156.2755,79853981,4914385780011775
41099959,156.2855,79853981,4914595795981805
41102589,156.2955,79853981,4914805811951835
41105219,156.3055,79853981,4915015827921865
41107849,156.3155,79853981,4915225843891895
41110479,156.3255,79853981,4915435859861925
41113109,156.3355,79853981,4915645875831955
41115739,156.3455,79853981,4915855891801985
41118369,156.3555,79853981,4916065907772015
41120999,156.3655,79853981,4916275923742045
41123629,156.3755,79853981,4916485939712075
41126259,156.3855,79853981,4916695955682105
41128889,156.3955,79853981,4916905971652135
41131519,156.4055,79853981,4917115987622165
41134149,156.4155,79853981,4917326003592195
41136779,156.4255,79853981,4917536019562225
41139409,156.4355,79853981,4917746035532255
41142039,156.4455,79853981,4917956051502285
41144669,156.4555,79853981,4918166067472315
41147299,156.4655,79853981,4918376083442345
41149929,156.4755,79853981,4918586099412375
41152559,156.4855,79853981,4918796115382405
41155189,156.4955,79853981,4919006131352435
41157819,156.5055,79853981,4919216147322465
41160449,156.5155,79853981,4919426163292495
41163079,156.5255,79853981,4919636179262525
41165709,156.5355,79853981,4919846195232555
41168339,156.5455,79853981,4920056211202585
41170969,156.5555,79853981,4920266227172615
41173599,156.5655,79853981,4920476243142645
41176229,156.5755,79853981,4920686259112675
41178859,156.5855,79853981,4920896275082705
41181489,156.5955,79853981,4921106291052735
41184119,156.6055,79853981,4921316307022765
41186749,156.6155,79853981,4921526322992795
41189379,156.6255,79853981,4921736338962825
41192009,156.6355,79853981,4921946354932855
41194639,156.6455,79853981,4922156370902885
41197269,156.6555,79853981,4922366386872915
41199899,156.6655,79853981,4922576402842945
41202529,156.6755,79853981,4922786418812975
41205159,156.6855,79853981,4922996434783005
41207789,156.6955,79853981,4923206450753035
41210419,156.7055,79853981,4923416466723065
41213049,156.7155,79853981,4923626482693095
41215679,156.7255,79853981,4923836498663125
41218309,156.7355,79853981,4924046514633155
41220939,156.7455,79853981,4924256530603185
41223569,156.7555,79853981,4924466546573215
41226199,156.7655,79853981,4924676562543245
41228829,156.7755,79853981,4924886578513275
41231459,156.7855,79853981,4925096594483305
41234089,156.7955,79853981,4925306610453335
41236719,156.8055,79853981,4925516626423365
41239349,156.8155,79853981,4925726642393395
41241979,156.8255,79853981,4925936658363425
41244609,156.8355,79853981,4926146674333455
41247239,156.8455,79853981,4926356690303485
41249869,156.8555,79853981,4926566706273515
41252499,156.8655,79853981,4926776722243545
41255129,156.8755,79853981,4926986738213575
41257759,156.8855,79853981,4927196754183605
41260389,156.8955,79853981,4927406770153635
41263019,156.9055,79853981,4927616786123665
41265649,156.9155,79853981,4927826802093695
41268279,156.9255,79853981,4928036818063725
41270909,156.9355,79853981,4928246834033755
41273539,156.9455,79853981,4928456850003785
41276169,156.9555,79853981,4928666865973815
41278799,156.9655,79853981,4928876881943845
41281429,156.9755,79853981,4929086897913875
41284059,156.9855,79853981,4929296913883905
41286689,156.9955,79853981,4929506929853935
41289319,157.0055,79853981,4929716945823965
41291949,157.0155,79853981,4929926961793995
41294579,157.0255,79853981,4930136977764025
41297209,157.0356,79853981,4930346993734055
41299839,157.0456,79853981,4930557009704085
41302469,157.0556,79853981,4930767025674115
41305099,157.0656,79853981,4930977041644145
41307729,157.0756,79853981,4931187057614175
41310359,157.0856,79853981,4931397073584205
41312989,157.0956,79853981,4931607089554235
41315619,157.1056,79853981,4931817105524265
41318249,157.1156,79853981,4932027121494295
41320879,157.1256,79853981,4932237137464325
41323509,157.1356,79853981,4932447153434355
41326139,157.1456,79853981,4932657169404385
41328769,157.1556,79853981,4932867185374415
41331399,157.1656,79853981,4933077201344445
41334029,157.1756,79853981,4933287217314475
41336659,157.1856,79853981,4933497233284505
41339289,157.1956,79853981,4933707249254535
41341919,157.2056,79853981,4933917265224565
41344549,157.2156,79853981,4934127281194595
41347179,157.2256,79853981,4934337297164625
41349809,157.2356,79853981,4934547313134655
41352439,157.2456,79853981,4934757329104685
41355069,157.2556,79853981,4934967345074715
41357699,157.2656,79853981,4935177361044745
41360329,157.2756,79853981,4935387377014775
41362959,157.2856,79853981,4935597392984805
41365589,157.2956,79853981,4935807408954835
41368219,157.3056,79853981,4936017424924865
41370849,157.3156,79853981,4936227440894895
41373479,157.3256,79853981,4936437456864925
41376109,157.3356,79853981,4936647472834955
41378739,157.3456,79853981,4936857488804985
41381369,157.3556,79853981,4937067504775015
41383999,157.3656,79853981,4937277520745045
41386629,157.3756,79853981,4937487536715075
41389259,157.3856,79853981,4937697552685105
41391889,157.3956,79853981,4937907568655135
41394519,157.4056,79853981,4938117584625165
41397149,157.4156,79853981,4938327600595195
41399779,157.4256,79853981,4938537616565225
41402409,157.4356,79853981,4938747632535255
41405039,157.4456,79853981,4938957648505285
41407669,157.4556,79853981,4939167664475315
41410299,157.4656,79853981,4939377680445345
41412929,157.4756,79853981,4939587696415375
41415559,157.4856,79853981,4939797712385405
41418189,157.4956,79853981,4940007728355435
41420819,157.5056,79853981,4940217744325465
41423449,157.5156,79853981,4940427760295495
41426079,157.5256,79853981,4940637776265525
41428709,157.5356,79853981,4940847792235555
41431339,157.5456,79853981,4941057808205585
41433969,157.5556,79853981,4941267824175615
41436599,157.5656,79853981,4941477840145645
41439229,157.5756,79853981,4941687856115675
41441859,157.5856,79853981,4941897872085705
41444489,157.5956,79853981,4942107888055735
41447119,157.6056,79853981,4942317904025765
41449749,157.6156,79853981,4942527919995795
41452379,157.6256,79853981,4942737935965825
41455009,157.6356,79853981,4942947951935855
41457639,157.6456,79853981,4943157967905885
41460269,157.6556,79853981,4943367983875915
41462899,157.6656,79853981,4943577999845945
41465529,157.6756,79853981,4943788015815975
41468159,157.6856,79853981,4943998031786005
41470789,157.6956,79853981,4944208047756035
41473419,157.7056,79853981,4944418063726065
41476049,157.7156,79853981,4944628079696095
41478679,157.7256,79853981,4944838095666125
41481309,157.7356,79853981,4945048111636155
41483939,157.7456,79853981,4945258127606185
41486569,157.7556,79853981,4945468143576215
41489199,157.7656,79853981,4945678159546245
41491829,157.7756,79853981,4945888175516275
41494459,157.7856,79853981,4946098191486305
41497089,157.7956,79853981,4946308207456335
41499719,157.8056,79853981,4946518223426365
41502349,157.8156,79853981,4946728239396395
41504979,157.8256,79853981,4946938255366425
41507609,157.8356,79853981,4947148271336455
41510239,157.8456,79853981,4947358287306485
41512869,157.8556,79853981,4947568303276515
41515499,157.8656,79853981,4947778319246545
41518129,157.8756,79853981,4947988335216575
41520759,157.8856,79853981,4948198351186605
41523389,157.8956,79853981,4948408367156635
41526019,157.9056,79853981,4948618383126665
41528649,157.9156,79853981,4948828399096695
41531279,157.9256,79853981,4949038415066725
41533909,157.9356,79853981,4949248431036755
41536539,157.9456,79853981,4949458447006785
41539169,157.9556,79853981,4949668462976815
41541799,157.9656,79853981,4949878478946845
41544429,157.9756,79853981,4950088494916875
41547059,157.9856,79853981,4950298510886905
41549689,157.9956,79853981,4950508526856935
41552319,158.0056,79853981,4950718542826965
41554949,158.0156,79853981,4950928558796995
41557579,158.0256,79853981,4951138574767025
41560209,158.0356,79853981,4951348590737055
41562839,158.0456,79853981,4951558606707085
41565469,158.0556,79853981,4951768622677115
41568099,158.0656,79853981,4951978638647145
41570729,158.0756,79853981,4952188654617175
41573359,158.0856,79853981,4952398670587205
41575989,158.0956,79853981,4952608686557235
41578619,158.1056,79853981,4952818702527265
41581249,158.1156,79853981,4953028718497295
41583879,158.1256,79853981,4953238734467325
41586509,158.1356,79853981,4953448750437355
41589139,158.1456,79853981,4953658766407385
41591769,158.1556,79853981,4953868782377415
41594399,158.1656,79853981,4954078798347445
41597029,158.1756,79853981,4954288814317475
41599659,158.1856,79853981,4954498830287505
41602289,158.1956,79853981,4954708846257535
41604919,158.2056,79853981,4954918862227565
41607549,158.2156,79853981,4955128878197595
41610179,158.2256,79853981,4955338894167625
41612809,158.2356,79853981,4955548910137655
41615439,158.2456,79853981,4955758926107685
41618069,158.2556,79853981,4955968942077715
41620699,158.2656,79853981,4956178958047745
41623329,158.2756,79853981,4956388974017775
41625959,158.2856,79853981,4956598989987805
41628589,158.2956,79853981,4956809005957835
41631219,158.3056,79853981,4957019021927865
41633849,158.3156,79853981,4957229037897895
41636479,158.3256,79853981,4957439053867925
41639109,158.3356,79853981,4957649069837955
41641739,158.3456,79853981,4957859085807985
41644369,158.3557,79853981,4958069101778015
41646999,158.3657,79853981,4958279117748045
41649629,158.3757,79853981,4958489133718075
41652259,158.3857,79853981,4958699149688105
41654889,158.3957,79853981,4958909165658135
41657519,158.4057,79853981,4959119181628165
41660149,158.4157,79853981,4959329197598195
41662779,158.4257,79853981,4959539213568225
41665409,158.4357,79853981,4959749229538255
41668039,158.4457,79853981,4959959245508285
41670669,158.4557,79853981,4960169261478315
41673299,158.4657,79853981,4960379277448345
41675929,158.4757,79853981,4960589293418375
41678559,158.4857,79853981,4960799309388405
41681189,158.4957,79853981,4961009325358435
41683819,158.5057,79853981,4961219341328465
41686449,158.5157,79853981,4961429357298495
41689079,158.5257,79853981,4961639373268525
41691709,158.5357,79853981,4961849389238555
41694339,158.5457,79853981,4962059405208585
41696969,158.5557,79853981,4962269421178615
41699599,158.5657,79853981,4962479437148645
41702229,158.5757,79853981,4962689453118675
41704859,158.5857,79853981,4962899469088705
41707489,158.5957,79853981,4963109485058735
41710119,158.6057,79853981,4963319501028765
41712749,158.6157,79853981,4963529516998795
41715379,158.6257,79853981,4963739532968825
41718009,158.6357,79853981,4963949548938855
41720639,158.6457,79853981,4964159564908885
41723269,158.6557,79853981,4964369580878915
41725899,158.6657,79853981,4964579596848945
41728529,158.6757,79853981,4964789612818975
41731159,158.6857,79853981,4964999628789005
41733789,158.6957,79853981,4965209644759035
41736419,158.7057,79853981,4965419660729065
41739049,158.7157,79853981,4965629676699095
41741679,158.7257,79853981,4965839692669125
41744309,158.7357,79853981,4966049708639155
41746939,158.7457,79853981,4966259724609185
41749569,158.7557,79853981,4966469740579215
41752199,158.7657,79853981,4966679756549245
41754829,158.7757,79853981,4966889772519275
41757459,158.7857,79853981,4967099788489305
41760089,158.7957,79853981,4967309804459335
41762719,158.8057,79853981,4967519820429365
41765349,158.8157,79853981,4967729836399395
41767979,158.8257,79853981,4967939852369425
41770609,158.8357,79853981,4968149868339455
41773239,158.8457,79853981,4968359884309485
41775869,158.8557,79853981,4968569900279515
41778499,158.8657,79853981,4968779916249545
41781129,158.8757,79853981,4968989932219575
41783759,158.8857,79853981,4969199948189605
41786389,158.8957,79853981,4969409964159635
41789019,158.9057,79853981,4969619980129665
41791649,158.9157,79853981,4969829996099695
41794279,158.9257,79853981,4970040012069725
41796909,158.9357,79853981,4970250028039755
41799539,158.9457,79853981,4970460044009785
41802169,158.9557,79853981,4970670059979815
41804799,158.9657,79853981,4970880075949845
41807429,158.9757,79853981,4971090091919875
41810059,158.9857,79853981,4971300107889905
41812689,158.9957,79853981,4971510123859935
41815319,159.0057,79853981,4971720139829965
41817949,159.0157,79853981,4971930155799995
41820579,159.0257,79853981,4972140171770025
41823209,159.0357,79853981,4972350187740055
41825839,159.0457,79853981,4972560203710085
41828469,159.0557,79853981,4972770219680115
41831099,159.0657,79853981,4972980235650145
41833729,159.0757,79853981,4973190251620175
41836359,159.0857,79853981,4973400267590205
41838989,159.0957,79853981,4973610283560235
41841619,159.1057,79853981,4973820299530265
41844249,159.1157,79853981,4974030315500295
41846879,159.1257,79853981,4974240331470325
41849509,159.1357,79853981,4974450347440355
41852139,159.1457,79853981,4974660363410385
41854769,159.1557,79853981,4974870379380415
41857399,159.1657,79853981,4975080395350445
41860029,159.1757,79853981,4975290411320475
41862659,159.1857,79853981,4975500427290505
41865289,159.1957,79853981,4975710443260535
41867919,159.2057,79853981,4975920459230565
41870549,159.2157,79853981,4976130475200595
41873179,159.2257,79853981,4976340491170625
41875809,159.2357,79853981,4976550507140655
41878439,159.2457,79853981,4976760523110685
41881069,159.2557,79853981,4976970539080715
41883699,159.2657,79853981,4977180555050745
41886329,159.2757,79853981,4977390571020775
41888959,159.2857,79853981,4977600586990805
41891589,159.2957,79853981,4977810602960835
41894219,159.3057,79853981,4978020618930865
41896849,159.3157,79853981,4978230634900895
41899479,159.3257,79853981,4978440650870925
41902109,159.3357,79853981,4978650666840955
41904739,159.3457,79853981,4978860682810985
41907369,159.3557,79853981,4979070698781015
41909999,159.3657,79853981,4979280714751045
41912629,159.3757,79853981,4979490730721075
41915259,159.3857,79853981,4979700746691105
41917889,159.3957,79853981,4979910762661135
41920519,159.4057,79853981,4980120778631165
41923149,159.4157,79853981,4980330794601195
41925779,159.4257,79853981,4980540810571225
41928409,159.4357,79853981,4980750826541255
41931039,159.4457,79853981,4980960842511285
41933669,159.4557,79853981,4981170858481315
41936299,159.4657,79853981,4981380874451345
41938929,159.4757,79853981,4981590890421375
41941559,159.4857,79853981,4981800906391405
41944189,159.4957,79853981,4982010922361435
41946819,159.5057,79853981,4982220938331465
41949449,159.5157,79853981,4982430954301495
41952079,159.5257,79853981,4982640970271525
41954709,159.5357,79853981,4982850986241555
41957339,159.5457,79853981,4983061002211585
41959969,159.5557,79853981,4983271018181615
41962599,159.5657,79853981,4983481034151645
41965229,159.5757,79853981,4983691050121675
41967859,159.5857,79853981,4983901066091705
41970489,159.5957,79853981,4984111082061735
41973119,159.6057,79853981,4984321098031765
41975749,159.6157,79853981,4984531114001795
41978379,159.6257,79853981,4984741129971825
41981009,159.6357,79853981,4984951145941855
41983639,159.6457,79853981,4985161161911885
41986269,159.6557,79853981,4985371177881915
41988899,159.6658,79853981,4985581193851945
41991529,159.6758,79853981,4985791209821975
41994159,159.6858,79853981,4986001225792005
41996789,159.6958,79853981,4986211241762035
41999419,159.7058,79853981,4986421257732065
42002049,159.7158,79853981,4986631273702095
42004679,159.7258,79853981,4986841289672125
42007309,159.7358,79853981,4987051305642155
42009939,159.7458,79853981,4987261321612185
42012569,159.7558,79853981,4987471337582215
42015199,159.7658,79853981,4987681353552245
42017829,159.7758,79853981,4987891369522275
42020459,159.7858,79853981,4988101385492305
42023089,159.7958,79853981,4988311401462335
42025719,159.8058,79853981,4988521417432365
42028349,159.8158,79853981,4988731433402395
42030979,159.8258,79853981,4988941449372425
42033609,159.8358,79853981,4989151465342455
42036239,159.8458,79853981,4989361481312485
42038869,159.8558,79853981,4989571497282515
42041499,159.8658,79853981,4989781513252545
42044129,159.8758,79853981,4989991529222575
42046759,159.8858,79853981,4990201545192605
42049389,159.8958,79853981,4990411561162635
42052019,159.9058,79853981,4990621577132665
42054649,159.9158,79853981,4990831593102695
42057279,159.9258,79853981,4991041609072725
42059909,159.9358,79853981,4991251625042755
42062539,159.9458,79853981,4991461641012785
42065169,159.9558,79853981,4991671656982815
42067799,159.9658,79853981,4991881672952845
42070429,159.9758,79853981,4992091688922875
42073059,159.9858,79853981,4992301704892905
42075689,159.9958,79853981,4992511720862935
42078319,160.0058,79853981,4992721736832965
42080949,160.0158,79853981,4992931752802995
42083579,160.0258,79853981,4993141768773025
42086209,160.0358,79853981,4993351784743055
42088839,160.0458,79853981,4993561800713085
42091469,160.0558,79853981,4993771816683115
42094099,160.0658,79853981,4993981832653145
42096729,160.0758,79853981,4994191848623175
42099359,160.0858,79853981,4994401864593205
42101989,160.0958,79853981,4994611880563235
42104619,160.1058,79853981,4994821896533265
42107249,160.1158,79853981,4995031912503295
42109879,160.1258,79853981,4995241928473325
42112509,160.1358,79853981,4995451944443355
42115139,160.1458,79853981,4995661960413385
42117769,160.1558,79853981,4995871976383415
42120399,160.1658,79853981,4996081992353445
42123029,160.1758,79853981,4996292008323475
42125659,160.1858,79853981,4996502024293505
42128289,160.1958,79853981,4996712040263535
42130919,160.2058,79853981,4996922056233565
42133549,160.2158,79853981,4997132072203595
42136179,160.2258,79853981,4997342088173625
42138809,160.2358,79853981,4997552104143655
42141439,160.2458,79853981,4997762120113685
42144069,160.2558,79853981,4997972136083715
42146699,160.2658,79853981,4998182152053745
42149329,160.2758,79853981,4998392168023775
42151959,160.2858,79853981,4998602183993805
42154589,160.2958,79853981,4998812199963835
42157219,160.3058,79853981,4999022215933865
42159849,160.3158,79853981,4999232231903895
42162479,160.3258,79853981,4999442247873925
42165109,160.3358,79853981,4999652263843955
42167739,160.3458,79853981,4999862279813985
42170369,160.3558,79853981,5000072295784015
42172999,160.3658,79853981,5000282311754045
42175629,160.3758,79853981,5000492327724075
42178259,160.3858,79853981,5000702343694105
42180889,160.3958,79853981,5000912359664135
42183519,160.4058,79853981,5001122375634165
42186149,160.4158,79853981,5001332391604195
42188779,160.4258,79853981,5001542407574225
42191409,160.4358,79853981,5001752423544255
42194039,160.4458,79853981,5001962439514285
42196669,160.4558,79853981,5002172455484315
42199299,160.4658,79853981,5002382471454345
42201929,160.4758,79853981,5002592487424375
42204559,160.4858,79853981,5002802503394405
42207189,160.4958,79853981,5003012519364435
42209819,160.5058,79853981,5003222535334465
42212449,160.5158,79853981,5003432551304495
42215079,160.5258,79853981,5003642567274525
42217709,160.5358,79853981,5003852583244555
42220339,160.5458,79853981,5004062599214585
42222969,160.5558,79853981,5004272615184615
42225599,160.5658,79853981,5004482631154645
42228229,160.5758,79853981,5004692647124675
42230859,160.5858,79853981,5004902663094705
42233489,160.5958,79853981,5005112679064735
42236119,160.6058,79853981,5005322695034765
42238749,160.6158,79853981,5005532711004795
42241379,160.6258,79853981,5005742726974825
42244009,160.6358,79853981,5005952742944855
42246639,160.6458,79853981,5006162758914885
42249269,160.6558,79853981,5006372774884915
42251899,160.6658,79853981,5006582790854945
42254529,160.6758,79853981,5006792806824975
42257159,160.6858,79853981,5007002822795005
42259789,160.6958,79853981,5007212838765035
42262419,160.7058,79853981,5007422854735065
42265049,160.7158,79853981,5007632870705095
42267679,160.7258,79853981,5007842886675125
42270309,160.7358,79853981,5008052902645155
42272939,160.7458,79853981,5008262918615185
42275569,160.7558,79853981,5008472934585215
42278199,160.7658,79853981,5008682950555245
42280829,160.7758,79853981,5008892966525275
42283459,160.7858,79853981,5009102982495305
42286089,160.7958,79853981,5009312998465335
42288719,160.8058,79853981,5009523014435365
42291349,160.8158,79853981,5009733030405395
42293979,160.8258,79853981,5009943046375425
42296609,160.8358,79853981,5010153062345455
42299239,160.8458,79853981,5010363078315485
42301869,160.8558,79853981,5010573094285515
42304499,160.8658,79853981,5010783110255545
42307129,160.8758,79853981,5010993126225575
42309759,160.8858,79853981,5011203142195605
42312389,160.8958,79853981,5011413158165635
42315019,160.9058,79853981,5011623174135665
42317649,160.9158,79853981,5011833190105695
42320279,160.9258,79853981,5012043206075725
42322909,160.9358,79853981,5012253222045755
42325539,160.9458,79853981,5012463238015785
42328169,160.9558,79853981,5012673253985815
42330799,160.9658,79853981,5012883269955845
42333429,160.9758,79853981,5013093285925875
42336059,160.9859,79853981,5013303301895905
42338689,160.9959,79853981,5013513317865935
42341319,161.0059,79853981,5013723333835965
42343949,161.0159,79853981,5013933349805995
42346579,161.0259,79853981,5014143365776025
42349209,161.0359,79853981,5014353381746055
42351839,161.0459,79853981,5014563397716085
42354469,161.0559,79853981,5014773413686115
42357099,161.0659,79853981,5014983429656145
42359729,161.0759,79853981,5015193445626175
42362359,161.0859,79853981,5015403461596205
42364989,161.0959,79853981,5015613477566235
42367619,161.1059,79853981,5015823493536265
42370249,161.1159,79853981,5016033509506295
42372879,161.1259,79853981,5016243525476325
42375509,161.1359,79853981,5016453541446355
42378139,161.1459,79853981,5016663557416385
42380769,161.1559,79853981,5016873573386415
42383399,161.1659,79853981,5017083589356445
42386029,161.1759,79853981,5017293605326475
42388659,161.1859,79853981,5017503621296505
42391289,161.1959,79853981,5017713637266535
42393919,161.2059,79853981,5017923653236565
42396549,161.2159,79853981,5018133669206595
42399179,161.2259,79853981,5018343685176625
42401809,161.2359,79853981,5018553701146655
42404439,161.2459,79853981,5018763717116685
42407069,161.2559,79853981,5018973733086715
42409699,161.2659,79853981,5019183749056745
42412329,161.2759,79853981,5019393765026775
42414959,161.2859,79853981,5019603780996805
42417589,161.2959,79853981,5019813796966835
42420219,161.3059,79853981,5020023812936865
42422849,161.3159,79853981,5020233828906895
42425479,161.3259,79853981,5020443844876925
42428109,161.3359,79853981,5020653860846955
42430739,161.3459,79853981,5020863876816985
42433369,161.3559,79853981,5021073892787015
42435999,161.3659,79853981,5021283908757045
42438629,161.3759,79853981,5021493924727075
42441259,161.3859,79853981,5021703940697105
42443889,161.3959,79853981,5021913956667135
42446519,161.4059,79853981,5022123972637165
42449149,161.4159,79853981,5022333988607195
42451779,161.4259,79853981,5022544004577225
42454409,161.4359,79853981,5022754020547255
42457039,161.4459,79853981,5022964036517285
42459669,161.4559,79853981,5023174052487315
42462299,161.4659,79853981,5023384068457345
42464929,161.4759,79853981,5023594084427375
42467559,161.4859,79853981,5023804100397405
42470189,161.4959,79853981,5024014116367435
42472819,161.5059,79853981,5024224132337465
42475449,161.5159,79853981,5024434148307495
42478079,161.5259,79853981,5024644164277525
42480709,161.5359,79853981,5024854180247555
42483339,161.5459,79853981,5025064196217585
42485969,161.5559,79853981,5025274212187615
42488599,161.5659,79853981,5025484228157645
42491229,161.5759,79853981,5025694244127675
42493859,161.5859,79853981,5025904260097705
42496489,161.5959,79853981,5026114276067735
42499119,161.6059,79853981,5026324292037765
42501749,161.6159,79853981,5026534308007795
42504379,161.6259,79853981,5026744323977825
42507009,161.6359,79853981,5026954339947855
42509639,161.6459,79853981,5027164355917885
42512269,161.6559,79853981,5027374371887915
42514899,161.6659,79853981,5027584387857945
42517529,161.6759,79853981,5027794403827975
42520159,161.6859,79853981,5028004419798005
42522789,161.6959,79853981,5028214435768035
42525419,161.7059,79853981,5028424451738065
42528049,161.7159,79853981,5028634467708095
42530679,161.7259,79853981,5028844483678125
42533309,161.7359,79853981,5029054499648155
42535939,161.7459,79853981,5029264515618185
42538569,161.7559,79853981,5029474531588215
42541199,161.7659,79853981,5029684547558245
42543829,161.7759,79853981,5029894563528275
42546459,161.7859,79853981,5030104579498305
42549089,161.7959,79853981,5030314595468335
42551719,161.8059,79853981,5030524611438365
42554349,161.8159,79853981,5030734627408395
42556979,161.8259,79853981,5030944643378425
42559609,161.8359,79853981,5031154659348455
42562239,161.8459,79853981,5031364675318485
42564869,161.8559,79853981,5031574691288515
42567499,161.8659,79853981,5031784707258545
42570129,161.8759,79853981,5031994723228575
42572759,161.8859,79853981,5032204739198605
42575389,161.8959,79853981,5032414755168635
42578019,161.9059,79853981,5032624771138665
42580649,161.9159,79853981,5032834787108695
42583279,161.9259,79853981,5033044803078725
42585909,161.9359,79853981,5033254819048755
42588539,161.9459,79853981,5033464835018785
42591169,161.9559,79853981,5033674850988815
42593799,161.9659,79853981,5033884866958845
42596429,161.9759,79853981,5034094882928875
42599059,161.9859,79853981,5034304898898905
42601689,161.9959,79853981,5034514914868935
42604319,162.0059,79853981,5034724930838965
42606949,162.0159,79853981,5034934946808995
42609579,162.0259,79853981,5035144962779025
42612209,162.0359,79853981,5035354978749055
42614839,162.0459,79853981,5035564994719085
42617469,162.0559,79853981,5035775010689115
42620099,162.0659,79853981,5035985026659145
42622729,162.0759,79853981,5036195042629175
42625359,162.0859,79853981,5036405058599205
42627989,162.0959,79853981,5036615074569235
42630619,162.1059,79853981,5036825090539265
42633249,162.1159,79853981,5037035106509295
42635879,162.1259,79853981,5037245122479325
42638509,162.1359,79853981,5037455138449355
42641139,162.1459,79853981,5037665154419385
42643769,162.1559,79853981,5037875170389415
42646399,162.1659,79853981,5038085186359445
42649029,162.1759,79853981,5038295202329475
42651659,162.1859,79853981,5038505218299505
42654289,162.1959,79853981,5038715234269535
42656919,162.2059,79853981,5038925250239565
42659549,162.2159,79853981,5039135266209595
42662179,162.2259,79853981,5039345282179625
42664809,162.2359,79853981,5039555298149655
42667439,162.2459,79853981,5039765314119685
42670069,162.2559,79853981,5039975330089715
42672699,162.2659,79853981,5040185346059745
42675329,162.2759,79853981,5040395362029775
42677959,162.2859,79853981,5040605377999805
42680589,162.2960,79853981,5040815393969835
42683219,162.3060,79853981,5041025409939865
42685849,162.3160,79853981,5041235425909895
42688479,162.3260,79853981,5041445441879925
42691109,162.3360,79853981,5041655457849955
42693739,162.3460,79853981,5041865473819985
42696369,162.3560,79853981,5042075489790015
42698999,162.3660,79853981,5042285505760045
42701629,162.3760,79853981,5042495521730075
42704259,162.3860,79853981,5042705537700105
42706889,162.3960,79853981,5042915553670135
42709519,162.4060,79853981,5043125569640165
42712149,162.4160,79853981,5043335585610195
42714779,162.4260,79853981,5043545601580225
42717409,162.4360,79853981,5043755617550255
42720039,162.4460,79853981,5043965633520285
42722669,162.4560,79853981,5044175649490315
42725299,162.4660,79853981,5044385665460345
42727929,162.4760,79853981,5044595681430375
42730559,162.4860,79853981,5044805697400405
42733189,162.4960,79853981,5045015713370435
42735819,162.5060,79853981,5045225729340465
42738449,162.5160,79853981,5045435745310495
42741079,162.5260,79853981,5045645761280525
42743709,162.5360,79853981,5045855777250555
42746339,162.5460,79853981,5046065793220585
42748969,162.5560,79853981,5046275809190615
42751599,162.5660,79853981,5046485825160645
42754229,162.5760,79853981,5046695841130675
42756859,162.5860,79853981,5046905857100705
42759489,162.5960,79853981,5047115873070735
42762119,162.6060,79853981,5047325889040765
42764749,162.6160,79853981,5047535905010795
42767379,162.6260,79853981,5047745920980825
42770009,162.6360,79853981,5047955936950855
42772639,162.6460,79853981,5048165952920885
42775269,162.6560,79853981,5048375968890915
42777899,162.6660,79853981,5048585984860945
42780529,162.6760,79853981,5048796000830975
42783159,162.6860,79853981,5049006016801005
42785789,162.6960,79853981,5049216032771035
42788419,162.7060,79853981,5049426048741065
42791049,162.7160,79853981,5049636064711095
42793679,162.7260,79853981,5049846080681125
42796309,162.7360,79853981,5050056096651155
42798939,162.7460,79853981,5050266112621185
42801569,162.7560,79853981,5050476128591215
42804199,162.7660,79853981,5050686144561245
42806829,162.7760,79853981,5050896160531275
42809459,162.7860,79853981,5051106176501305
42812089,162.7960,79853981,5051316192471335
42814719,162.8060,79853981,5051526208441365
42817349,162.8160,79853981,5051736224411395
42819979,162.8260,79853981,5051946240381425
42822609,162.8360,79853981,5052156256351455
42825239,162.8460,79853981,5052366272321485
42827869,162.8560,79853981,5052576288291515
42830499,162.8660,79853981,5052786304261545
42833129,162.8760,79853981,5052996320231575
42835759,162.8860,79853981,5053206336201605
42838389,162.8960,79853981,5053416352171635
42841019,162.9060,79853981,5053626368141665
42843649,162.9160,79853981,5053836384111695
42846279,162.9260,79853981,5054046400081725
42848909,162.9360,79853981,5054256416051755
42851539,162.9460,79853981,5054466432021785
42854169,162.9560,79853981,5054676447991815
42856799,162.9660,79853981,5054886463961845
42859429,162.9760,79853981,5055096479931875
42862059,162.9860,79853981,5055306495901905
42864689,162.9960,79853981,5055516511871935
42867319,163.0060,79853981,5055726527841965
42869949,163.0160,79853981,5055936543811995
42872579,163.0260,79853981,5056146559782025
42875209,163.0360,79853981,5056356575752055
42877839,163.0460,79853981,5056566591722085
42880469,163.0560,79853981,5056776607692115
42883099,163.0660,79853981,5056986623662145
42885729,163.0760,79853981,5057196639632175
42888359,163.0860,79853981,5057406655602205
42890989,163.0960,79853981,5057616671572235
42893619,163.1060,79853981,5057826687542265
42896249,163.1160,79853981,5058036703512295
42898879,163.1260,79853981,5058246719482325
42901509,163.1360,79853981,5058456735452355
42904139,163.1460,79853981,5058666751422385
42906769,163.1560,79853981,5058876767392415
42909399,163.1660,79853981,5059086783362445
42912029,163.1760,79853981,5059296799332475
42914659,163.1860,79853981,5059506815302505
42917289,163.1960,79853981,5059716831272535
42919919,163.2060,79853981,5059926847242565
42922549,163.2160,79853981,5060136863212595
42925179,163.2260,79853981,5060346879182625
42927809,163.2360,79853981,5060556895152655
42930439,163.2460,79853981,5060766911122685
42933069,163.2560,79853981,5060976927092715
42935699,163.2660,79853981,5061186943062745
42938329,163.2760,79853981,5061396959032775
42940959,163.2860,79853981,5061606975002805
42943589,163.2960,79853981,5061816990972835
42946219,163.3060,79853981,5062027006942865
42948849,163.3160,79853981,5062237022912895
42951479,163.3260,79853981,5062447038882925
42954109,163.3360,79853981,5062657054852955
42956739,163.3460,79853981,5062867070822985
42959369,163.3560,79853981,5063077086793015
42961999,163.3660,79853981,5063287102763045
42964629,163.3760,79853981,5063497118733075
42967259,163.3860,79853981,5063707134703105
42969889,163.3960,79853981,5063917150673135
42972519,163.4060,79853981,5064127166643165
42975149,163.4160,79853981,5064337182613195
42977779,163.4260,79853981,5064547198583225
42980409,163.4360,79853981,5064757214553255
42983039,163.4460,79853981,5064967230523285
42985669,163.4560,79853981,5065177246493315
42988299,163.4660,79853981,5065387262463345
42990929,163.4760,79853981,5065597278433375
42993559,163.4860,79853981,5065807294403405
42996189,163.4960,79853981,5066017310373435
42998819,163.5060,79853981,5066227326343465
43001449,163.5160,79853981,5066437342313495
43004079,163.5260,79853981,5066647358283525
43006709,163.5360,79853981,5066857374253555
43009339,163.5460,79853981,5067067390223585
43011969,163.5560,79853981,5067277406193615
43014599,163.5660,79853981,5067487422163645
43017229,163.5760,79853981,5067697438133675
43019859,163.5860,79853981,5067907454103705
43022489,163.5960,79853981,5068117470073735
43025119,163.6060,79853981,5068327486043765
43027749,163.6161,79853981,5068537502013795
43030379,163.6261,79853981,5068747517983825
43033009,163.6361,79853981,5068957533953855
43035639,163.6461,79853981,5069167549923885
43038269,163.6561,79853981,5069377565893915
43040899,163.6661,79853981,5069587581863945
43043529,163.6761,79853981,5069797597833975
43046159,163.6861,79853981,5070007613804005
43048789,163.6961,79853981,5070217629774035
43051419,163.7061,79853981,5070427645744065
43054049,163.7161,79853981,5070637661714095
43056679,163.7261,79853981,5070847677684125
43059309,163.7361,79853981,5071057693654155
43061939,163.7461,79853981,5071267709624185
43064569,163.7561,79853981,5071477725594215
43067199,163.7661,79853981,5071687741564245
43069829,163.7761,79853981,5071897757534275
43072459,163.7861,79853981,5072107773504305
43075089,163.7961,79853981,5072317789474335
43077719,163.8061,79853981,5072527805444365
43080349,163.8161,79853981,5072737821414395
43082979,163.8261,79853981,5072947837384425
43085609,163.8361,79853981,5073157853354455
43088239,163.8461,79853981,5073367869324485
43090869,163.8561,79853981,5073577885294515
43093499,163.8661,79853981,5073787901264545
43096129,163.8761,79853981,5073997917234575
43098759,163.8861,79853981,5074207933204605
43101389,163.8961,79853981,5074417949174635
43104019,163.9061,79853981,5074627965144665
43106649,163.9161,79853981,5074837981114695
43109279,163.9261,79853981,5075047997084725
43111909,163.9361,79853981,5075258013054755
43114539,163.9461,79853981,5075468029024785
43117169,163.9561,79853981,5075678044994815
43119799,163.9661,79853981,5075888060964845
43122429,163.9761,79853981,5076098076934875
43125059,163.9861,79853981,5076308092904905
43127689,163.9961,79853981,5076518108874935
43130319,164.0061,79853981,5076728124844965
43132949,164.0161,79853981,5076938140814995
43135579,164.0261,79853981,5077148156785025
43138209,164.0361,79853981,5077358172755055
43140839,164.0461,79853981,5077568188725085
43143469,164.0561,79853981,5077778204695115
43146099,164.0661,79853981,5077988220665145
43148729,164.0761,79853981,5078198236635175
43151359,164.0861,79853981,5078408252605205
43153989,164.0961,79853981,5078618268575235
43156619,164.1061,79853981,5078828284545265
43159249,164.1161,79853981,5079038300515295
43161879,164.1261,79853981,5079248316485325
43164509,164.1361,79853981,5079458332455355
43167139,164.1461,79853981,5079668348425385
43169769,164.1561,79853981,5079878364395415
43172399,164.1661,79853981,5080088380365445
43175029,164.1761,79853981,5080298396335475
43177659,164.1861,79853981,5080508412305505
43180289,164.1961,79853981,5080718428275535
43182919,164.2061,79853981,5080928444245565
43185549,164.2161,79853981,5081138460215595
43188179,164.2261,79853981,5081348476185625
43190809,164.2361,79853981,5081558492155655
43193439,164.2461,79853981,5081768508125685
43196069,164.2561,79853981,5081978524095715
43198699,164.2661,79853981,5082188540065745
43201329,164.2761,79853981,5082398556035775
43203959,164.2861,79853981,5082608572005805
43206589,164.2961,79853981,5082818587975835
43209219,164.3061,79853981,5083028603945865
43211849,164.3161,79853981,5083238619915895
43214479,164.3261,79853981,5083448635885925
43217109,164.3361,79853981,5083658651855955
43219739,164.3461,79853981,5083868667825985
43222369,164.3561,79853981,5084078683796015
43224999,164.3661,79853981,5084288699766045
43227629,164.3761,79853981,5084498715736075
43230259,164.3861,79853981,5084708731706105
43232889,164.3961,79853981,5084918747676135
43235519,164.4061,79853981,5085128763646165
43238149,164.4161,79853981,5085338779616195
43240779,164.4261,79853981,5085548795586225
43243409,164.4361,79853981,5085758811556255
43246039,164.4461,79853981,5085968827526285
43248669,164.4561,79853981,5086178843496315
43251299,164.4661,79853981,5086388859466345
43253929,164.4761,79853981,5086598875436375
43256559,164.4861,79853981,5086808891406405
43259189,164.4961,79853981,5087018907376435
43261819,164.5061,79853981,5087228923346465
43264449,164.5161,79853981,5087438939316495
43267079,164.5261,79853981,5087648955286525
43269709,164.5361,79853981,5087858971256555
43272339,164.5461,79853981,5088068987226585
43274969,164.5561,79853981,5088279003196615
43277599,164.5661,79853981,5088489019166645
43280229,164.5761,79853981,5088699035136675
43282859,164.5861,79853981,5088909051106705
43285489,164.5961,79853981,5089119067076735
43288119,164.6061,79853981,5089329083046765
43290749,164.6161,79853981,5089539099016795
43293379,164.6261,79853981,5089749114986825
43296009,164.6361,79853981,5089959130956855
43298639,164.6461,79853981,5090169146926885
43301269,164.6561,79853981,5090379162896915
43303899,164.6661,79853981,5090589178866945
43306529,164.6761,79853981,5090799194836975
43309159,164.6861,79853981,5091009210807005
43311789,164.6961,79853981,5091219226777035
43314419,164.7061,79853981,5091429242747065
43317049,164.7161,79853981,5091639258717095
43319679,164.7261,79853981,5091849274687125
43322309,164.7361,79853981,5092059290657155
43324939,164.7461,79853981,5092269306627185
43327569,164.7561,79853981,5092479322597215
43330199,164.7661,79853981,5092689338567245
43332829,164.7761,79853981,5092899354537275
43335459,164.7861,79853981,5093109370507305
43338089,164.7961,79853981,5093319386477335
43340719,164.8061,79853981,5093529402447365
43343349,164.8161,79853981,5093739418417395
43345979,164.8261,79853981,5093949434387425
43348609,164.8361,79853981,5094159450357455
43351239,164.8461,79853981,5094369466327485
43353869,164.8561,79853981,5094579482297515
43356499,164.8661,79853981,5094789498267545
43359129,164.8761,79853981,5094999514237575
43361759,164.8861,79853981,5095209530207605
43364389,164.8961,79853981,5095419546177635
43367019,164.9061,79853981,5095629562147665
43369649,164.9161,79853981,5095839578117695
43372279,164.9262,79853981,5096049594087725
43374909,164.9362,79853981,5096259610057755
43377539,164.9462,79853981,5096469626027785
43380169,164.9562,79853981,5096679641997815
43382799,164.9662,79853981,5096889657967845
43385429,164.9762,79853981,5097099673937875
43388059,164.9862,79853981,5097309689907905
43390689,164.9962,79853981,5097519705877935
43393319,165.0062,79853981,5097729721847965
43395949,165.0162,79853981,5097939737817995
43398579,165.0262,79853981,5098149753788025
43401209,165.0362,79853981,5098359769758055
43403839,165.0462,79853981,5098569785728085
43406469,165.0562,79853981,5098779801698115
43409099,165.0662,79853981,5098989817668145
43411729,165.0762,79853981,5099199833638175
43414359,165.0862,79853981,5099409849608205
43416989,165.0962,79853981,5099619865578235
43419619,165.1062,79853981,5099829881548265
43422249,165.1162,79853981,5100039897518295
43424879,165.1262,79853981,5100249913488325
43427509,165.1362,79853981,5100459929458355
43430139,165.1462,79853981,5100669945428385
43432769,165.1562,79853981,5100879961398415
43435399,165.1662,79853981,5101089977368445
43438029,165.1762,79853981,5101299993338475
43440659,165.1862,79853981,5101510009308505
43443289,165.1962,79853981,5101720025278535
43445919,165.2062,79853981,5101930041248565
43448549,165.2162,79853981,5102140057218595
43451179,165.2262,79853981,5102350073188625
43453809,165.2362,79853981,5102560089158655
43456439,165.2462,79853981,5102770105128685
43459069,165.2562,79853981,5102980121098715
43461699,165.2662,79853981,5103190137068745
43464329,165.2762,79853981,5103400153038775
43466959,165.2862,79853981,5103610169008805
43469589,165.2962,79853981,5103820184978835
43472219,165.3062,79853981,5104030200948865
43474849,165.3162,79853981,5104240216918895
43477479,165.3262,79853981,5104450232888925
43480109,165.3362,79853981,5104660248858955
43482739,165.3462,79853981,5104870264828985
43485369,165.3562,79853981,5105080280799015
43487999,165.3662,79853981,5105290296769045
43490629,165.3762,79853981,5105500312739075
43493259,165.3862,79853981,5105710328709105
43495889,165.3962,79853981,5105920344679135
43498519,165.4062,79853981,5106130360649165
43501149,165.4162,79853981,5106340376619195
43503779,165.4262,79853981,5106550392589225
43506409,165.4362,79853981,5106760408559255
43509039,165.4462,79853981,5106970424529285
43511669,165.4562,79853981,5107180440499315
43514299,165.4662,79853981,5107390456469345
43516929,165.4762,79853981,5107600472439375
43519559,165.4862,79853981,5107810488409405
43522189,165.4962,79853981,5108020504379435
43524819,165.5062,79853981,5108230520349465
43527449,165.5162,79853981,5108440536319495
43530079,165.5262,79853981,5108650552289525
43532709,165.5362,79853981,5108860568259555
43535339,165.5462,79853981,5109070584229585
43537969,165.5562,79853981,5109280600199615
43540599,165.5662,79853981,5109490616169645
43543229,165.5762,79853981,5109700632139675
43545859,165.5862,79853981,5109910648109705
43548489,165.5962,79853981,5110120664079735
43551119,165.6062,79853981,5110330680049765
43553749,165.6162,79853981,5110540696019795
43556379,165.6262,79853981,5110750711989825
43559009,165.6362,79853981,5110960727959855
43561639,165.6462,79853981,5111170743929885
43564269,165.6562,79853981,5111380759899915
43566899,165.6662,79853981,5111590775869945
43569529,165.6762,79853981,5111800791839975
43572159,165.6862,79853981,5112010807810005
43574789,165.6962,79853981,5112220823780035
43577419,165.7062,79853981,5112430839750065
43580049,165.7162,79853981,5112640855720095
43582679,165.7262,79853981,5112850871690125
43585309,165.7362,79853981,5113060887660155
43587939,165.7462,79853981,5113270903630185
43590569,165.7562,79853981,5113480919600215
43593199,165.7662,79853981,5113690935570245
43595829,165.7762,79853981,5113900951540275
43598459,165.7862,79853981,5114110967510305
43601089,165.7962,79853981,5114320983480335
43603719,165.8062,79853981,5114530999450365
43606349,165.8162,79853981,5114741015420395
43608979,165.8262,79853981,5114951031390425
43611609,165.8362,79853981,5115161047360455
43614239,165.8462,79853981,5115371063330485
43616869,165.8562,79853981,5115581079300515
43619499,165.8662,79853981,5115791095270545
43622129,165.8762,79853981,5116001111240575
43624759,165.8862,79853981,5116211127210605
43627389,165.8962,79853981,5116421143180635
43630019,165.9062,79853981,5116631159150665
43632649,165.9162,79853981,5116841175120695
43635279,165.9262,79853981,5117051191090725
43637909,165.9362,79853981,5117261207060755
43640539,165.9462,79853981,5117471223030785
43643169,165.9562,79853981,5117681239000815
43645799,165.9662,79853981,5117891254970845
43648429,165.9762,79853981,5118101270940875
43651059,165.9862,79853981,5118311286910905
43653689,165.9962,79853981,5118521302880935
43656319,166.0062,79853981,5118731318850965
43658949,166.0162,79853981,5118941334820995
43661579,166.0262,79853981,5119151350791025
43664209,166.0362,79853981,5119361366761055
43666839,166.0462,79853981,5119571382731085
43669469,166.0562,79853981,5119781398701115
43672099,166.0662,79853981,5119991414671145
43674729,166.0762,79853981,5120201430641175
43677359,166.0862,79853981,5120411446611205
43679989,166.0962,79853981,5120621462581235
43682619,166.1062,79853981,5120831478551265
43685249,166.1162,79853981,5121041494521295
43687879,166.1262,79853981,5121251510491325
43690509,166.1362,79853981,5121461526461355
43693139,166.1462,79853981,5121671542431385
43695769,166.1562,79853981,5121881558401415
43698399,166.1662,79853981,5122091574371445
43701029,166.1762,79853981,5122301590341475
43703659,166.1862,79853981,5122511606311505
43706289,166.1962,79853981,5122721622281535
43708919,166.2062,79853981,5122931638251565
43711549,166.2162,79853981,5123141654221595
43714179,166.2262,79853981,5123351670191625
43716809,166.2362,79853981,5123561686161655
43719439,166.2463,79853981,5123771702131685
43722069,166.2563,79853981,5123981718101715
43724699,166.2663,79853981,5124191734071745
43727329,166.2763,79853981,5124401750041775
43729959,166.2863,79853981,5124611766011805
43732589,166.2963,79853981,5124821781981835
43735219,166.3063,79853981,5125031797951865
43737849,166.3163,79853981,5125241813921895
43740479,166.3263,79853981,5125451829891925
43743109,166.3363,79853981,5125661845861955
43745739,166.3463,79853981,5125871861831985
43748369,166.3563,79853981,5126081877802015
43750999,166.3663,79853981,5126291893772045
43753629,166.3763,79853981,5126501909742075
43756259,166.3863,79853981,5126711925712105
43758889,166.3963,79853981,5126921941682135
43761519,166.4063,79853981,5127131957652165
43764149,166.4163,79853981,5127341973622195
43766779,166.4263,79853981,5127551989592225
43769409,166.4363,79853981,5127762005562255
43772039,166.4463,79853981,5127972021532285
43774669,166.4563,79853981,5128182037502315
43777299,166.4663,79853981,5128392053472345
43779929,166.4763,79853981,5128602069442375
43782559,166.4863,79853981,5128812085412405
43785189,166.4963,79853981,5129022101382435
43787819,166.5063,79853981,5129232117352465
43790449,166.5163,79853981,5129442133322495
43793079,166.5263,79853981,5129652149292525
43795709,166.5363,79853981,5129862165262555
43798339,166.5463,79853981,5130072181232585
43800969,166.5563,79853981,5130282197202615
43803599,166.5663,79853981,5130492213172645
43806229,166.5763,79853981,5130702229142675
43808859,166.5863,79853981,5130912245112705
43811489,166.5963,79853981,5131122261082735
43814119,166.6063,79853981,5131332277052765
43816749,166.6163,79853981,5131542293022795
43819379,166.6263,79853981,5131752308992825
43822009,166.6363,79853981,5131962324962855
43824639,166.6463,79853981,5132172340932885
43827269,166.6563,79853981,5132382356902915
43829899,166.6663,79853981,5132592372872945
43832529,166.6763,79853981,5132802388842975
43835159,166.6863,79853981,5133012404813005
43837789,166.6963,79853981,5133222420783035
43840419,166.7063,79853981,5133432436753065
43843049,166.7163,79853981,5133642452723095
43845679,166.7263,79853981,5133852468693125
43848309,166.7363,79853981,5134062484663155
43850939,166.7463,79853981,5134272500633185
43853569,166.7563,79853981,5134482516603215
43856199,166.7663,79853981,5134692532573245
43858829,166.7763,79853981,5134902548543275
43861459,166.7863,79853981,5135112564513305
43864089,166.7963,79853981,5135322580483335
43866719,166.8063,79853981,5135532596453365
43869349,166.8163,79853981,5135742612423395
43871979,166.8263,79853981,5135952628393425
43874609,166.8363,79853981,5136162644363455
43877239,166.8463,79853981,5136372660333485
43879869,166.8563,79853981,5136582676303515
43882499,166.8663,79853981,5136792692273545
43885129,166.8763,79853981,5137002708243575
43887759,166.8863,79853981,5137212724213605
43890389,166.8963,79853981,5137422740183635
43893019,166.9063,79853981,5137632756153665
43895649,166.9163,79853981,5137842772123695
43898279,166.9263,79853981,5138052788093725
43900909,166.9363,79853981,5138262804063755
43903539,166.9463,79853981,5138472820033785
43906169,166.9563,79853981,5138682836003815
43908799,166.9663,79853981,5138892851973845
43911429,166.9763,79853981,5139102867943875
43914059,166.9863,79853981,5139312883913905
43916689,166.9963,79853981,5139522899883935
43919319,167.0063,79853981,5139732915853965
43921949,167.0163,79853981,5139942931823995
43924579,167.0263,79853981,5140152947794025
43927209,167.0363,79853981,5140362963764055
43929839,167.0463,79853981,5140572979734085
43932469,167.0563,79853981,5140782995704115
43935099,167.0663,79853981,5140993011674145
43937729,167.0763,79853981,5141203027644175
43940359,167.0863,79853981,5141413043614205
43942989,167.0963,79853981,5141623059584235
43945619,167.1063,79853981,5141833075554265
43948249,167.1163,79853981,5142043091524295
43950879,167.1263,79853981,5142253107494325
43953509,167.1363,79853981,5142463123464355
43956139,167.1463,79853981,5142673139434385
43958769,167.1563,79853981,5142883155404415
43961399,167.1663,79853981,5143093171374445
43964029,167.1763,79853981,5143303187344475
43966659,167.1863,79853981,5143513203314505
43969289,167.1963,79853981,5143723219284535
43971919,167.2063,79853981,5143933235254565
43974549,167.2163,79853981,5144143251224595
43977179,167.2263,79853981,5144353267194625
43979809,167.2363,79853981,5144563283164655
43982439,167.2463,79853981,5144773299134685
43985069,167.2563,79853981,5144983315104715
43987699,167.2663,79853981,5145193331074745
43990329,167.2763,79853981,5145403347044775
43992959,167.2863,79853981,5145613363014805
43995589,167.2963,79853981,5145823378984835
43998219,167.3063,79853981,5146033394954865
44000849,167.3163,79853981,5146243410924895
44003479,167.3263,79853981,5146453426894925
44006109,167.3363,79853981,5146663442864955
44008739,167.3463,79853981,5146873458834985
44011369,167.3563,79853981,5147083474805015
44013999,167.3663,79853981,5147293490775045
44016629,167.3763,79853981,5147503506745075
44019259,167.3863,79853981,5147713522715105
44021889,167.3963,79853981,5147923538685135
44024519,167.4063,79853981,5148133554655165
44027149,167.4163,79853981,5148343570625195
44029779,167.4263,79853981,5148553586595225
44032409,167.4363,79853981,5148763602565255
44035039,167.4463,79853981,5148973618535285
44037669,167.4563,79853981,5149183634505315
44040299,167.4663,79853981,5149393650475345
44042929,167.4763,79853981,5149603666445375
44045559,167.4863,79853981,5149813682415405
44048189,167.4963,79853981,5150023698385435
44050819,167.5063,79853981,5150233714355465
44053449,167.5163,79853981,5150443730325495
44056079,167.5263,79853981,5150653746295525
44058709,167.5363,79853981,5150863762265555
44061339,167.5463,79853981,5151073778235585
44063969,167.5564,79853981,5151283794205615
44066599,167.5664,79853981,5151493810175645
44069229,167.5764,79853981,5151703826145675
44071859,167.5864,79853981,5151913842115705
44074489,167.5964,79853981,5152123858085735
44077119,167.6064,79853981,5152333874055765
44079749,167.6164,79853981,5152543890025795
44082379,167.6264,79853981,5152753905995825
44085009,167.6364,79853981,5152963921965855
44087639,167.6464,79853981,5153173937935885
44090269,167.6564,79853981,5153383953905915
44092899,167.6664,79853981,5153593969875945
44095529,167.6764,79853981,5153803985845975
44098159,167.6864,79853981,5154014001816005
44100789,167.6964,79853981,5154224017786035
44103419,167.7064,79853981,5154434033756065
44106049,167.7164,79853981,5154644049726095
44108679,167.7264,79853981,5154854065696125
44111309,167.7364,79853981,5155064081666155
44113939,167.7464,79853981,5155274097636185
44116569,167.7564,79853981,5155484113606215
44119199,167.7664,79853981,5155694129576245
44121829,167.7764,79853981,5155904145546275
44124459,167.7864,79853981,5156114161516305
44127089,167.7964,79853981,5156324177486335
44129719,167.8064,79853981,5156534193456365
44132349,167.8164,79853981,5156744209426395
44134979,167.8264,79853981,5156954225396425
44137609,167.8364,79853981,5157164241366455
44140239,167.8464,79853981,5157374257336485
44142869,167.8564,79853981,5157584273306515
44145499,167.8664,79853981,5157794289276545
44148129,167.8764,79853981,5158004305246575
44150759,167.8864,79853981,5158214321216605
44153389,167.8964,79853981,5158424337186635
44156019,167.9064,79853981,5158634353156665
44158649,167.9164,79853981,5158844369126695
44161279,167.9264,79853981,5159054385096725
44163909,167.9364,79853981,5159264401066755
44166539,167.9464,79853981,5159474417036785
44169169,167.9564,79853981,5159684433006815
44171799,167.9664,79853981,5159894448976845
44174429,167.9764,79853981,5160104464946875
44177059,167.9864,79853981,5160314480916905
44179689,167.9964,79853981,5160524496886935
44182319,168.0064,79853981,5160734512856965
44184949,168.0164,79853981,5160944528826995
44187579,168.0264,79853981,5161154544797025
44190209,168.0364,79853981,5161364560767055
44192839,168.0464,79853981,5161574576737085
44195469,168.0564,79853981,5161784592707115
44198099,168.0664,79853981,5161994608677145
44200729,168.0764,79853981,5162204624647175
44203359,168.0864,79853981,5162414640617205
44205989,168.0964,79853981,5162624656587235
44208619,168.1064,79853981,5162834672557265
44211249,168.1164,79853981,5163044688527295
44213879,168.1264,79853981,5163254704497325
44216509,168.1364,79853981,5163464720467355
44219139,168.1464,79853981,5163674736437385
44221769,168.1564,79853981,5163884752407415
44224399,168.1664,79853981,5164094768377445
44227029,168.1764,79853981,5164304784347475
44229659,168.1864,79853981,5164514800317505
44232289,168.1964,79853981,5164724816287535
44234919,168.2064,79853981,5164934832257565
44237549,168.2164,79853981,5165144848227595
44240179,168.2264,79853981,5165354864197625
44242809,168.2364,79853981,5165564880167655
44245439,168.2464,79853981,5165774896137685
44248069,168.2564,79853981,5165984912107715
44250699,168.2664,79853981,5166194928077745
44253329,168.2764,79853981,5166404944047775
44255959,168.2864,79853981,5166614960017805
44258589,168.2964,79853981,5166824975987835
44261219,168.3064,79853981,5167034991957865
44263849,168.3164,79853981,5167245007927895
44266479,168.3264,79853981,5167455023897925
44269109,168.3364,79853981,5167665039867955
44271739,168.3464,79853981,5167875055837985
44274369,168.3564,79853981,5168085071808015
44276999,168.3664,79853981,5168295087778045
44279629,168.3764,79853981,5168505103748075
44282259,168.3864,79853981,5168715119718105
44284889,168.3964,79853981,5168925135688135
44287519,168.4064,79853981,5169135151658165
44290149,168.4164,79853981,5169345167628195
44292779,168.4264,79853981,5169555183598225
44295409,168.4364,79853981,5169765199568255
44298039,168.4464,79853981,5169975215538285
44300669,168.4564,79853981,5170185231508315
44303299,168.4664,79853981,5170395247478345
44305929,168.4764,79853981,5170605263448375
44308559,168.4864,79853981,5170815279418405
44311189,168.4964,79853981,5171025295388435
44313819,168.5064,79853981,5171235311358465
44316449,168.5164,79853981,5171445327328495
44319079,168.5264,79853981,5171655343298525
44321709,168.5364,79853981,5171865359268555
44324339,168.5464,79853981,5172075375238585
44326969,168.5564,79853981,5172285391208615
44329599,168.5664,79853981,5172495407178645
44332229,168.5764,79853981,5172705423148675
44334859,168.5864,79853981,5172915439118705
44337489,168.5964,79853981,5173125455088735
44340119,168.6064,79853981,5173335471058765
44342749,168.6164,79853981,5173545487028795
44345379,168.6264,79853981,5173755502998825
44348009,168.6364,79853981,5173965518968855
44350639,168.6464,79853981,5174175534938885
44353269,168.6564,79853981,5174385550908915
44355899,168.6664,79853981,5174595566878945
44358529,168.6764,79853981,5174805582848975
44361159,168.6864,79853981,5175015598819005
44363789,168.6964,79853981,5175225614789035
44366419,168.7064,79853981,5175435630759065
44369049,168.7164,79853981,5175645646729095
44371679,168.7264,79853981,5175855662699125
44374309,168.7364,79853981,5176065678669155
44376939,168.7464,79853981,5176275694639185
44379569,168.7564,79853981,5176485710609215
44382199,168.7664,79853981,5176695726579245
44384829,168.7764,79853981,5176905742549275
44387459,168.7864,79853981,5177115758519305
44390089,168.7964,79853981,5177325774489335
44392719,168.8064,79853981,5177535790459365
44395349,168.8164,79853981,5177745806429395
44397979,168.8264,79853981,5177955822399425
44400609,168.8364,79853981,5178165838369455
44403239,168.8464,79853981,5178375854339485
44405869,168.8564,79853981,5178585870309515
44408499,168.8664,79853981,5178795886279545
44411129,168.8765,79853981,5179005902249575
44413759,168.8865,79853981,5179215918219605
44416389,168.8965,79853981,5179425934189635
44419019,168.9065,79853981,5179635950159665
44421649,168.9165,79853981,5179845966129695
44424279,168.9265,79853981,5180055982099725
44426909,168.9365,79853981,5180265998069755
44429539,168.9465,79853981,5180476014039785
44432169,168.9565,79853981,5180686030009815
44434799,168.9665,79853981,5180896045979845
44437429,168.9765,79853981,5181106061949875
44440059,168.9865,79853981,5181316077919905
44442689,168.9965,79853981,5181526093889935
44445319,169.0065,79853981,5181736109859965
44447949,169.0165,79853981,5181946125829995
44450579,169.0265,79853981,5182156141800025
44453209,169.0365,79853981,5182366157770055
44455839,169.0465,79853981,5182576173740085
44458469,169.0565,79853981,5182786189710115
44461099,169.0665,79853981,5182996205680145
44463729,169.0765,79853981,5183206221650175
44466359,169.0865,79853981,5183416237620205
44468989,169.0965,79853981,5183626253590235
44471619,169.1065,79853981,5183836269560265
44474249,169.1165,79853981,5184046285530295
44476879,169.1265,79853981,5184256301500325
44479509,169.1365,79853981,5184466317470355
44482139,169.1465,79853981,5184676333440385
44484769,169.1565,79853981,5184886349410415
44487399,169.1665,79853981,5185096365380445
44490029,169.1765,79853981,5185306381350475
44492659,169.1865,79853981,5185516397320505
44495289,169.1965,79853981,5185726413290535
44497919,169.2065,79853981,5185936429260565
44500549,169.2165,79853981,5186146445230595
44503179,169.2265,79853981,5186356461200625
44505809,169.2365,79853981,5186566477170655
44508439,169.2465,79853981,5186776493140685
44511069,169.2565,79853981,5186986509110715
44513699,169.2665,79853981,5187196525080745
44516329,169.2765,79853981,5187406541050775
44518959,169.2865,79853981,5187616557020805
44521589,169.2965,79853981,5187826572990835
44524219,169.3065,79853981,5188036588960865
44526849,169.3165,79853981,5188246604930895
44529479,169.3265,79853981,5188456620900925
44532109,169.3365,79853981,5188666636870955
44534739,169.3465,79853981,5188876652840985
44537369,169.3565,79853981,5189086668811015
44539999,169.3665,79853981,5189296684781045
44542629,169.3765,79853981,5189506700751075
44545259,169.3865,79853981,5189716716721105
44547889,169.3965,79853981,5189926732691135
44550519,169.4065,79853981,5190136748661165
44553149,169.4165,79853981,5190346764631195
44555779,169.4265,79853981,5190556780601225
44558409,169.4365,79853981,5190766796571255
44561039,169.4465,79853981,5190976812541285
44563669,169.4565,79853981,5191186828511315
44566299,169.4665,79853981,5191396844481345
44568929,169.4765,79853981,5191606860451375
44571559,169.4865,79853981,5191816876421405
44574189,169.4965,79853981,5192026892391435
44576819,169.5065,79853981,5192236908361465
44579449,169.5165,79853981,5192446924331495
44582079,169.5265,79853981,5192656940301525
44584709,169.5365,79853981,5192866956271555
44587339,169.5465,79853981,5193076972241585
44589969,169.5565,79853981,5193286988211615
44592599,169.5665,79853981,5193497004181645
44595229,169.5765,79853981,5193707020151675
44597859,169.5865,79853981,5193917036121705
44600489,169.5965,79853981,5194127052091735
44603119,169.6065,79853981,5194337068061765
44605749,169.6165,79853981,5194547084031795
44608379,169.6265,79853981,5194757100001825
44611009,169.6365,79853981,5194967115971855
44613639,169.6465,79853981,5195177131941885
44616269,169.6565,79853981,5195387147911915
44618899,169.6665,79853981,5195597163881945
44621529,169.6765,79853981,5195807179851975
44624159,169.6865,79853981,5196017195822005
44626789,169.6965,79853981,5196227211792035
44629419,169.7065,79853981,5196437227762065
44632049,169.7165,79853981,5196647243732095
44634679,169.7265,79853981,5196857259702125
44637309,169.7365,79853981,5197067275672155
44639939,169.7465,79853981,5197277291642185
44642569,169.7565,79853981,5197487307612215
44645199,169.7665,79853981,5197697323582245
44647829,169.7765,79853981,5197907339552275
44650459,169.7865,79853981,5198117355522305
44653089,169.7965,79853981,5198327371492335
44655719,169.8065,79853981,5198537387462365
44658349,169.8165,79853981,5198747403432395
44660979,169.8265,79853981,5198957419402425
44663609,169.8365,79853981,5199167435372455
44666239,169.8465,79853981,5199377451342485
44668869,169.8565,79853981,5199587467312515
44671499,169.8665,79853981,5199797483282545
44674129,169.8765,79853981,5200007499252575
44676759,169.8865,79853981,5200217515222605
44679389,169.8965,79853981,5200427531192635
44682019,169.9065,79853981,5200637547162665
44684649,169.9165,79853981,5200847563132695
44687279,169.9265,79853981,5201057579102725
44689909,169.9365,79853981,5201267595072755
44692539,169.9465,79853981,5201477611042785
44695169,169.9565,79853981,5201687627012815
44697799,169.9665,79853981,5201897642982845
44700429,169.9765,79853981,5202107658952875
44703059,169.9865,79853981,5202317674922905
44705689,169.9965,79853981,5202527690892935
44708319,170.0065,79853981,5202737706862965
44710949,170.0165,79853981,5202947722832995
44713579,170.0265,79853981,5203157738803025
44716209,170.0365,79853981,5203367754773055
44718839,170.0465,79853981,5203577770743085
44721469,170.0565,79853981,5203787786713115
44724099,170.0665,79853981,5203997802683145
44726729,170.0765,79853981,5204207818653175
44729359,170.0865,79853981,5204417834623205
44731989,170.0965,79853981,5204627850593235
44734619,170.1065,79853981,5204837866563265
44737249,170.1165,79853981,5205047882533295
44739879,170.1265,79853981,5205257898503325
44742509,170.1365,79853981,5205467914473355
44745139,170.1465,79853981,5205677930443385
44747769,170.1565,79853981,5205887946413415
44750399,170.1665,79853981,5206097962383445
44753029,170.1765,79853981,5206307978353475
44755659,170.1866,79853981,5206517994323505
44758289,170.1966,79853981,5206728010293535
44760919,170.2066,79853981,5206938026263565
44763549,170.2166,79853981,5207148042233595
44766179,170.2266,79853981,5207358058203625
44768809,170.2366,79853981,5207568074173655
44771439,170.2466,79853981,5207778090143685
44774069,170.2566,79853981,5207988106113715
44776699,170.2666,79853981,5208198122083745
44779329,170.2766,79853981,5208408138053775
44781959,170.2866,79853981,5208618154023805
44784589,170.2966,79853981,5208828169993835
44787219,170.3066,79853981,5209038185963865
44789849,170.3166,79853981,5209248201933895
44792479,170.3266,79853981,5209458217903925
44795109,170.3366,79853981,5209668233873955
44797739,170.3466,79853981,5209878249843985
44800369,170.3566,79853981,5210088265814015
44802999,170.3666,79853981,5210298281784045
44805629,170.3766,79853981,5210508297754075
44808259,170.3866,79853981,5210718313724105
44810889,170.3966,79853981,5210928329694135
44813519,170.4066,79853981,5211138345664165
44816149,170.4166,79853981,5211348361634195
44818779,170.4266,79853981,5211558377604225
44821409,170.4366,79853981,5211768393574255
44824039,170.4466,79853981,5211978409544285
44826669,170.4566,79853981,5212188425514315
44829299,170.4666,79853981,5212398441484345
44831929,170.4766,79853981,5212608457454375
44834559,170.4866,79853981,5212818473424405
44837189,170.4966,79853981,5213028489394435
44839819,170.5066,79853981,5213238505364465
44842449,170.5166,79853981,5213448521334495
44845079,170.5266,79853981,5213658537304525
44847709,170.5366,79853981,5213868553274555
44850339,170.5466,79853981,5214078569244585
44852969,170.5566,79853981,5214288585214615
44855599,170.5666,79853981,5214498601184645
44858229,170.5766,79853981,5214708617154675
44860859,170.5866,79853981,5214918633124705
44863489,170.5966,79853981,5215128649094735
44866119,170.6066,79853981,5215338665064765
44868749,170.6166,79853981,5215548681034795
44871379,170.6266,79853981,5215758697004825
44874009,170.6366,79853981,5215968712974855
44876639,170.6466,79853981,5216178728944885
44879269,170.6566,79853981,5216388744914915
44881899,170.6666,79853981,5216598760884945
44884529,170.6766,79853981,5216808776854975
44887159,170.6866,79853981,5217018792825005
44889789,170.6966,79853981,5217228808795035
44892419,170.7066,79853981,5217438824765065
44895049,170.7166,79853981,5217648840735095
44897679,170.7266,79853981,5217858856705125
44900309,170.7366,79853981,5218068872675155
44902939,170.7466,79853981,5218278888645185
44905569,170.7566,79853981,5218488904615215
44908199,170.7666,79853981,5218698920585245
44910829,170.7766,79853981,5218908936555275
44913459,170.7866,79853981,5219118952525305
44916089,170.7966,79853981,5219328968495335
44918719,170.8066,79853981,5219538984465365
44921349,170.8166,79853981,5219749000435395
44923979,170.8266,79853981,5219959016405425
44926609,170.8366,79853981,5220169032375455
44929239,170.8466,79853981,5220379048345485
44931869,170.8566,79853981,5220589064315515
44934499,170.8666,79853981,5220799080285545
44937129,170.8766,79853981,5221009096255575
44939759,170.8866,79853981,5221219112225605
44942389,170.8966,79853981,5221429128195635
44945019,170.9066,79853981,5221639144165665
44947649,170.9166,79853981,5221849160135695
44950279,170.9266,79853981,5222059176105725
44952909,170.9366,79853981,5222269192075755
44955539,170.9466,79853981,5222479208045785
44958169,170.9566,79853981,5222689224015815
44960799,170.9666,79853981,5222899239985845
44963429,170.9766,79853981,5223109255955875
44966059,170.9866,79853981,5223319271925905
44968689,170.9966,79853981,5223529287895935
44971319,171.0066,79853981,5223739303865965
44973949,171.0166,79853981,5223949319835995
44976579,171.0266,79853981,5224159335806025
44979209,171.0366,79853981,5224369351776055
44981839,171.0466,79853981,5224579367746085
44984469,171.0566,79853981,5224789383716115
44987099,171.0666,79853981,5224999399686145
44989729,171.0766,79853981,5225209415656175
44992359,171.0866,79853981,5225419431626205
44994989,171.0966,79853981,5225629447596235
44997619,171.1066,79853981,5225839463566265
45000249,171.1166,79853981,5226049479536295
45002879,171.1266,79853981,5226259495506325
45005509,171.1366,79853981,5226469511476355
45008139,171.1466,79853981,5226679527446385
45010769,171.1566,79853981,5226889543416415
45013399,171.1666,79853981,5227099559386445
45016029,171.1766,79853981,5227309575356475
45018659,171.1866,79853981,5227519591326505
45021289,171.1966,79853981,5227729607296535
45023919,171.2066,79853981,5227939623266565
45026549,171.2166,79853981,5228149639236595
45029179,171.2266,79853981,5228359655206625
45031809,171.2366,79853981,5228569671176655
45034439,171.2466,79853981,5228779687146685
45037069,171.2566,79853981,5228989703116715
45039699,171.2666,79853981,5229199719086745
45042329,171.2766,79853981,5229409735056775
45044959,171.2866,79853981,5229619751026805
45047589,171.2966,79853981,5229829766996835
45050219,171.3066,79853981,5230039782966865
45052849,171.3166,79853981,5230249798936895
45055479,171.3266,79853981,5230459814906925
45058109,171.3366,79853981,5230669830876955
45060739,171.3466,79853981,5230879846846985
45063369,171.3566,79853981,5231089862817015
45065999,171.3666,79853981,5231299878787045
45068629,171.3766,79853981,5231509894757075
45071259,171.3866,79853981,5231719910727105
45073889,171.3966,79853981,5231929926697135
45076519,171.4066,79853981,5232139942667165
45079149,171.4166,79853981,5232349958637195
45081779,171.4266,79853981,5232559974607225
45084409,171.4366,79853981,5232769990577255
45087039,171.4466,79853981,5232980006547285
45089669,171.4566,79853981,5233190022517315
45092299,171.4666,79853981,5233400038487345
45094929,171.4766,79853981,5233610054457375
45097559,171.4866,79853981,5233820070427405
45100189,171.4966,79853981,5234030086397435
45102819,171.5067,79853981,5234240102367465
45105449,171.5167,79853981,5234450118337495
45108079,171.5267,79853981,5234660134307525
45110709,171.5367,79853981,5234870150277555
45113339,171.5467,79853981,5235080166247585
45115969,171.5567,79853981,5235290182217615
45118599,171.5667,79853981,5235500198187645
45121229,171.5767,79853981,5235710214157675
45123859,171.5867,79853981,5235920230127705
45126489,171.5967,79853981,5236130246097735
45129119,171.6067,79853981,5236340262067765
45131749,171.6167,79853981,5236550278037795
45134379,171.6267,79853981,5236760294007825
45137009,171.6367,79853981,5236970309977855
45139639,171.6467,79853981,5237180325947885
45142269,171.6567,79853981,5237390341917915
45144899,171.6667,79853981,5237600357887945
45147529,171.6767,79853981,5237810373857975
45150159,171.6867,79853981,5238020389828005
45152789,171.6967,79853981,5238230405798035
45155419,171.7067,79853981,5238440421768065
45158049,171.7167,79853981,5238650437738095
45160679,171.7267,79853981,5238860453708125
45163309,171.7367,79853981,5239070469678155
45165939,171.7467,79853981,5239280485648185
45168569,171.7567,79853981,5239490501618215
45171199,171.7667,79853981,5239700517588245
45173829,171.7767,79853981,5239910533558275
45176459,171.7867,79853981,5240120549528305
45179089,171.7967,79853981,5240330565498335
45181719,171.8067,79853981,5240540581468365
45184349,171.8167,79853981,5240750597438395
45186979,171.8267,79853981,5240960613408425
45189609,171.8367,79853981,5241170629378455
45192239,171.8467,79853981,5241380645348485
45194869,171.8567,79853981,5241590661318515
45197499,171.8667,79853981,5241800677288545
45200129,171.8767,79853981,5242010693258575
45202759,171.8867,79853981,5242220709228605
45205389,171.8967,79853981,5242430725198635
45208019,171.9067,79853981,5242640741168665
45210649,171.9167,79853981,5242850757138695
45213279,171.9267,79853981,5243060773108725
45215909,171.9367,79853981,5243270789078755
45218539,171.9467,79853981,5243480805048785
45221169,171.9567,79853981,5243690821018815
45223799,171.9667,79853981,5243900836988845
45226429,171.9767,79853981,5244110852958875
45229059,171.9867,79853981,5244320868928905
45231689,171.9967,79853981,5244530884898935
45234319,172.0067,79853981,5244740900868965
45236949,172.0167,79853981,5244950916838995
45239579,172.0267,79853981,5245160932809025
45242209,172.0367,79853981,5245370948779055
45244839,172.0467,79853981,5245580964749085
45247469,172.0567,79853981,5245790980719115
45250099,172.0667,79853981,5246000996689145
45252729,172.0767,79853981,5246211012659175
45255359,172.0867,79853981,5246421028629205
45257989,172.0967,79853981,5246631044599235
45260619,172.1067,79853981,5246841060569265
45263249,172.1167,79853981,5247051076539295
45265879,172.1267,79853981,5247261092509325
45268509,172.1367,79853981,5247471108479355
45271139,172.1467,79853981,5247681124449385
45273769,172.1567,79853981,5247891140419415
45276399,172.1667,79853981,5248101156389445
45279029,172.1767,79853981,5248311172359475
45281659,172.1867,79853981,5248521188329505
45284289,172.1967,79853981,5248731204299535
45286919,172.2067,79853981,5248941220269565
45289549,172.2167,79853981,5249151236239595
45292179,172.2267,79853981,5249361252209625
45294809,172.2367,79853981,5249571268179655
45297439,172.2467,79853981,5249781284149685
45300069,172.2567,79853981,5249991300119715
45302699,172.2667,79853981,5250201316089745
45305329,172.2767,79853981,5250411332059775
45307959,172.2867,79853981,5250621348029805
45310589,172.2967,79853981,5250831363999835
45313219,172.3067,79853981,5251041379969865
45315849,172.3167,79853981,5251251395939895
45318479,172.3267,79853981,5251461411909925
45321109,172.3367,79853981,5251671427879955
45323739,172.3467,79853981,5251881443849985
45326369,172.3567,79853981,5252091459820015
45328999,172.3667,79853981,5252301475790045
45331629,172.3767,79853981,5252511491760075
45334259,172.3867,79853981,5252721507730105
45336889,172.3967,79853981,5252931523700135
45339519,172.4067,79853981,5253141539670165
45342149,172.4167,79853981,5253351555640195
45344779,172.4267,79853981,5253561571610225
45347409,172.4367,79853981,5253771587580255
45350039,172.4467,79853981,5253981603550285
45352669,172.4567,79853981,5254191619520315
45355299,172.4667,79853981,5254401635490345
45357929,172.4767,79853981,5254611651460375
45360559,172.4867,79853981,5254821667430405
45363189,172.4967,79853981,5255031683400435
45365819,172.5067,79853981,5255241699370465
45368449,172.5167,79853981,5255451715340495
45371079,172.5267,79853981,5255661731310525
45373709,172.5367,79853981,5255871747280555
45376339,172.5467,79853981,5256081763250585
45378969,172.5567,79853981,5256291779220615
45381599,172.5667,79853981,5256501795190645
45384229,172.5767,79853981,5256711811160675
45386859,172.5867,79853981,5256921827130705
45389489,172.5967,79853981,5257131843100735
45392119,172.6067,79853981,5257341859070765
45394749,172.6167,79853981,5257551875040795
45397379,172.6267,79853981,5257761891010825
45400009,172.6367,79853981,5257971906980855
45402639,172.6467,79853981,5258181922950885
45405269,172.6567,79853981,5258391938920915
45407899,172.6667,79853981,5258601954890945
45410529,172.6767,79853981,5258811970860975
45413159,172.6867,79853981,5259021986831005
45415789,172.6967,79853981,5259232002801035
45418419,172.7067,79853981,5259442018771065
45421049,172.7167,79853981,5259652034741095
45423679,172.7267,79853981,5259862050711125
45426309,172.7367,79853981,5260072066681155
45428939,172.7467,79853981,5260282082651185
45431569,172.7567,79853981,5260492098621215
45434199,172.7667,79853981,5260702114591245
45436829,172.7767,79853981,5260912130561275
45439459,172.7867,79853981,5261122146531305
45442089,172.7967,79853981,5261332162501335
45444719,172.8067,79853981,5261542178471365
45447349,172.8168,79853981,5261752194441395
45449979,172.8268,79853981,5261962210411425
45452609,172.8368,79853981,5262172226381455
45455239,172.8468,79853981,5262382242351485
45457869,172.8568,79853981,5262592258321515
45460499,172.8668,79853981,5262802274291545
45463129,172.8768,79853981,5263012290261575
45465759,172.8868,79853981,5263222306231605
45468389,172.8968,79853981,5263432322201635
45471019,172.9068,79853981,5263642338171665
45473649,172.9168,79853981,5263852354141695
45476279,172.9268,79853981,5264062370111725
45478909,172.9368,79853981,5264272386081755
45481539,172.9468,79853981,5264482402051785
45484169,172.9568,79853981,5264692418021815
45486799,172.9668,79853981,5264902433991845
45489429,172.9768,79853981,5265112449961875
45492059,172.9868,79853981,5265322465931905
45494689,172.9968,79853981,5265532481901935
45497319,173.0068,79853981,5265742497871965
45499949,173.0168,79853981,5265952513841995
45502579,173.0268,79853981,5266162529812025
45505209,173.0368,79853981,5266372545782055
45507839,173.0468,79853981,5266582561752085
45510469,173.0568,79853981,5266792577722115
45513099,173.0668,79853981,5267002593692145
45515729,173.0768,79853981,5267212609662175
45518359,173.0868,79853981,5267422625632205
45520989,173.0968,79853981,5267632641602235
45523619,173.1068,79853981,5267842657572265
45526249,173.1168,79853981,5268052673542295
45528879,173.1268,79853981,5268262689512325
45531509,173.1368,79853981,5268472705482355
45534139,173.1468,79853981,5268682721452385
45536769,173.1568,79853981,5268892737422415
45539399,173.1668,79853981,5269102753392445
45542029,173.1768,79853981,5269312769362475
45544659,173.1868,79853981,5269522785332505
45547289,173.1968,79853981,5269732801302535
45549919,173.2068,79853981,5269942817272565
45552549,173.2168,79853981,5270152833242595
45555179,173.2268,79853981,5270362849212625
45557809,173.2368,79853981,5270572865182655
45560439,173.2468,79853981,5270782881152685
45563069,173.2568,79853981,5270992897122715
45565699,173.2668,79853981,5271202913092745
45568329,173.2768,79853981,5271412929062775
45570959,173.2868,79853981,5271622945032805
45573589,173.2968,79853981,5271832961002835
45576219,173.3068,79853981,5272042976972865
45578849,173.3168,79853981,5272252992942895
45581479,173.3268,79853981,5272463008912925
45584109,173.3368,79853981,5272673024882955
45586739,173.3468,79853981,5272883040852985
45589369,173.3568,79853981,5273093056823015
45591999,173.3668,79853981,5273303072793045
45594629,173.3768,79853981,5273513088763075
45597259,173.3868,79853981,5273723104733105
45599889,173.3968,79853981,5273933120703135
45602519,173.4068,79853981,5274143136673165
45605149,173.4168,79853981,5274353152643195
45607779,173.4268,79853981,5274563168613225
45610409,173.4368,79853981,5274773184583255
45613039,173.4468,79853981,5274983200553285
45615669,173.4568,79853981,5275193216523315
45618299,173.4668,79853981,5275403232493345
45620929,173.4768,79853981,5275613248463375
45623559,173.4868,79853981,5275823264433405
45626189,173.4968,79853981,5276033280403435
45628819,173.5068,79853981,5276243296373465
45631449,173.5168,79853981,5276453312343495
45634079,173.5268,79853981,5276663328313525
45636709,173.5368,79853981,5276873344283555
45639339,173.5468,79853981,5277083360253585
45641969,173.5568,79853981,5277293376223615
45644599,173.5668,79853981,5277503392193645
45647229,173.5768,79853981,5277713408163675
45649859,173.5868,79853981,5277923424133705
45652489,173.5968,79853981,5278133440103735
45655119,173.6068,79853981,5278343456073765
45657749,173.6168,79853981,5278553472043795
45660379,173.6268,79853981,5278763488013825
45663009,173.6368,79853981,5278973503983855
45665639,173.6468,79853981,5279183519953885
45668269,173.6568,79853981,5279393535923915
45670899,173.6668,79853981,5279603551893945
45673529,173.6768,79853981,5279813567863975
45676159,173.6868,79853981,5280023583834005
45678789,173.6968,79853981,5280233599804035
45681419,173.7068,79853981,5280443615774065
45684049,173.7168,79853981,5280653631744095
45686679,173.7268,79853981,5280863647714125
45689309,173.7368,79853981,5281073663684155
45691939,173.7468,79853981,5281283679654185
45694569,173.7568,79853981,5281493695624215
45697199,173.7668,79853981,5281703711594245
45699829,173.7768,79853981,5281913727564275
45702459,173.7868,79853981,5282123743534305
45705089,173.7968,79853981,5282333759504335
45707719,173.8068,79853981,5282543775474365
45710349,173.8168,79853981,5282753791444395
45712979,173.8268,79853981,5282963807414425
45715609,173.8368,79853981,5283173823384455
45718239,173.8468,79853981,5283383839354485
45720869,173.8568,79853981,5283593855324515
45723499,173.8668,79853981,5283803871294545
45726129,173.8768,79853981,5284013887264575
45728759,173.8868,79853981,5284223903234605
45731389,173.8968,79853981,5284433919204635
45734019,173.9068,79853981,5284643935174665
45736649,173.9168,79853981,5284853951144695
45739279,173.9268,79853981,5285063967114725
45741909,173.9368,79853981,5285273983084755
45744539,173.9468,79853981,5285483999054785
45747169,173.9568,79853981,5285694015024815
45749799,173.9668,79853981,5285904030994845
45752429,173.9768,79853981,5286114046964875
45755059,173.9868,79853981,5286324062934905
45757689,173.9968,79853981,5286534078904935
45760319,174.0068,79853981,5286744094874965
45762949,174.0168,79853981,5286954110844995
45765579,174.0268,79853981,5287164126815025
45768209,174.0368,79853981,5287374142785055
45770839,174.0468,79853981,5287584158755085
45773469,174.0568,79853981,5287794174725115
45776099,174.0668,79853981,5288004190695145
45778729,174.0768,79853981,5288214206665175
45781359,174.0868,79853981,5288424222635205
45783989,174.0968,79853981,5288634238605235
45786619,174.1068,79853981,5288844254575265
45789249,174.1168,79853981,5289054270545295
45791879,174.1268,79853981,5289264286515325
45794509,174.1369,79853981,5289474302485355
45797139,174.1469,79853981,5289684318455385
45799769,174.1569,79853981,5289894334425415
45802399,174.1669,79853981,5290104350395445
45805029,174.1769,79853981,5290314366365475
45807659,174.1869,79853981,5290524382335505
45810289,174.1969,79853981,5290734398305535
45812919,174.2069,79853981,5290944414275565
45815549,174.2169,79853981,5291154430245595
45818179,174.2269,79853981,5291364446215625
45820809,174.2369,79853981,5291574462185655
45823439,174.2469,79853981,5291784478155685
45826069,174.2569,79853981,5291994494125715
45828699,174.2669,79853981,5292204510095745
45831329,174.2769,79853981,5292414526065775
45833959,174.2869,79853981,5292624542035805
45836589,174.2969,79853981,5292834558005835
45839219,174.3069,79853981,5293044573975865
45841849,174.3169,79853981,5293254589945895
45844479,174.3269,79853981,5293464605915925
45847109,174.3369,79853981,5293674621885955
45849739,174.3469,79853981,5293884637855985
45852369,174.3569,79853981,5294094653826015
45854999,174.3669,79853981,5294304669796045
45857629,174.3769,79853981,5294514685766075
45860259,174.3869,79853981,5294724701736105
45862889,174.3969,79853981,5294934717706135
45865519,174.4069,79853981,5295144733676165
45868149,174.4169,79853981,5295354749646195
45870779,174.4269,79853981,5295564765616225
45873409,174.4369,79853981,5295774781586255
45876039,174.4469,79853981,5295984797556285
45878669,174.4569,79853981,5296194813526315
45881299,174.4669,79853981,5296404829496345
45883929,174.4769,79853981,5296614845466375
45886559,174.4869,79853981,5296824861436405
45889189,174.4969,79853981,5297034877406435
45891819,174.5069,79853981,5297244893376465
45894449,174.5169,79853981,5297454909346495
45897079,174.5269,79853981,5297664925316525
45899709,174.5369,79853981,5297874941286555
45902339,174.5469,79853981,5298084957256585
45904969,174.5569,79853981,5298294973226615
45907599,174.5669,79853981,5298504989196645
45910229,174.5769,79853981,5298715005166675
45912859,174.5869,79853981,5298925021136705
45915489,174.5969,79853981,5299135037106735
45918119,174.6069,79853981,5299345053076765
45920749,174.6169,79853981,5299555069046795
45923379,174.6269,79853981,5299765085016825
45926009,174.6369,79853981,5299975100986855
45928639,174.6469,79853981,5300185116956885
45931269,174.6569,79853981,5300395132926915
45933899,174.6669,79853981,5300605148896945
45936529,174.6769,79853981,5300815164866975
45939159,174.6869,79853981,5301025180837005
45941789,174.6969,79853981,5301235196807035
45944419,174.7069,79853981,5301445212777065
45947049,174.7169,79853981,5301655228747095
45949679,174.7269,79853981,5301865244717125
45952309,174.7369,79853981,5302075260687155
45954939,174.7469,79853981,5302285276657185
45957569,174.7569,79853981,5302495292627215
45960199,174.7669,79853981,5302705308597245
45962829,174.7769,79853981,5302915324567275
45965459,174.7869,79853981,5303125340537305
45968089,174.7969,79853981,5303335356507335
45970719,174.8069,79853981,5303545372477365
45973349,174.8169,79853981,5303755388447395
45975979,174.8269,79853981,5303965404417425
45978609,174.8369,79853981,5304175420387455
45981239,174.8469,79853981,5304385436357485
45983869,174.8569,79853981,5304595452327515
45986499,174.8669,79853981,5304805468297545
45989129,174.8769,79853981,5305015484267575
45991759,174.8869,79853981,5305225500237605
45994389,174.8969,79853981,5305435516207635
45997019,174.9069,79853981,5305645532177665
45999649,174.9169,79853981,5305855548147695
46002279,174.9269,79853981,5306065564117725
46004909,174.9369,79853981,5306275580087755
46007539,174.9469,79853981,5306485596057785
46010169,174.9569,79853981,5306695612027815
46012799,174.9669,79853981,5306905627997845
46015429,174.9769,79853981,5307115643967875
46018059,174.9869,79853981,5307325659937905
46020689,174.9969,79853981,5307535675907935
46023319,175.0069,79853981,5307745691877965
46025949,175.0169,79853981,5307955707847995
46028579,175.0269,79853981,5308165723818025
46031209,175.0369,79853981,5308375739788055
46033839,175.0469,79853981,5308585755758085
46036469,175.0569,79853981,5308795771728115
46039099,175.0669,79853981,5309005787698145
46041729,175.0769,79853981,5309215803668175
46044359,175.0869,79853981,5309425819638205
46046989,175.0969,79853981,5309635835608235
46049619,175.1069,79853981,5309845851578265
46052249,175.1169,79853981,5310055867548295
46054879,175.1269,79853981,5310265883518325
46057509,175.1369,79853981,5310475899488355
46060139,175.1469,79853981,5310685915458385
46062769,175.1569,79853981,5310895931428415
46065399,175.1669,79853981,5311105947398445
46068029,175.1769,79853981,5311315963368475
46070659,175.1869,79853981,5311525979338505
46073289,175.1969,79853981,5311735995308535
46075919,175.2069,79853981,5311946011278565
46078549,175.2169,79853981,5312156027248595
46081179,175.2269,79853981,5312366043218625
46083809,175.2369,79853981,5312576059188655
46086439,175.2469,79853981,5312786075158685
46089069,175.2569,79853981,5312996091128715
46091699,175.2669,79853981,5313206107098745
46094329,175.2769,79853981,5313416123068775
46096959,175.2869,79853981,5313626139038805
46099589,175.2969,79853981,5313836155008835
46102219,175.3069,79853981,5314046170978865
46104849,175.3169,79853981,5314256186948895
46107479,175.3269,79853981,5314466202918925
46110109,175.3369,79853981,5314676218888955
46112739,175.3469,79853981,5314886234858985
46115369,175.3569,79853981,5315096250829015
46117999,175.3669,79853981,5315306266799045
46120629,175.3769,79853981,5315516282769075
46123259,175.3869,79853981,5315726298739105
46125889,175.3969,79853981,5315936314709135
46128519,175.4069,79853981,5316146330679165
46131149,175.4169,79853981,5316356346649195
46133779,175.4269,79853981,5316566362619225
46136409,175.4369,79853981,5316776378589255
46139039,175.4470,79853981,5316986394559285
46141669,175.4570,79853981,5317196410529315
46144299,175.4670,79853981,5317406426499345
46146929,175.4770,79853981,5317616442469375
46149559,175.4870,79853981,5317826458439405
46152189,175.4970,79853981,5318036474409435
46154819,175.5070,79853981,5318246490379465
46157449,175.5170,79853981,5318456506349495
46160079,175.5270,79853981,5318666522319525
46162709,175.5370,79853981,5318876538289555
46165339,175.5470,79853981,5319086554259585
46167969,175.5570,79853981,5319296570229615
46170599,175.5670,79853981,5319506586199645
46173229,175.5770,79853981,5319716602169675
46175859,175.5870,79853981,5319926618139705
46178489,175.5970,79853981,5320136634109735
46181119,175.6070,79853981,5320346650079765
46183749,175.6170,79853981,5320556666049795
46186379,175.6270,79853981,5320766682019825
46189009,175.6370,79853981,5320976697989855
46191639,175.6470,79853981,5321186713959885
46194269,175.6570,79853981,5321396729929915
46196899,175.6670,79853981,5321606745899945
46199529,175.6770,79853981,5321816761869975
46202159,175.6870,79853981,5322026777840005
46204789,175.6970,79853981,5322236793810035
46207419,175.7070,79853981,5322446809780065
46210049,175.7170,79853981,5322656825750095
46212679,175.7270,79853981,5322866841720125
46215309,175.7370,79853981,5323076857690155
46217939,175.7470,79853981,5323286873660185
46220569,175.7570,79853981,5323496889630215
46223199,175.7670,79853981,5323706905600245
46225829,175.7770,79853981,5323916921570275
46228459,175.7870,79853981,5324126937540305
46231089,175.7970,79853981,5324336953510335
46233719,175.8070,79853981,5324546969480365
46236349,175.8170,79853981,5324756985450395
46238979,175.8270,79853981,5324967001420425
46241609,175.8370,79853981,5325177017390455
46244239,175.8470,79853981,5325387033360485
46246869,175.8570,79853981,5325597049330515
46249499,175.8670,79853981,5325807065300545
46252129,175.8770,79853981,5326017081270575
46254759,175.8870,79853981,5326227097240605
46257389,175.8970,79853981,5326437113210635
46260019,175.9070,79853981,5326647129180665
46262649,175.9170,79853981,5326857145150695
46265279,175.9270,79853981,5327067161120725
46267909,175.9370,79853981,5327277177090755
46270539,175.9470,79853981,5327487193060785
46273169,175.9570,79853981,5327697209030815
46275799,175.9670,79853981,5327907225000845
46278429,175.9770,79853981,5328117240970875
46281059,175.9870,79853981,5328327256940905
46283689,175.9970,79853981,5328537272910935
46286319,176.0070,79853981,5328747288880965
46288949,176.0170,79853981,5328957304850995
46291579,176.0270,79853981,5329167320821025
46294209,176.0370,79853981,5329377336791055
46296839,176.0470,79853981,5329587352761085
46299469,176.0570,79853981,5329797368731115
46302099,176.0670,79853981,5330007384701145
46304729,176.0770,79853981,5330217400671175
46307359,176.0870,79853981,5330427416641205
46309989,176.0970,79853981,5330637432611235
46312619,176.1070,79853981,5330847448581265
46315249,176.1170,79853981,5331057464551295
46317879,176.1270,79853981,5331267480521325
46320509,176.1370,79853981,5331477496491355
46323139,176.1470,79853981,5331687512461385
46325769,176.1570,79853981,5331897528431415
46328399,176.1670,79853981,5332107544401445
46331029,176.1770,79853981,5332317560371475
46333659,176.1870,79853981,5332527576341505
46336289,176.1970,79853981,5332737592311535
46338919,176.2070,79853981,5332947608281565
46341549,176.2170,79853981,5333157624251595
46344179,176.2270,79853981,5333367640221625
46346809,176.2370,79853981,5333577656191655
46349439,176.2470,79853981,5333787672161685
46352069,176.2570,79853981,5333997688131715
46354699,176.2670,79853981,5334207704101745
46357329,176.2770,79853981,5334417720071775
46359959,176.2870,79853981,5334627736041805
46362589,176.2970,79853981,5334837752011835
46365219,176.3070,79853981,5335047767981865
46367849,176.3170,79853981,5335257783951895
46370479,176.3270,79853981,5335467799921925
46373109,176.3370,79853981,5335677815891955
46375739,176.3470,79853981,5335887831861985
46378369,176.3570,79853981,5336097847832015
46380999,176.3670,79853981,5336307863802045
46383629,176.3770,79853981,5336517879772075
46386259,176.3870,79853981,5336727895742105
46388889,176.3970,79853981,5336937911712135
46391519,176.4070,79853981,5337147927682165
46394149,176.4170,79853981,5337357943652195
46396779,176.4270,79853981,5337567959622225
46399409,176.4370,79853981,5337777975592255
46402039,176.4470,79853981,5337987991562285
46404669,176.4570,79853981,5338198007532315
46407299,176.4670,79853981,5338408023502345
46409929,176.4770,79853981,5338618039472375
46412559,176.4870,79853981,5338828055442405
46415189,176.4970,79853981,5339038071412435
46417819,176.5070,79853981,5339248087382465
46420449,176.5170,79853981,5339458103352495
46423079,176.5270,79853981,5339668119322525
46425709,176.5370,79853981,5339878135292555
46428339,176.5470,79853981,5340088151262585
46430969,176.5570,79853981,5340298167232615
46433599,176.5670,79853981,5340508183202645
46436229,176.5770,79853981,5340718199172675
46438859,176.5870,79853981,5340928215142705
46441489,176.5970,79853981,5341138231112735
46444119,176.6070,79853981,5341348247082765
46446749,176.6170,79853981,5341558263052795
46449379,176.6270,79853981,5341768279022825
46452009,176.6370,79853981,5341978294992855
46454639,176.6470,79853981,5342188310962885
46457269,176.6570,79853981,5342398326932915
46459899,176.6670,79853981,5342608342902945
46462529,176.6770,79853981,5342818358872975
46465159,176.6870,79853981,5343028374843005
46467789,176.6970,79853981,5343238390813035
46470419,176.7070,79853981,5343448406783065
46473049,176.7170,79853981,5343658422753095
46475679,176.7270,79853981,5343868438723125
46478309,176.7370,79853981,5344078454693155
46480939,176.7470,79853981,5344288470663185
46483569,176.7570,79853981,5344498486633215
46486199,176.7671,79853981,5344708502603245
46488829,176.7771,79853981,5344918518573275
46491459,176.7871,79853981,5345128534543305
46494089,176.7971,79853981,5345338550513335
46496719,176.8071,79853981,5345548566483365
46499349,176.8171,79853981,5345758582453395
46501979,176.8271,79853981,5345968598423425
46504609,176.8371,79853981,5346178614393455
46507239,176.8471,79853981,5346388630363485
46509869,176.8571,79853981,5346598646333515
46512499,176.8671,79853981,5346808662303545
46515129,176.8771,79853981,5347018678273575
46517759,176.8871,79853981,5347228694243605
46520389,176.8971,79853981,5347438710213635
46523019,176.9071,79853981,5347648726183665
46525649,176.9171,79853981,5347858742153695
46528279,176.9271,79853981,5348068758123725
46530909,176.9371,79853981,5348278774093755
46533539,176.9471,79853981,5348488790063785
46536169,176.9571,79853981,5348698806033815
46538799,176.9671,79853981,5348908822003845
46541429,176.9771,79853981,5349118837973875
46544059,176.9871,79853981,5349328853943905
46546689,176.9971,79853981,5349538869913935
46549319,177.0071,79853981,5349748885883965
46551949,177.0171,79853981,5349958901853995
46554579,177.0271,79853981,5350168917824025
46557209,177.0371,79853981,5350378933794055
46559839,177.0471,79853981,5350588949764085
46562469,177.0571,79853981,5350798965734115
46565099,177.0671,79853981,5351008981704145
46567729,177.0771,79853981,5351218997674175
46570359,177.0871,79853981,5351429013644205
46572989,177.0971,79853981,5351639029614235
46575619,177.1071,79853981,5351849045584265
46578249,177.1171,79853981,5352059061554295
46580879,177.1271,79853981,5352269077524325
46583509,177.1371,79853981,5352479093494355
46586139,177.1471,79853981,5352689109464385
46588769,177.1571,79853981,5352899125434415
46591399,177.1671,79853981,5353109141404445
46594029,177.1771,79853981,5353319157374475
46596659,177.1871,79853981,5353529173344505
46599289,177.1971,79853981,5353739189314535
46601919,177.2071,79853981,5353949205284565
46604549,177.2171,79853981,5354159221254595
46607179,177.2271,79853981,5354369237224625
46609809,177.2371,79853981,5354579253194655
46612439,177.2471,79853981,5354789269164685
46615069,177.2571,79853981,5354999285134715
46617699,177.2671,79853981,5355209301104745
46620329,177.2771,79853981,5355419317074775
46622959,177.2871,79853981,5355629333044805
46625589,177.2971,79853981,5355839349014835
46628219,177.3071,79853981,5356049364984865
46630849,177.3171,79853981,5356259380954895
46633479,177.3271,79853981,5356469396924925
46636109,177.3371,79853981,5356679412894955
46638739,177.3471,79853981,5356889428864985
46641369,177.3571,79853981,5357099444835015
46643999,177.3671,79853981,5357309460805045
46646629,177.3771,79853981,5357519476775075
46649259,177.3871,79853981,5357729492745105
46651889,177.3971,79853981,5357939508715135
46654519,177.4071,79853981,5358149524685165
46657149,177.4171,79853981,5358359540655195
46659779,177.4271,79853981,5358569556625225
46662409,177.4371,79853981,5358779572595255
46665039,177.4471,79853981,5358989588565285
46667669,177.4571,79853981,5359199604535315
46670299,177.4671,79853981,5359409620505345
46672929,177.4771,79853981,5359619636475375
46675559,177.4871,79853981,5359829652445405
46678189,177.4971,79853981,5360039668415435
46680819,177.5071,79853981,5360249684385465
46683449,177.5171,79853981,5360459700355495
46686079,177.5271,79853981,5360669716325525
46688709,177.5371,79853981,5360879732295555
46691339,177.5471,79853981,5361089748265585
46693969,177.5571,79853981,5361299764235615
46696599,177.5671,79853981,5361509780205645
46699229,177.5771,79853981,5361719796175675
46701859,177.5871,79853981,5361929812145705
46704489,177.5971,79853981,5362139828115735
46707119,177.6071,79853981,5362349844085765
46709749,177.6171,79853981,5362559860055795
46712379,177.6271,79853981,5362769876025825
46715009,177.6371,79853981,5362979891995855
46717639,177.6471,79853981,5363189907965885
46720269,177.6571,79853981,5363399923935915
46722899,177.6671,79853981,5363609939905945
46725529,177.6771,79853981,5363819955875975
46728159,177.6871,79853981,5364029971846005
46730789,177.6971,79853981,5364239987816035
46733419,177.7071,79853981,5364450003786065
46736049,177.7171,79853981,5364660019756095
46738679,177.7271,79853981,5364870035726125
46741309,177.7371,79853981,5365080051696155
46743939,177.7471,79853981,5365290067666185
46746569,177.7571,79853981,5365500083636215
46749199,177.7671,79853981,5365710099606245
46751829,177.7771,79853981,5365920115576275
46754459,177.7871,79853981,5366130131546305
46757089,177.7971,79853981,5366340147516335
46759719,177.8071,79853981,5366550163486365
46762349,177.8171,79853981,5366760179456395
46764979,177.8271,79853981,5366970195426425
46767609,177.8371,79853981,5367180211396455
46770239,177.8471,79853981,5367390227366485
46772869,177.8571,79853981,5367600243336515
46775499,177.8671,79853981,5367810259306545
46778129,177.8771,79853981,5368020275276575
46780759,177.8871,79853981,5368230291246605
46783389,177.8971,79853981,5368440307216635
46786019,177.9071,79853981,5368650323186665
46788649,177.9171,79853981,5368860339156695
46791279,177.9271,79853981,5369070355126725
46793909,177.9371,79853981,5369280371096755
46796539,177.9471,79853981,5369490387066785
46799169,177.9571,79853981,5369700403036815
46801799,177.9671,79853981,5369910419006845
46804429,177.9771,79853981,5370120434976875
46807059,177.9871,79853981,5370330450946905
46809689,177.9971,79853981,5370540466916935
46812319,178.0071,79853981,5370750482886965
46814949,178.0171,79853981,5370960498856995
46817579,178.0271,79853981,5371170514827025
46820209,178.0371,79853981,5371380530797055
46822839,178.0471,79853981,5371590546767085
46825469,178.0571,79853981,5371800562737115
46828099,178.0671,79853981,5372010578707145
46830729,178.0772,79853981,5372220594677175
46833359,178.0872,79853981,5372430610647205
46835989,178.0972,79853981,5372640626617235
46838619,178.1072,79853981,5372850642587265
46841249,178.1172,79853981,5373060658557295
46843879,178.1272,79853981,5373270674527325
46846509,178.1372,79853981,5373480690497355
46849139,178.1472,79853981,5373690706467385
46851769,178.1572,79853981,5373900722437415
46854399,178.1672,79853981,5374110738407445
46857029,178.1772,79853981,5374320754377475
46859659,178.1872,79853981,5374530770347505
46862289,178.1972,79853981,5374740786317535
46864919,178.2072,79853981,5374950802287565
46867549,178.2172,79853981,5375160818257595
46870179,178.2272,79853981,5375370834227625
46872809,178.2372,79853981,5375580850197655
46875439,178.2472,79853981,5375790866167685
46878069,178.2572,79853981,5376000882137715
46880699,178.2672,79853981,5376210898107745
46883329,178.2772,79853981,5376420914077775
46885959,178.2872,79853981,5376630930047805
46888589,178.2972,79853981,5376840946017835
46891219,178.3072,79853981,5377050961987865
46893849,178.3172,79853981,5377260977957895
46896479,178.3272,79853981,5377470993927925
46899109,178.3372,79853981,5377681009897955
46901739,178.3472,79853981,5377891025867985
46904369,178.3572,79853981,5378101041838015
46906999,178.3672,79853981,5378311057808045
46909629,178.3772,79853981,5378521073778075
46912259,178.3872,79853981,5378731089748105
46914889,178.3972,79853981,5378941105718135
46917519,178.4072,79853981,5379151121688165
46920149,178.4172,79853981,5379361137658195
46922779,178.4272,79853981,5379571153628225
46925409,178.4372,79853981,5379781169598255
46928039,178.4472,79853981,5379991185568285
46930669,178.4572,79853981,5380201201538315
46933299,178.4672,79853981,5380411217508345
46935929,178.4772,79853981,5380621233478375
46938559,178.4872,79853981,5380831249448405
46941189,178.4972,79853981,5381041265418435
46943819,178.5072,79853981,5381251281388465
46946449,178.5172,79853981,5381461297358495
46949079,178.5272,79853981,5381671313328525
46951709,178.5372,79853981,5381881329298555
46954339,178.5472,79853981,5382091345268585
46956969,178.5572,79853981,5382301361238615
46959599,178.5672,79853981,5382511377208645
46962229,178.5772,79853981,5382721393178675
46964859,178.5872,79853981,5382931409148705
46967489,178.5972,79853981,5383141425118735
46970119,178.6072,79853981,5383351441088765
46972749,178.6172,79853981,5383561457058795
46975379,178.6272,79853981,5383771473028825
46978009,178.6372,79853981,5383981488998855
46980639,178.6472,79853981,5384191504968885
46983269,178.6572,79853981,5384401520938915
46985899,178.6672,79853981,5384611536908945
46988529,178.6772,79853981,5384821552878975
46991159,178.6872,79853981,5385031568849005
46993789,178.6972,79853981,5385241584819035
46996419,178.7072,79853981,5385451600789065
46999049,178.7172,79853981,5385661616759095
47001679,178.7272,79853981,5385871632729125
47004309,178.7372,79853981,5386081648699155
47006939,178.7472,79853981,5386291664669185
47009569,178.7572,79853981,5386501680639215
47012199,178.7672,79853981,5386711696609245
47014829,178.7772,79853981,5386921712579275
47017459,178.7872,79853981,5387131728549305
47020089,178.7972,79853981,5387341744519335
47022719,178.8072,79853981,5387551760489365
47025349,178.8172,79853981,5387761776459395
47027979,178.8272,79853981,5387971792429425
47030609,178.8372,79853981,5388181808399455
47033239,178.8472,79853981,5388391824369485
47035869,178.8572,79853981,5388601840339515
47038499,178.8672,79853981,5388811856309545
47041129,178.8772,79853981,5389021872279575
47043759,178.8872,79853981,5389231888249605
47046389,178.8972,79853981,5389441904219635
47049019,178.9072,79853981,5389651920189665
47051649,178.9172,79853981,5389861936159695
47054279,178.9272,79853981,5390071952129725
47056909,178.9372,79853981,5390281968099755
47059539,178.9472,79853981,5390491984069785
47062169,178.9572,79853981,5390702000039815
47064799,178.9672,79853981,5390912016009845
47067429,178.9772,79853981,5391122031979875
47070059,178.9872,79853981,5391332047949905
47072689,178.9972,79853981,5391542063919935
47075319,179.0072,79853981,5391752079889965
47077949,179.0172,79853981,5391962095859995
47080579,179.0272,79853981,5392172111830025
47083209,179.0372,79853981,5392382127800055
47085839,179.0472,79853981,5392592143770085
47088469,179.0572,79853981,5392802159740115
47091099,179.0672,79853981,5393012175710145
47093729,179.0772,79853981,5393222191680175
47096359,179.0872,79853981,5393432207650205
47098989,179.0972,79853981,5393642223620235
47101619,179.1072,79853981,5393852239590265
47104249,179.1172,79853981,5394062255560295
47106879,179.1272,79853981,5394272271530325
47109509,179.1372,79853981,5394482287500355
47112139,179.1472,79853981,5394692303470385
47114769,179.1572,79853981,5394902319440415
47117399,179.1672,79853981,5395112335410445
47120029,179.1772,79853981,5395322351380475
47122659,179.1872,79853981,5395532367350505
47125289,179.1972,79853981,5395742383320535
47127919,179.2072,79853981,5395952399290565
47130549,179.2172,79853981,5396162415260595
47133179,179.2272,79853981,5396372431230625
47135809,179.2372,79853981,5396582447200655
47138439,179.2472,79853981,5396792463170685
47141069,179.2572,79853981,5397002479140715
47143699,179.2672,79853981,5397212495110745
47146329,179.2772,79853981,5397422511080775
47148959,179.2872,79853981,5397632527050805
47151589,179.2972,79853981,5397842543020835
47154219,179.3072,79853981,5398052558990865
47156849,179.3172,79853981,5398262574960895
47159479,179.3272,79853981,5398472590930925
47162109,179.3372,79853981,5398682606900955
47164739,179.3472,79853981,5398892622870985
47167369,179.3572,79853981,5399102638841015
47169999,179.3672,79853981,5399312654811045
47172629,179.3772,79853981,5399522670781075
47175259,179.3872,79853981,5399732686751105
47177889,179.3973,79853981,5399942702721135
47180519,179.4073,79853981,5400152718691165
47183149,179.4173,79853981,5400362734661195
47185779,179.4273,79853981,5400572750631225
47188409,179.4373,79853981,5400782766601255
47191039,179.4473,79853981,5400992782571285
47193669,179.4573,79853981,5401202798541315
47196299,179.4673,79853981,5401412814511345
47198929,179.4773,79853981,5401622830481375
47201559,179.4873,79853981,5401832846451405
47204189,179.4973,79853981,5402042862421435
47206819,179.5073,79853981,5402252878391465
47209449,179.5173,79853981,5402462894361495
47212079,179.5273,79853981,5402672910331525
47214709,179.5373,79853981,5402882926301555
47217339,179.5473,79853981,5403092942271585
47219969,179.5573,79853981,5403302958241615
47222599,179.5673,79853981,5403512974211645
47225229,179.5773,79853981,5403722990181675
47227859,179.5873,79853981,5403933006151705
47230489,179.5973,79853981,5404143022121735
47233119,179.6073,79853981,5404353038091765
47235749,179.6173,79853981,5404563054061795
47238379,179.6273,79853981,5404773070031825
47241009,179.6373,79853981,5404983086001855
47243639,179.6473,79853981,5405193101971885
47246269,179.6573,79853981,5405403117941915
47248899,179.6673,79853981,5405613133911945
47251529,179.6773,79853981,5405823149881975
47254159,179.6873,79853981,5406033165852005
47256789,179.6973,79853981,5406243181822035
47259419,179.7073,79853981,5406453197792065
47262049,179.7173,79853981,5406663213762095
47264679,179.7273,79853981,5406873229732125
47267309,179.7373,79853981,5407083245702155
47269939,179.7473,79853981,5407293261672185
47272569,179.7573,79853981,5407503277642215
47275199,179.7673,79853981,5407713293612245
47277829,179.7773,79853981,5407923309582275
47280459,179.7873,79853981,5408133325552305
47283089,179.7973,79853981,5408343341522335
47285719,179.8073,79853981,5408553357492365
47288349,179.8173,79853981,5408763373462395
47290979,179.8273,79853981,5408973389432425
47293609,179.8373,79853981,5409183405402455
47296239,179.8473,79853981,5409393421372485
47298869,179.8573,79853981,5409603437342515
47301499,179.8673,79853981,5409813453312545
47304129,179.8773,79853981,5410023469282575
47306759,179.8873,79853981,5410233485252605
47309389,179.8973,79853981,5410443501222635
47312019,179.9073,79853981,5410653517192665
47314649,179.9173,79853981,5410863533162695
47317279,179.9273,79853981,5411073549132725
47319909,179.9373,79853981,5411283565102755
47322539,179.9473,79853981,5411493581072785
47325169,179.9573,79853981,5411703597042815
47327799,179.9673,79853981,5411913613012845
47330429,179.9773,79853981,5412123628982875
47333059,179.9873,79853981,5412333644952905
47335689,179.9973,79853981,5412543660922935
47338319,180.0073,79853981,5412753676892965
47340949,180.0173,79853981,5412963692862995
47343579,180.0273,79853981,5413173708833025
47346209,180.0373,79853981,5413383724803055
47348839,180.0473,79853981,5413593740773085
47351469,180.0573,79853981,5413803756743115
47354099,180.0673,79853981,5414013772713145
47356729,180.0773,79853981,5414223788683175
47359359,180.0873,79853981,5414433804653205
47361989,180.0973,79853981,5414643820623235
47364619,180.1073,79853981,5414853836593265
47367249,180.1173,79853981,5415063852563295
47369879,180.1273,79853981,5415273868533325
47372509,180.1373,79853981,5415483884503355
47375139,180.1473,79853981,5415693900473385
47377769,180.1573,79853981,5415903916443415
47380399,180.1673,79853981,5416113932413445
47383029,180.1773,79853981,5416323948383475
47385659,180.1873,79853981,5416533964353505
47388289,180.1973,79853981,5416743980323535
47390919,180.2073,79853981,5416953996293565
47393549,180.2173,79853981,5417164012263595
47396179,180.2273,79853981,5417374028233625
47398809,180.2373,79853981,5417584044203655
47401439,180.2473,79853981,5417794060173685
47404069,180.2573,79853981,5418004076143715
47406699,180.2673,79853981,5418214092113745
47409329,180.2773,79853981,5418424108083775
47411959,180.2873,79853981,5418634124053805
47414589,180.2973,79853981,5418844140023835
47417219,180.3073,79853981,5419054155993865
47419849,180.3173,79853981,5419264171963895
47422479,180.3273,79853981,5419474187933925
47425109,180.3373,79853981,5419684203903955
47427739,180.3473,79853981,5419894219873985
47430369,180.3573,79853981,5420104235844015
47432999,180.3673,79853981,5420314251814045
47435629,180.3773,79853981,5420524267784075
47438259,180.3873,79853981,5420734283754105
47440889,180.3973,79853981,5420944299724135
47443519,180.4073,79853981,5421154315694165
47446149,180.4173,79853981,5421364331664195
47448779,180.4273,79853981,5421574347634225
47451409,180.4373,79853981,5421784363604255
47454039,180.4473,79853981,5421994379574285
47456669,180.4573,79853981,5422204395544315
47459299,180.4673,79853981,5422414411514345
47461929,180.4773,79853981,5422624427484375
47464559,180.4873,79853981,5422834443454405
47467189,180.4973,79853981,5423044459424435
47469819,180.5073,79853981,5423254475394465
47472449,180.5173,79853981,5423464491364495
47475079,180.5273,79853981,5423674507334525
47477709,180.5373,79853981,5423884523304555
47480339,180.5473,79853981,5424094539274585
47482969,180.5573,79853981,5424304555244615
47485599,180.5673,79853981,5424514571214645
47488229,180.5773,79853981,5424724587184675
47490859,180.5873,79853981,5424934603154705
47493489,180.5973,79853981,5425144619124735
47496119,180.6073,79853981,5425354635094765
47498749,180.6173,79853981,5425564651064795
47501379,180.6273,79853981,5425774667034825
47504009,180.6373,79853981,5425984683004855
47506639,180.6473,79853981,5426194698974885
47509269,180.6573,79853981,5426404714944915
47511899,180.6673,79853981,5426614730914945
47514529,180.6773,79853981,5426824746884975
47517159,180.6873,79853981,5427034762855005
47519789,180.6973,79853981,5427244778825035
47522419,180.7074,79853981,5427454794795065
47525049,180.7174,79853981,5427664810765095
47527679,180.7274,79853981,5427874826735125
47530309,180.7374,79853981,5428084842705155
47532939,180.7474,79853981,5428294858675185
47535569,180.7574,79853981,5428504874645215
47538199,180.7674,79853981,5428714890615245
47540829,180.7774,79853981,5428924906585275
47543459,180.7874,79853981,5429134922555305
47546089,180.7974,79853981,5429344938525335
47548719,180.8074,79853981,5429554954495365
47551349,180.8174,79853981,5429764970465395
47553979,180.8274,79853981,5429974986435425
47556609,180.8374,79853981,5430185002405455
47559239,180.8474,79853981,5430395018375485
47561869,180.8574,79853981,5430605034345515
47564499,180.8674,79853981,5430815050315545
47567129,180.8774,79853981,5431025066285575
47569759,180.8874,79853981,5431235082255605
47572389,180.8974,79853981,5431445098225635
47575019,180.9074,79853981,5431655114195665
47577649,180.9174,79853981,5431865130165695
47580279,180.9274,79853981,5432075146135725
47582909,180.9374,79853981,5432285162105755
47585539,180.9474,79853981,5432495178075785
47588169,180.9574,79853981,5432705194045815
47590799,180.9674,79853981,5432915210015845
47593429,180.9774,79853981,5433125225985875
47596059,180.9874,79853981,5433335241955905
47598689,180.9974,79853981,5433545257925935
47601319,181.0074,79853981,5433755273895965
47603949,181.0174,79853981,5433965289865995
47606579,181.0274,79853981,5434175305836025
47609209,181.0374,79853981,5434385321806055
47611839,181.0474,79853981,5434595337776085
47614469,181.0574,79853981,5434805353746115
47617099,181.0674,79853981,5435015369716145
47619729,181.0774,79853981,5435225385686175
47622359,181.0874,79853981,5435435401656205
47624989,181.0974,79853981,5435645417626235
47627619,181.1074,79853981,5435855433596265
47630249,181.1174,79853981,5436065449566295
47632879,181.1274,79853981,5436275465536325
47635509,181.1374,79853981,5436485481506355
47638139,181.1474,79853981,5436695497476385
47640769,181.1574,79853981,5436905513446415
47643399,181.1674,79853981,5437115529416445
47646029,181.1774,79853981,5437325545386475
47648659,181.1874,79853981,5437535561356505
47651289,181.1974,79853981,5437745577326535
47653919,181.2074,79853981,5437955593296565
47656549,181.2174,79853981,5438165609266595
47659179,181.2274,79853981,5438375625236625
47661809,181.2374,79853981,5438585641206655
47664439,181.2474,79853981,5438795657176685
47667069,181.2574,79853981,5439005673146715
47669699,181.2674,79853981,5439215689116745
47672329,181.2774,79853981,5439425705086775
47674959,181.2874,79853981,5439635721056805
47677589,181.2974,79853981,5439845737026835
47680219,181.3074,79853981,5440055752996865
47682849,181.3174,79853981,5440265768966895
47685479,181.3274,79853981,5440475784936925
47688109,181.3374,79853981,5440685800906955
47690739,181.3474,79853981,5440895816876985
47693369,181.3574,79853981,5441105832847015
47695999,181.3674,79853981,5441315848817045
47698629,181.3774,79853981,5441525864787075
47701259,181.3874,79853981,5441735880757105
47703889,181.3974,79853981,5441945896727135
47706519,181.4074,79853981,5442155912697165
47709149,181.4174,79853981,5442365928667195
47711779,181.4274,79853981,5442575944637225
47714409,181.4374,79853981,5442785960607255
47717039,181.4474,79853981,5442995976577285
47719669,181.4574,79853981,5443205992547315
47722299,181.4674,79853981,5443416008517345
47724929,181.4774,79853981,5443626024487375
47727559,181.4874,79853981,5443836040457405
47730189,181.4974,79853981,5444046056427435
47732819,181.5074,79853981,5444256072397465
47735449,181.5174,79853981,5444466088367495
47738079,181.5274,79853981,5444676104337525
47740709,181.5374,79853981,5444886120307555
47743339,181.5474,79853981,5445096136277585
47745969,181.5574,79853981,5445306152247615
47748599,181.5674,79853981,5445516168217645
47751229,181.5774,79853981,5445726184187675
47753859,181.5874,79853981,5445936200157705
47756489,181.5974,79853981,5446146216127735
47759119,181.6074,79853981,5446356232097765
47761749,181.6174,79853981,5446566248067795
47764379,181.6274,79853981,5446776264037825
47767009,181.6374,79853981,5446986280007855
47769639,181.6474,79853981,5447196295977885
47772269,181.6574,79853981,5447406311947915
47774899,181.6674,79853981,5447616327917945
47777529,181.6774,79853981,5447826343887975
47780159,181.6874,79853981,5448036359858005
47782789,181.6974,79853981,5448246375828035
47785419,181.7074,79853981,5448456391798065
47788049,181.7174,79853981,5448666407768095
47790679,181.7274,79853981,5448876423738125
47793309,181.7374,79853981,5449086439708155
47795939,181.7474,79853981,5449296455678185
47798569,181.7574,79853981,5449506471648215
47801199,181.7674,79853981,5449716487618245
47803829,181.7774,79853981,5449926503588275
47806459,181.7874,79853981,5450136519558305
47809089,181.7974,79853981,5450346535528335
47811719,181.8074,79853981,5450556551498365
47814349,181.8174,79853981,5450766567468395
47816979,181.8274,79853981,5450976583438425
47819609,181.8374,79853981,5451186599408455
47822239,181.8474,79853981,5451396615378485
47824869,181.8574,79853981,5451606631348515
47827499,181.8674,79853981,5451816647318545
47830129,181.8774,79853981,5452026663288575
47832759,181.8874,79853981,5452236679258605
47835389,181.8974,79853981,5452446695228635
47838019,181.9074,79853981,5452656711198665
47840649,181.9174,79853981,5452866727168695
47843279,181.9274,79853981,5453076743138725
47845909,181.9374,79853981,5453286759108755
47848539,181.9474,79853981,5453496775078785
47851169,181.9574,79853981,5453706791048815
47853799,181.9674,79853981,5453916807018845
47856429,181.9774,79853981,5454126822988875
47859059,181.9874,79853981,5454336838958905
47861689,181.9974,79853981,5454546854928935
47864319,182.0074,79853981,5454756870898965
47866949,182.0174,79853981,5454966886868995
47869579,182.0275,79853981,5455176902839025
47872209,182.0375,79853981,5455386918809055
47874839,182.0475,79853981,5455596934779085
47877469,182.0575,79853981,5455806950749115
47880099,182.0675,79853981,5456016966719145
47882729,182.0775,79853981,5456226982689175
47885359,182.0875,79853981,5456436998659205
47887989,182.0975,79853981,5456647014629235
47890619,182.1075,79853981,5456857030599265
47893249,182.1175,79853981,5457067046569295
47895879,182.1275,79853981,5457277062539325
47898509,182.1375,79853981,5457487078509355
47901139,182.1475,79853981,5457697094479385
47903769,182.1575,79853981,5457907110449415
47906399,182.1675,79853981,5458117126419445
47909029,182.1775,79853981,5458327142389475
47911659,182.1875,79853981,5458537158359505
47914289,182.1975,79853981,5458747174329535
47916919,182.2075,79853981,5458957190299565
47919549,182.2175,79853981,5459167206269595
47922179,182.2275,79853981,5459377222239625
47924809,182.2375,79853981,5459587238209655
47927439,182.2475,79853981,5459797254179685
47930069,182.2575,79853981,5460007270149715
47932699,182.2675,79853981,5460217286119745
47935329,182.2775,79853981,5460427302089775
47937959,182.2875,79853981,5460637318059805
47940589,182.2975,79853981,5460847334029835
47943219,182.3075,79853981,5461057349999865
47945849,182.3175,79853981,5461267365969895
47948479,182.3275,79853981,5461477381939925
47951109,182.3375,79853981,5461687397909955
47953739,182.3475,79853981,5461897413879985
47956369,182.3575,79853981,5462107429850015
47958999,182.3675,79853981,5462317445820045
47961629,182.3775,79853981,5462527461790075
47964259,182.3875,79853981,5462737477760105
47966889,182.3975,79853981,5462947493730135
47969519,182.4075,79853981,5463157509700165
47972149,182.4175,79853981,5463367525670195
47974779,182.4275,79853981,5463577541640225
47977409,182.4375,79853981,5463787557610255
47980039,182.4475,79853981,5463997573580285
47982669,182.4575,79853981,5464207589550315
47985299,182.4675,79853981,5464417605520345
47987929,182.4775,79853981,5464627621490375
47990559,182.4875,79853981,5464837637460405
47993189,182.4975,79853981,5465047653430435
47995819,182.5075,79853981,5465257669400465
47998449,182.5175,79853981,5465467685370495
48001079,182.5275,79853981,5465677701340525
48003709,182.5375,79853981,5465887717310555
48006339,182.5475,79853981,5466097733280585
48008969,182.5575,79853981,5466307749250615
48011599,182.5675,79853981,5466517765220645
48014229,182.5775,79853981,5466727781190675
48016859,182.5875,79853981,5466937797160705
48019489,182.5975,79853981,5467147813130735
48022119,182.6075,79853981,5467357829100765
48024749,182.6175,79853981,5467567845070795
48027379,182.6275,79853981,5467777861040825
48030009,182.6375,79853981,5467987877010855
48032639,182.6475,79853981,5468197892980885
48035269,182.6575,79853981,5468407908950915
48037899,182.6675,79853981,5468617924920945
48040529,182.6775,79853981,5468827940890975
48043159,182.6875,79853981,5469037956861005
48045789,182.6975,79853981,5469247972831035
48048419,182.7075,79853981,5469457988801065
48051049,182.7175,79853981,5469668004771095
48053679,182.7275,79853981,5469878020741125
48056309,182.7375,79853981,5470088036711155
48058939,182.7475,79853981,5470298052681185
48061569,182.7575,79853981,5470508068651215
48064199,182.7675,79853981,5470718084621245
48066829,182.7775,79853981,5470928100591275
48069459,182.7875,79853981,5471138116561305
48072089,182.7975,79853981,5471348132531335
48074719,182.8075,79853981,5471558148501365
48077349,182.8175,79853981,5471768164471395
48079979,182.8275,79853981,5471978180441425
48082609,182.8375,79853981,5472188196411455
48085239,182.8475,79853981,5472398212381485
48087869,182.8575,79853981,5472608228351515
48090499,182.8675,79853981,5472818244321545
48093129,182.8775,79853981,5473028260291575
48095759,182.8875,79853981,5473238276261605
48098389,182.8975,79853981,5473448292231635
48101019,182.9075,79853981,5473658308201665
48103649,182.9175,79853981,5473868324171695
48106279,182.9275,79853981,5474078340141725
48108909,182.9375,79853981,5474288356111755
48111539,182.9475,79853981,5474498372081785
48114169,182.9575,79853981,5474708388051815
48116799,182.9675,79853981,5474918404021845
48119429,182.9775,79853981,5475128419991875
48122059,182.9875,79853981,5475338435961905
48124689,182.9975,79853981,5475548451931935
48127319,183.0075,79853981,5475758467901965
48129949,183.0175,79853981,5475968483871995
48132579,183.0275,79853981,5476178499842025
48135209,183.0375,79853981,5476388515812055
48137839,183.0475,79853981,5476598531782085
48140469,183.0575,79853981,5476808547752115
48143099,183.0675,79853981,5477018563722145
48145729,183.0775,79853981,5477228579692175
48148359,183.0875,79853981,5477438595662205
48150989,183.0975,79853981,5477648611632235
48153619,183.1075,79853981,5477858627602265
48156249,183.1175,79853981,5478068643572295
48158879,183.1275,79853981,5478278659542325
48161509,183.1375,79853981,5478488675512355
48164139,183.1475,79853981,5478698691482385
48166769,183.1575,79853981,5478908707452415
48169399,183.1675,79853981,5479118723422445
48172029,183.1775,79853981,5479328739392475
48174659,183.1875,79853981,5479538755362505
48177289,183.1975,79853981,5479748771332535
48179919,183.2075,79853981,5479958787302565
48182549,183.2175,79853981,5480168803272595
48185179,183.2275,79853981,5480378819242625
48187809,183.2375,79853981,5480588835212655
48190439,183.2475,79853981,5480798851182685
48193069,183.2575,79853981,5481008867152715
48195699,183.2675,79853981,5481218883122745
48198329,183.2775,79853981,5481428899092775
48200959,183.2875,79853981,5481638915062805
48203589,183.2975,79853981,5481848931032835
48206219,183.3075,79853981,5482058947002865
48208849,183.3175,79853981,5482268962972895
48211479,183.3275,79853981,5482478978942925
48214109,183.3376,79853981,5482688994912955
48216739,183.3476,79853981,5482899010882985
48219369,183.3576,79853981,5483109026853015
48221999,183.3676,79853981,5483319042823045
48224629,183.3776,79853981,5483529058793075
48227259,183.3876,79853981,5483739074763105
48229889,183.3976,79853981,5483949090733135
48232519,183.4076,79853981,5484159106703165
48235149,183.4176,79853981,5484369122673195
48237779,183.4276,79853981,5484579138643225
48240409,183.4376,79853981,5484789154613255
48243039,183.4476,79853981,5484999170583285
48245669,183.4576,79853981,5485209186553315
48248299,183.4676,79853981,5485419202523345
48250929,183.4776,79853981,5485629218493375
48253559,183.4876,79853981,5485839234463405
48256189,183.4976,79853981,5486049250433435
48258819,183.5076,79853981,5486259266403465
48261449,183.5176,79853981,5486469282373495
48264079,183.5276,79853981,5486679298343525
48266709,183.5376,79853981,5486889314313555
48269339,183.5476,79853981,5487099330283585
48271969,183.5576,79853981,5487309346253615
48274599,183.5676,79853981,5487519362223645
48277229,183.5776,79853981,5487729378193675
48279859,183.5876,79853981,5487939394163705
48282489,183.5976,79853981,5488149410133735
48285119,183.6076,79853981,5488359426103765
48287749,183.6176,79853981,5488569442073795
48290379,183.6276,79853981,5488779458043825
48293009,183.6376,79853981,5488989474013855
48295639,183.6476,79853981,5489199489983885
48298269,183.6576,79853981,5489409505953915
48300899,183.6676,79853981,5489619521923945
48303529,183.6776,79853981,5489829537893975
48306159,183.6876,79853981,5490039553864005
48308789,183.6976,79853981,5490249569834035
48311419,183.7076,79853981,5490459585804065
48314049,183.7176,79853981,5490669601774095
48316679,183.7276,79853981,5490879617744125
48319309,183.7376,79853981,5491089633714155
48321939,183.7476,79853981,5491299649684185
48324569,183.7576,79853981,5491509665654215
48327199,183.7676,79853981,5491719681624245
48329829,183.7776,79853981,5491929697594275
48332459,183.7876,79853981,5492139713564305
48335089,183.7976,79853981,5492349729534335
48337719,183.8076,79853981,5492559745504365
48340349,183.8176,79853981,5492769761474395
48342979,183.8276,79853981,5492979777444425
48345609,183.8376,79853981,5493189793414455
48348239,183.8476,79853981,5493399809384485
48350869,183.8576,79853981,5493609825354515
48353499,183.8676,79853981,5493819841324545
48356129,183.8776,79853981,5494029857294575
48358759,183.8876,79853981,5494239873264605
48361389,183.8976,79853981,5494449889234635
48364019,183.9076,79853981,5494659905204665
48366649,183.9176,79853981,5494869921174695
48369279,183.9276,79853981,5495079937144725
48371909,183.9376,79853981,5495289953114755
48374539,183.9476,79853981,5495499969084785
48377169,183.9576,79853981,5495709985054815
48379799,183.9676,79853981,5495920001024845
48382429,183.9776,79853981,5496130016994875
48385059,183.9876,79853981,5496340032964905
48387689,183.9976,79853981,5496550048934935
48390319,184.0076,79853981,5496760064904965
48392949,184.0176,79853981,5496970080874995
48395579,184.0276,79853981,5497180096845025
48398209,184.0376,79853981,5497390112815055
48400839,184.0476,79853981,5497600128785085
48403469,184.0576,79853981,5497810144755115
48406099,184.0676,79853981,5498020160725145
48408729,184.0776,79853981,5498230176695175
48411359,184.0876,79853981,5498440192665205
48413989,184.0976,79853981,5498650208635235
48416619,184.1076,79853981,5498860224605265
48419249,184.1176,79853981,5499070240575295
48421879,184.1276,79853981,5499280256545325
48424509,184.1376,79853981,5499490272515355
48427139,184.1476,79853981,5499700288485385
48429769,184.1576,79853981,5499910304455415
48432399,184.1676,79853981,5500120320425445
48435029,184.1776,79853981,5500330336395475
48437659,184.1876,79853981,5500540352365505
48440289,184.1976,79853981,5500750368335535
48442919,184.2076,79853981,5500960384305565
48445549,184.2176,79853981,5501170400275595
48448179,184.2276,79853981,5501380416245625
48450809,184.2376,79853981,5501590432215655
48453439,184.2476,79853981,5501800448185685
48456069,184.2576,79853981,5502010464155715
48458699,184.2676,79853981,5502220480125745
48461329,184.2776,79853981,5502430496095775
48463959,184.2876,79853981,5502640512065805
48466589,184.2976,79853981,5502850528035835
48469219,184.3076,79853981,5503060544005865
48471849,184.3176,79853981,5503270559975895
48474479,184.3276,79853981,5503480575945925
48477109,184.3376,79853981,5503690591915955
48479739,184.3476,79853981,5503900607885985
48482369,184.3576,79853981,5504110623856015
48484999,184.3676,79853981,5504320639826045
48487629,184.3776,79853981,5504530655796075
48490259,184.3876,79853981,5504740671766105
48492889,184.3976,79853981,5504950687736135
48495519,184.4076,79853981,5505160703706165
48498149,184.4176,79853981,5505370719676195
48500779,184.4276,79853981,5505580735646225
48503409,184.4376,79853981,5505790751616255
48506039,184.4476,79853981,5506000767586285
48508669,184.4576,79853981,5506210783556315
48511299,184.4676,79853981,5506420799526345
48513929,184.4776,79853981,5506630815496375
48516559,184.4876,79853981,5506840831466405
48519189,184.4976,79853981,5507050847436435
48521819,184.5076,79853981,5507260863406465
48524449,184.5176,79853981,5507470879376495
48527079,184.5276,79853981,5507680895346525
48529709,184.5376,79853981,5507890911316555
48532339,184.5476,79853981,5508100927286585
48534969,184.5576,79853981,5508310943256615
48537599,184.5676,79853981,5508520959226645
48540229,184.5776,79853981,5508730975196675
48542859,184.5876,79853981,5508940991166705
48545489,184.5976,79853981,5509151007136735
48548119,184.6076,79853981,5509361023106765
48550749,184.6176,79853981,5509571039076795
48553379,184.6276,79853981,5509781055046825
48556009,184.6376,79853981,5509991071016855
48558639,184.6477,79853981,5510201086986885
48561269,184.6577,79853981,5510411102956915
48563899,184.6677,79853981,5510621118926945
48566529,184.6777,79853981,5510831134896975
48569159,184.6877,79853981,5511041150867005
48571789,184.6977,79853981,5511251166837035
48574419,184.7077,79853981,5511461182807065
48577049,184.7177,79853981,5511671198777095
48579679,184.7277,79853981,5511881214747125
48582309,184.7377,79853981,5512091230717155
48584939,184.7477,79853981,5512301246687185
48587569,184.7577,79853981,5512511262657215
48590199,184.7677,79853981,5512721278627245
48592829,184.7777,79853981,5512931294597275
48595459,184.7877,79853981,5513141310567305
48598089,184.7977,79853981,5513351326537335
48600719,184.8077,79853981,5513561342507365
48603349,184.8177,79853981,5513771358477395
48605979,184.8277,79853981,5513981374447425
48608609,184.8377,79853981,5514191390417455
48611239,184.8477,79853981,5514401406387485
48613869,184.8577,79853981,5514611422357515
48616499,184.8677,79853981,5514821438327545
48619129,184.8777,79853981,5515031454297575
48621759,184.8877,79853981,5515241470267605
48624389,184.8977,79853981,5515451486237635
48627019,184.9077,79853981,5515661502207665
48629649,184.9177,79853981,5515871518177695
48632279,184.9277,79853981,5516081534147725
48634909,184.9377,79853981,5516291550117755
48637539,184.9477,79853981,5516501566087785
48640169,184.9577,79853981,5516711582057815
48642799,184.9677,79853981,5516921598027845
48645429,184.9777,79853981,5517131613997875
48648059,184.9877,79853981,5517341629967905
48650689,184.9977,79853981,5517551645937935
48653319,185.0077,79853981,5517761661907965
48655949,185.0177,79853981,5517971677877995
48658579,185.0277,79853981,5518181693848025
48661209,185.0377,79853981,5518391709818055
48663839,185.0477,79853981,5518601725788085
48666469,185.0577,79853981,5518811741758115
48669099,185.0677,79853981,5519021757728145
48671729,185.0777,79853981,5519231773698175
48674359,185.0877,79853981,5519441789668205
48676989,185.0977,79853981,5519651805638235
48679619,185.1077,79853981,5519861821608265
48682249,185.1177,79853981,5520071837578295
48684879,185.1277,79853981,5520281853548325
48687509,185.1377,79853981,5520491869518355
48690139,185.1477,79853981,5520701885488385
48692769,185.1577,79853981,5520911901458415
48695399,185.1677,79853981,5521121917428445
48698029,185.1777,79853981,5521331933398475
48700659,185.1877,79853981,5521541949368505
48703289,185.1977,79853981,5521751965338535
48705919,185.2077,79853981,5521961981308565
48708549,185.2177,79853981,5522171997278595
48711179,185.2277,79853981,5522382013248625
48713809,185.2377,79853981,5522592029218655
48716439,185.2477,79853981,5522802045188685
48719069,185.2577,79853981,5523012061158715
48721699,185.2677,79853981,5523222077128745
48724329,185.2777,79853981,5523432093098775
48726959,185.2877,79853981,5523642109068805
48729589,185.2977,79853981,5523852125038835
48732219,185.3077,79853981,5524062141008865
48734849,185.3177,79853981,5524272156978895
48737479,185.3277,79853981,5524482172948925
48740109,185.3377,79853981,5524692188918955
48742739,185.3477,79853981,5524902204888985
48745369,185.3577,79853981,5525112220859015
48747999,185.3677,79853981,5525322236829045
48750629,185.3777,79853981,5525532252799075
48753259,185.3877,79853981,5525742268769105
48755889,185.3977,79853981,5525952284739135
48758519,185.4077,79853981,5526162300709165
48761149,185.4177,79853981,5526372316679195
48763779,185.4277,79853981,5526582332649225
48766409,185.4377,79853981,5526792348619255
48769039,185.4477,79853981,5527002364589285
48771669,185.4577,79853981,5527212380559315
48774299,185.4677,79853981,5527422396529345
48776929,185.4777,79853981,5527632412499375
48779559,185.4877,79853981,5527842428469405
48782189,185.4977,79853981,5528052444439435
48784819,185.5077,79853981,5528262460409465
48787449,185.5177,79853981,5528472476379495
48790079,185.5277,79853981,5528682492349525
48792709,185.5377,79853981,5528892508319555
48795339,185.5477,79853981,5529102524289585
48797969,185.5577,79853981,5529312540259615
48800599,185.5677,79853981,5529522556229645
48803229,185.5777,79853981,5529732572199675
48805859,185.5877,79853981,5529942588169705
48808489,185.5977,79853981,5530152604139735
48811119,185.6077,79853981,5530362620109765
48813749,185.6177,79853981,5530572636079795
48816379,185.6277,79853981,5530782652049825
48819009,185.6377,79853981,5530992668019855
48821639,185.6477,79853981,5531202683989885
48824269,185.6577,79853981,5531412699959915
48826899,185.6677,79853981,5531622715929945
48829529,185.6777,79853981,5531832731899975
48832159,185.6877,79853981,5532042747870005
48834789,185.6977,79853981,5532252763840035
48837419,185.7077,79853981,5532462779810065
48840049,185.7177,79853981,5532672795780095
48842679,185.7277,79853981,5532882811750125
48845309,185.7377,79853981,5533092827720155
48847939,185.7477,79853981,5533302843690185
48850569,185.7577,79853981,5533512859660215
48853199,185.7677,79853981,5533722875630245
48855829,185.7777,79853981,5533932891600275
48858459,185.7877,79853981,5534142907570305
48861089,185.7977,79853981,5534352923540335
48863719,185.8077,79853981,5534562939510365
48866349,185.8177,79853981,5534772955480395
48868979,185.8277,79853981,5534982971450425
48871609,185.8377,79853981,5535192987420455
48874239,185.8477,79853981,5535403003390485
48876869,185.8577,79853981,5535613019360515
48879499,185.8677,79853981,5535823035330545
48882129,185.8777,79853981,5536033051300575
48884759,185.8877,79853981,5536243067270605
48887389,185.8977,79853981,5536453083240635
48890019,185.9077,79853981,5536663099210665
48892649,185.9177,79853981,5536873115180695
48895279,185.9277,79853981,5537083131150725
48897909,185.9377,79853981,5537293147120755
48900539,185.9477,79853981,5537503163090785
48903169,185.9577,79853981,5537713179060815
48905799,185.9678,79853981,5537923195030845
48908429,185.9778,79853981,5538133211000875
48911059,185.9878,79853981,5538343226970905
48913689,185.9978,79853981,5538553242940935
48916319,186.0078,79853981,5538763258910965
48918949,186.0178,79853981,5538973274880995
48921579,186.0278,79853981,5539183290851025
48924209,186.0378,79853981,5539393306821055
48926839,186.0478,79853981,5539603322791085
48929469,186.0578,79853981,5539813338761115
48932099,186.0678,79853981,5540023354731145
48934729,186.0778,79853981,5540233370701175
48937359,186.0878,79853981,5540443386671205
48939989,186.0978,79853981,5540653402641235
48942619,186.1078,79853981,5540863418611265
48945249,186.1178,79853981,5541073434581295
48947879,186.1278,79853981,5541283450551325
48950509,186.1378,79853981,5541493466521355
48953139,186.1478,79853981,5541703482491385
48955769,186.1578,79853981,5541913498461415
48958399,186.1678,79853981,5542123514431445
48961029,186.1778,79853981,5542333530401475
48963659,186.1878,79853981,5542543546371505
48966289,186.1978,79853981,5542753562341535
48968919,186.2078,79853981,5542963578311565
48971549,186.2178,79853981,5543173594281595
48974179,186.2278,79853981,5543383610251625
48976809,186.2378,79853981,5543593626221655
48979439,186.2478,79853981,5543803642191685
48982069,186.2578,79853981,5544013658161715
48984699,186.2678,79853981,5544223674131745
48987329,186.2778,79853981,5544433690101775
48989959,186.2878,79853981,5544643706071805
48992589,186.2978,79853981,5544853722041835
48995219,186.3078,79853981,5545063738011865
48997849,186.3178,79853981,5545273753981895
49000479,186.3278,79853981,5545483769951925
49003109,186.3378,79853981,5545693785921955
49005739,186.3478,79853981,5545903801891985
49008369,186.3578,79853981,5546113817862015
49010999,186.3678,79853981,5546323833832045
49013629,186.3778,79853981,5546533849802075
49016259,186.3878,79853981,5546743865772105
49018889,186.3978,79853981,5546953881742135
49021519,186.4078,79853981,5547163897712165
49024149,186.4178,79853981,5547373913682195
49026779,186.4278,79853981,5547583929652225
49029409,186.4378,79853981,5547793945622255
49032039,186.4478,79853981,5548003961592285
49034669,186.4578,79853981,5548213977562315
49037299,186.4678,79853981,5548423993532345
49039929,186.4778,79853981,5548634009502375
49042559,186.4878,79853981,5548844025472405
49045189,186.4978,79853981,5549054041442435
49047819,186.5078,79853981,5549264057412465
49050449,186.5178,79853981,5549474073382495
49053079,186.5278,79853981,5549684089352525
49055709,186.5378,79853981,5549894105322555
49058339,186.5478,79853981,5550104121292585
49060969,186.5578,79853981,5550314137262615
49063599,186.5678,79853981,5550524153232645
49066229,186.5778,79853981,5550734169202675
49068859,186.5878,79853981,5550944185172705
49071489,186.5978,79853981,5551154201142735
49074119,186.6078,79853981,5551364217112765
49076749,186.6178,79853981,5551574233082795
49079379,186.6278,79853981,5551784249052825
49082009,186.6378,79853981,5551994265022855
49084639,186.6478,79853981,5552204280992885
49087269,186.6578,79853981,5552414296962915
49089899,186.6678,79853981,5552624312932945
49092529,186.6778,79853981,5552834328902975
49095159,186.6878,79853981,5553044344873005
49097789,186.6978,79853981,5553254360843035
49100419,186.7078,79853981,5553464376813065
49103049,186.7178,79853981,5553674392783095
49105679,186.7278,79853981,5553884408753125
49108309,186.7378,79853981,5554094424723155
49110939,186.7478,79853981,5554304440693185
49113569,186.7578,79853981,5554514456663215
49116199,186.7678,79853981,5554724472633245
49118829,186.7778,79853981,5554934488603275
49121459,186.7878,79853981,5555144504573305
49124089,186.7978,79853981,5555354520543335
49126719,186.8078,79853981,5555564536513365
49129349,186.8178,79853981,5555774552483395
49131979,186.8278,79853981,5555984568453425
49134609,186.8378,79853981,5556194584423455
49137239,186.8478,79853981,5556404600393485
49139869,186.8578,79853981,5556614616363515
49142499,186.8678,79853981,5556824632333545
49145129,186.8778,79853981,5557034648303575
49147759,186.8878,79853981,5557244664273605
49150389,186.8978,79853981,5557454680243635
49153019,186.9078,79853981,5557664696213665
49155649,186.9178,79853981,5557874712183695
49158279,186.9278,79853981,5558084728153725
49160909,186.9378,79853981,5558294744123755
49163539,186.9478,79853981,5558504760093785
49166169,186.9578,79853981,5558714776063815
49168799,186.9678,79853981,5558924792033845
49171429,186.9778,79853981,5559134808003875
49174059,186.9878,79853981,5559344823973905
49176689,186.9978,79853981,5559554839943935
49179319,187.0078,79853981,5559764855913965
49181949,187.0178,79853981,5559974871883995
49184579,187.0278,79853981,5560184887854025
49187209,187.0378,79853981,5560394903824055
49189839,187.0478,79853981,5560604919794085
49192469,187.0578,79853981,5560814935764115
49195099,187.0678,79853981,5561024951734145
49197729,187.0778,79853981,5561234967704175
49200359,187.0878,79853981,5561444983674205
49202989,187.0978,79853981,5561654999644235
49205619,187.1078,79853981,5561865015614265
49208249,187.1178,79853981,5562075031584295
49210879,187.1278,79853981,5562285047554325
49213509,187.1378,79853981,5562495063524355
49216139,187.1478,79853981,5562705079494385
49218769,187.1578,79853981,5562915095464415
49221399,187.1678,79853981,5563125111434445
49224029,187.1778,79853981,5563335127404475
49226659,187.1878,79853981,5563545143374505
49229289,187.1978,79853981,5563755159344535
49231919,187.2078,79853981,5563965175314565
49234549,187.2178,79853981,5564175191284595
49237179,187.2278,79853981,5564385207254625
49239809,187.2378,79853981,5564595223224655
49242439,187.2478,79853981,5564805239194685
49245069,187.2578,79853981,5565015255164715
49247699,187.2678,79853981,5565225271134745
49250329,187.2779,79853981,5565435287104775
49252959,187.2879,79853981,5565645303074805
49255589,187.2979,79853981,5565855319044835
49258219,187.3079,79853981,5566065335014865
49260849,187.3179,79853981,5566275350984895
49263479,187.3279,79853981,5566485366954925
49266109,187.3379,79853981,5566695382924955
49268739,187.3479,79853981,5566905398894985
49271369,187.3579,79853981,5567115414865015
49273999,187.3679,79853981,5567325430835045
49276629,187.3779,79853981,5567535446805075
49279259,187.3879,79853981,5567745462775105
49281889,187.3979,79853981,5567955478745135
49284519,187.4079,79853981,5568165494715165
49287149,187.4179,79853981,5568375510685195
49289779,187.4279,79853981,5568585526655225
49292409,187.4379,79853981,5568795542625255
49295039,187.4479,79853981,5569005558595285
49297669,187.4579,79853981,5569215574565315
49300299,187.4679,79853981,5569425590535345
49302929,187.4779,79853981,5569635606505375
49305559,187.4879,79853981,5569845622475405
49308189,187.4979,79853981,5570055638445435
49310819,187.5079,79853981,5570265654415465
49313449,187.5179,79853981,5570475670385495
49316079,187.5279,79853981,5570685686355525
49318709,187.5379,79853981,5570895702325555
49321339,187.5479,79853981,5571105718295585
49323969,187.5579,79853981,5571315734265615
49326599,187.5679,79853981,5571525750235645
49329229,187.5779,79853981,5571735766205675
49331859,187.5879,79853981,5571945782175705
49334489,187.5979,79853981,5572155798145735
49337119,187.6079,79853981,5572365814115765
49339749,187.6179,79853981,5572575830085795
49342379,187.6279,79853981,5572785846055825
49345009,187.6379,79853981,5572995862025855
49347639,187.6479,79853981,5573205877995885
49350269,187.6579,79853981,5573415893965915
49352899,187.6679,79853981,5573625909935945
49355529,187.6779,79853981,5573835925905975
49358159,187.6879,79853981,5574045941876005
49360789,187.6979,79853981,5574255957846035
49363419,187.7079,79853981,5574465973816065
49366049,187.7179,79853981,5574675989786095
49368679,187.7279,79853981,5574886005756125
49371309,187.7379,79853981,5575096021726155
49373939,187.7479,79853981,5575306037696185
49376569,187.7579,79853981,5575516053666215
49379199,187.7679,79853981,5575726069636245
49381829,187.7779,79853981,5575936085606275
49384459,187.7879,79853981,5576146101576305
49387089,187.7979,79853981,5576356117546335
49389719,187.8079,79853981,5576566133516365
49392349,187.8179,79853981,5576776149486395
49394979,187.8279,79853981,5576986165456425
49397609,187.8379,79853981,5577196181426455
49400239,187.8479,79853981,5577406197396485
49402869,187.8579,79853981,5577616213366515
49405499,187.8679,79853981,5577826229336545
49408129,187.8779,79853981,5578036245306575
49410759,187.8879,79853981,5578246261276605
49413389,187.8979,79853981,5578456277246635
49416019,187.9079,79853981,5578666293216665
49418649,187.9179,79853981,5578876309186695
49421279,187.9279,79853981,5579086325156725
49423909,187.9379,79853981,5579296341126755
49426539,187.9479,79853981,5579506357096785
49429169,187.9579,79853981,5579716373066815
49431799,187.9679,79853981,5579926389036845
49434429,187.9779,79853981,5580136405006875
49437059,187.9879,79853981,5580346420976905
49439689,187.9979,79853981,5580556436946935
49442319,188.0079,79853981,5580766452916965
49444949,188.0179,79853981,5580976468886995
49447579,188.0279,79853981,5581186484857025
49450209,188.0379,79853981,5581396500827055
49452839,188.0479,79853981,5581606516797085
49455469,188.0579,79853981,5581816532767115
49458099,188.0679,79853981,5582026548737145
49460729,188.0779,79853981,5582236564707175
49463359,188.0879,79853981,5582446580677205
49465989,188.0979,79853981,5582656596647235
49468619,188.1079,79853981,5582866612617265
49471249,188.1179,79853981,5583076628587295
49473879,188.1279,79853981,5583286644557325
49476509,188.1379,79853981,5583496660527355
49479139,188.1479,79853981,5583706676497385
49481769,188.1579,79853981,5583916692467415
49484399,188.1679,79853981,5584126708437445
49487029,188.1779,79853981,5584336724407475
49489659,188.1879,79853981,5584546740377505
49492289,188.1979,79853981,5584756756347535
49494919,188.2079,79853981,5584966772317565
49497549,188.2179,79853981,5585176788287595
49500179,188.2279,79853981,5585386804257625
49502809,188.2379,79853981,5585596820227655
49505439,188.2479,79853981,5585806836197685
49508069,188.2579,79853981,5586016852167715
49510699,188.2679,79853981,5586226868137745
49513329,188.2779,79853981,5586436884107775
49515959,188.2879,79853981,5586646900077805
49518589,188.2979,79853981,5586856916047835
49521219,188.3079,79853981,5587066932017865
49523849,188.3179,79853981,5587276947987895
49526479,188.3279,79853981,5587486963957925
49529109,188.3379,79853981,5587696979927955
49531739,188.3479,79853981,5587906995897985
49534369,188.3579,79853981,5588117011868015
49536999,188.3679,79853981,5588327027838045
49539629,188.3779,79853981,5588537043808075
49542259,188.3879,79853981,5588747059778105
49544889,188.3979,79853981,5588957075748135
49547519,188.4079,79853981,5589167091718165
49550149,188.4179,79853981,5589377107688195
49552779,188.4279,79853981,5589587123658225
49555409,188.4379,79853981,5589797139628255
49558039,188.4479,79853981,5590007155598285
49560669,188.4579,79853981,5590217171568315
49563299,188.4679,79853981,5590427187538345
49565929,188.4779,79853981,5590637203508375
49568559,188.4879,79853981,5590847219478405
49571189,188.4979,79853981,5591057235448435
49573819,188.5079,79853981,5591267251418465
49576449,188.5179,79853981,5591477267388495
49579079,188.5279,79853981,5591687283358525
49581709,188.5379,79853981,5591897299328555
49584339,188.5479,79853981,5592107315298585
49586969,188.5579,79853981,5592317331268615
49589599,188.5679,79853981,5592527347238645
49592229,188.5779,79853981,5592737363208675
49594859,188.5879,79853981,5592947379178705
49597489,188.5980,79853981,5593157395148735
49600119,188.6080,79853981,5593367411118765
49602749,188.6180,79853981,5593577427088795
49605379,188.6280,79853981,5593787443058825
49608009,188.6380,79853981,5593997459028855
49610639,188.6480,79853981,5594207474998885
49613269,188.6580,79853981,5594417490968915
49615899,188.6680,79853981,5594627506938945
49618529,188.6780,79853981,5594837522908975
49621159,188.6880,79853981,5595047538879005
49623789,188.6980,79853981,5595257554849035
49626419,188.7080,79853981,5595467570819065
49629049,188.7180,79853981,5595677586789095
49631679,188.7280,79853981,5595887602759125
49634309,188.7380,79853981,5596097618729155
49636939,188.7480,79853981,5596307634699185
49639569,188.7580,79853981,5596517650669215
49642199,188.7680,79853981,5596727666639245
49644829,188.7780,79853981,5596937682609275
49647459,188.7880,79853981,5597147698579305
49650089,188.7980,79853981,5597357714549335
49652719,188.8080,79853981,5597567730519365
49655349,188.8180,79853981,5597777746489395
49657979,188.8280,79853981,5597987762459425
49660609,188.8380,79853981,5598197778429455
49663239,188.8480,79853981,5598407794399485
49665869,188.8580,79853981,5598617810369515
49668499,188.8680,79853981,5598827826339545
49671129,188.8780,79853981,5599037842309575
49673759,188.8880,79853981,5599247858279605
49676389,188.8980,79853981,5599457874249635
49679019,188.9080,79853981,5599667890219665
49681649,188.9180,79853981,5599877906189695
49684279,188.9280,79853981,5600087922159725
49686909,188.9380,79853981,5600297938129755
49689539,188.9480,79853981,5600507954099785
49692169,188.9580,79853981,5600717970069815
49694799,188.9680,79853981,5600927986039845
49697429,188.9780,79853981,5601138002009875
49700059,188.9880,79853981,5601348017979905
49702689,188.9980,79853981,5601558033949935
49705319,189.0080,79853981,5601768049919965
49707949,189.0180,79853981,5601978065889995
49710579,189.0280,79853981,5602188081860025
49713209,189.0380,79853981,5602398097830055
49715839,189.0480,79853981,5602608113800085
49718469,189.0580,79853981,5602818129770115
49721099,189.0680,79853981,5603028145740145
49723729,189.0780,79853981,5603238161710175
49726359,189.0880,79853981,5603448177680205
49728989,189.0980,79853981,5603658193650235
49731619,189.1080,79853981,5603868209620265
49734249,189.1180,79853981,5604078225590295
49736879,189.1280,79853981,5604288241560325
49739509,189.1380,79853981,5604498257530355
49742139,189.1480,79853981,5604708273500385
49744769,189.1580,79853981,5604918289470415
49747399,189.1680,79853981,5605128305440445
49750029,189.1780,79853981,5605338321410475
49752659,189.1880,79853981,5605548337380505
49755289,189.1980,79853981,5605758353350535
49757919,189.2080,79853981,5605968369320565
49760549,189.2180,79853981,5606178385290595
49763179,189.2280,79853981,5606388401260625
49765809,189.2380,79853981,5606598417230655
49768439,189.2480,79853981,5606808433200685
49771069,189.2580,79853981,5607018449170715
49773699,189.2680,79853981,5607228465140745
49776329,189.2780,79853981,5607438481110775
49778959,189.2880,79853981,5607648497080805
49781589,189.2980,79853981,5607858513050835
49784219,189.3080,79853981,5608068529020865
49786849,189.3180,79853981,5608278544990895
49789479,189.3280,79853981,5608488560960925
49792109,189.3380,79853981,5608698576930955
49794739,189.3480,79853981,5608908592900985
49797369,189.3580,79853981,5609118608871015
49799999,189.3680,79853981,5609328624841045
49802629,189.3780,79853981,5609538640811075
49805259,189.3880,79853981,5609748656781105
49807889,189.3980,79853981,5609958672751135
49810519,189.4080,79853981,5610168688721165
49813149,189.4180,79853981,5610378704691195
49815779,189.4280,79853981,5610588720661225
49818409,189.4380,79853981,5610798736631255
49821039,189.4480,79853981,5611008752601285
49823669,189.4580,79853981,5611218768571315
49826299,189.4680,79853981,5611428784541345
49828929,189.4780,79853981,5611638800511375
49831559,189.4880,79853981,5611848816481405
49834189,189.4980,79853981,5612058832451435
49836819,189.5080,79853981,5612268848421465
49839449,189.5180,79853981,5612478864391495
49842079,189.5280,79853981,5612688880361525
49844709,189.5380,79853981,5612898896331555
49847339,189.5480,79853981,5613108912301585
49849969,189.5580,79853981,5613318928271615
49852599,189.5680,79853981,5613528944241645
49855229,189.5780,79853981,5613738960211675
49857859,189.5880,79853981,5613948976181705
49860489,189.5980,79853981,5614158992151735
49863119,189.6080,79853981,5614369008121765
49865749,189.6180,79853981,5614579024091795
49868379,189.6280,79853981,5614789040061825
49871009,189.6380,79853981,5614999056031855
49873639,189.6480,79853981,5615209072001885
49876269,189.6580,79853981,5615419087971915
49878899,189.6680,79853981,5615629103941945
49881529,189.6780,79853981,5615839119911975
49884159,189.6880,79853981,5616049135882005
49886789,189.6980,79853981,5616259151852035
49889419,189.7080,79853981,5616469167822065
49892049,189.7180,79853981,5616679183792095
49894679,189.7280,79853981,5616889199762125
49897309,189.7380,79853981,5617099215732155
49899939,189.7480,79853981,5617309231702185
49902569,189.7580,79853981,5617519247672215
49905199,189.7680,79853981,5617729263642245
49907829,189.7780,79853981,5617939279612275
49910459,189.7880,79853981,5618149295582305
49913089,189.7980,79853981,5618359311552335
49915719,189.8080,79853981,5618569327522365
49918349,189.8180,79853981,5618779343492395
49920979,189.8280,79853981,5618989359462425
49923609,189.8380,79853981,5619199375432455
49926239,189.8480,79853981,5619409391402485
49928869,189.8580,79853981,5619619407372515
49931499,189.8680,79853981,5619829423342545
49934129,189.8780,79853981,5620039439312575
49936759,189.8880,79853981,5620249455282605
49939389,189.8980,79853981,5620459471252635
49942019,189.9081,79853981,5620669487222665
49944649,189.9181,79853981,5620879503192695
49947279,189.9281,79853981,5621089519162725
49949909,189.9381,79853981,5621299535132755
49952539,189.9481,79853981,5621509551102785
49955169,189.9581,79853981,5621719567072815
49957799,189.9681,79853981,5621929583042845
49960429,189.9781,79853981,5622139599012875
49963059,189.9881,79853981,5622349614982905
49965689,189.9981,79853981,5622559630952935
49968319,190.0081,79853981,5622769646922965
49970949,190.0181,79853981,5622979662892995
49973579,190.0281,79853981,5623189678863025
49976209,190.0381,79853981,5623399694833055
49978839,190.0481,79853981,5623609710803085
49981469,190.0581,79853981,5623819726773115
49984099,190.0681,79853981,5624029742743145
49986729,190.0781,79853981,5624239758713175
49989359,190.0881,79853981,5624449774683205
49991989,190.0981,79853981,5624659790653235
49994619,190.1081,79853981,5624869806623265
49997249,190.1181,79853981,5625079822593295
49999879,190.1281,79853981,5625289838563325
50002509,190.1381,79853981,5625499854533355
50005139,190.1481,79853981,5625709870503385
50007769,190.1581,79853981,5625919886473415
50010399,190.1681,79853981,5626129902443445
50013029,190.1781,79853981,5626339918413475
50015659,190.1881,79853981,5626549934383505
50018289,190.1981,79853981,5626759950353535
50020919,190.2081,79853981,5626969966323565
50023549,190.2181,79853981,5627179982293595
50026179,190.2281,79853981,5627389998263625
50028809,190.2381,79853981,5627600014233655
50031439,190.2481,79853981,5627810030203685
50034069,190.2581,79853981,5628020046173715
50036699,190.2681,79853981,5628230062143745
50039329,190.2781,79853981,5628440078113775
50041959,190.2881,79853981,5628650094083805
50044589,190.2981,79853981,5628860110053835
50047219,190.3081,79853981,5629070126023865
50049849,190.3181,79853981,5629280141993895
50052479,190.3281,79853981,5629490157963925
50055109,190.3381,79853981,5629700173933955
50057739,190.3481,79853981,5629910189903985
50060369,190.3581,79853981,5630120205874015
50062999,190.3681,79853981,5630330221844045
50065629,190.3781,79853981,5630540237814075
50068259,190.3881,79853981,5630750253784105
50070889,190.3981,79853981,5630960269754135
50073519,190.4081,79853981,5631170285724165
50076149,190.4181,79853981,5631380301694195
50078779,190.4281,79853981,5631590317664225
50081409,190.4381,79853981,5631800333634255
50084039,190.4481,79853981,5632010349604285
50086669,190.4581,79853981,5632220365574315
50089299,190.4681,79853981,5632430381544345
50091929,190.4781,79853981,5632640397514375
50094559,190.4881,79853981,5632850413484405
50097189,190.4981,79853981,5633060429454435
50099819,190.5081,79853981,5633270445424465
50102449,190.5181,79853981,5633480461394495
50105079,190.5281,79853981,5633690477364525
50107709,190.5381,79853981,5633900493334555
50110339,190.5481,79853981,5634110509304585
50112969,190.5581,79853981,5634320525274615
50115599,190.5681,79853981,5634530541244645
50118229,190.5781,79853981,5634740557214675
50120859,190.5881,79853981,5634950573184705
50123489,190.5981,79853981,5635160589154735
50126119,190.6081,79853981,5635370605124765
50128749,190.6181,79853981,5635580621094795
50131379,190.6281,79853981,5635790637064825
50134009,190.6381,79853981,5636000653034855
50136639,190.6481,79853981,5636210669004885
50139269,190.6581,79853981,5636420684974915
50141899,190.6681,79853981,5636630700944945
50144529,190.6781,79853981,5636840716914975
50147159,190.6881,79853981,5637050732885005
50149789,190.6981,79853981,5637260748855035
50152419,190.7081,79853981,5637470764825065
50155049,190.7181,79853981,5637680780795095
50157679,190.7281,79853981,5637890796765125
50160309,190.7381,79853981,5638100812735155
50162939,190.7481,79853981,5638310828705185
50165569,190.7581,79853981,5638520844675215
50168199,190.7681,79853981,5638730860645245
50170829,190.7781,79853981,5638940876615275
50173459,190.7881,79853981,5639150892585305
50176089,190.7981,79853981,5639360908555335
50178719,190.8081,79853981,5639570924525365
50181349,190.8181,79853981,5639780940495395
50183979,190.8281,79853981,5639990956465425
50186609,190.8381,79853981,5640200972435455
50189239,190.8481,79853981,5640410988405485
50191869,190.8581,79853981,5640621004375515
50194499,190.8681,79853981,5640831020345545
50197129,190.8781,79853981,5641041036315575
50199759,190.8881,79853981,5641251052285605
50202389,190.8981,79853981,5641461068255635
50205019,190.9081,79853981,5641671084225665
50207649,190.9181,79853981,5641881100195695
50210279,190.9281,79853981,5642091116165725
50212909,190.9381,79853981,5642301132135755
50215539,190.9481,79853981,5642511148105785
50218169,190.9581,79853981,5642721164075815
50220799,190.9681,79853981,5642931180045845
50223429,190.9781,79853981,5643141196015875
50226059,190.9881,79853981,5643351211985905
50228689,190.9981,79853981,5643561227955935
50231319,191.0081,79853981,5643771243925965
50233949,191.0181,79853981,5643981259895995
50236579,191.0281,79853981,5644191275866025
50239209,191.0381,79853981,5644401291836055
50241839,191.0481,79853981,5644611307806085
50244469,191.0581,79853981,5644821323776115
50247099,191.0681,79853981,5645031339746145
50249729,191.0781,79853981,5645241355716175
50252359,191.0881,79853981,5645451371686205
50254989,191.0981,79853981,5645661387656235
50257619,191.1081,79853981,5645871403626265
50260249,191.1181,79853981,5646081419596295
50262879,191.1281,79853981,5646291435566325
50265509,191.1381,79853981,5646501451536355
50268139,191.1481,79853981,5646711467506385
50270769,191.1581,79853981,5646921483476415
50273399,191.1681,79853981,5647131499446445
50276029,191.1781,79853981,5647341515416475
50278659,191.1881,79853981,5647551531386505
50281289,191.1981,79853981,5647761547356535
50283919,191.2081,79853981,5647971563326565
50286549,191.2181,79853981,5648181579296595
50289179,191.2282,79853981,5648391595266625
50291809,191.2382,79853981,5648601611236655
50294439,191.2482,79853981,5648811627206685
50297069,191.2582,79853981,5649021643176715
50299699,191.2682,79853981,5649231659146745
50302329,191.2782,79853981,5649441675116775
50304959,191.2882,79853981,5649651691086805
50307589,191.2982,79853981,5649861707056835
50310219,191.3082,79853981,5650071723026865
50312849,191.3182,79853981,5650281738996895
50315479,191.3282,79853981,5650491754966925
50318109,191.3382,79853981,5650701770936955
50320739,191.3482,79853981,5650911786906985
50323369,191.3582,79853981,5651121802877015
50325999,191.3682,79853981,5651331818847045
50328629,191.3782,79853981,5651541834817075
50331259,191.3882,79853981,5651751850787105
50333889,191.3982,79853981,5651961866757135
50336519,191.4082,79853981,5652171882727165
50339149,191.4182,79853981,5652381898697195
50341779,191.4282,79853981,5652591914667225
50344409,191.4382,79853981,5652801930637255
50347039,191.4482,79853981,5653011946607285
50349669,191.4582,79853981,5653221962577315
50352299,191.4682,79853981,5653431978547345
50354929,191.4782,79853981,5653641994517375
50357559,191.4882,79853981,5653852010487405
50360189,191.4982,79853981,5654062026457435
50362819,191.5082,79853981,5654272042427465
50365449,191.5182,79853981,5654482058397495
50368079,191.5282,79853981,5654692074367525
50370709,191.5382,79853981,5654902090337555
50373339,191.5482,79853981,5655112106307585
50375969,191.5582,79853981,5655322122277615
50378599,191.5682,79853981,5655532138247645
50381229,191.5782,79853981,5655742154217675
50383859,191.5882,79853981,5655952170187705
50386489,191.5982,79853981,5656162186157735
50389119,191.6082,79853981,5656372202127765
50391749,191.6182,79853981,5656582218097795
50394379,191.6282,79853981,5656792234067825
50397009,191.6382,79853981,5657002250037855
50399639,191.6482,79853981,5657212266007885
50402269,191.6582,79853981,5657422281977915
50404899,191.6682,79853981,5657632297947945
50407529,191.6782,79853981,5657842313917975
50410159,191.6882,79853981,5658052329888005
50412789,191.6982,79853981,5658262345858035
50415419,191.7082,79853981,5658472361828065
50418049,191.7182,79853981,5658682377798095
50420679,191.7282,79853981,5658892393768125
50423309,191.7382,79853981,5659102409738155
50425939,191.7482,79853981,5659312425708185
50428569,191.7582,79853981,5659522441678215
50431199,191.7682,79853981,5659732457648245
50433829,191.7782,79853981,5659942473618275
50436459,191.7882,79853981,5660152489588305
50439089,191.7982,79853981,5660362505558335
50441719,191.8082,79853981,5660572521528365
50444349,191.8182,79853981,5660782537498395
50446979,191.8282,79853981,5660992553468425
50449609,191.8382,79853981,5661202569438455
50452239,191.8482,79853981,5661412585408485
50454869,191.8582,79853981,5661622601378515
50457499,191.8682,79853981,5661832617348545
50460129,191.8782,79853981,5662042633318575
50462759,191.8882,79853981,5662252649288605
50465389,191.8982,79853981,5662462665258635
50468019,191.9082,79853981,5662672681228665
50470649,191.9182,79853981,5662882697198695
50473279,191.9282,79853981,5663092713168725
50475909,191.9382,79853981,5663302729138755
50478539,191.9482,79853981,5663512745108785
50481169,191.9582,79853981,5663722761078815
50483799,191.9682,79853981,5663932777048845
50486429,191.9782,79853981,5664142793018875
50489059,191.9882,79853981,5664352808988905
50491689,191.9982,79853981,5664562824958935
50494319,192.0082,79853981,5664772840928965
50496949,192.0182,79853981,5664982856898995
50499579,192.0282,79853981,5665192872869025
50502209,192.0382,79853981,5665402888839055
50504839,192.0482,79853981,5665612904809085
50507469,192.0582,79853981,5665822920779115
50510099,192.0682,79853981,5666032936749145
50512729,192.0782,79853981,5666242952719175
50515359,192.0882,79853981,5666452968689205
50517989,192.0982,79853981,5666662984659235
50520619,192.1082,79853981,5666873000629265
50523249,192.1182,79853981,5667083016599295
50525879,192.1282,79853981,5667293032569325
50528509,192.1382,79853981,5667503048539355
50531139,192.1482,79853981,5667713064509385
50533769,192.1582,79853981,5667923080479415
50536399,192.1682,79853981,5668133096449445
50539029,192.1782,79853981,5668343112419475
50541659,192.1882,79853981,5668553128389505
50544289,192.1982,79853981,5668763144359535
50546919,192.2082,79853981,5668973160329565
50549549,192.2182,79853981,5669183176299595
50552179,192.2282,79853981,5669393192269625
50554809,192.2382,79853981,5669603208239655
50557439,192.2482,79853981,5669813224209685
50560069,192.2582,79853981,5670023240179715
50562699,192.2682,79853981,5670233256149745
50565329,192.2782,79853981,5670443272119775
50567959,192.2882,79853981,5670653288089805
50570589,192.2982,79853981,5670863304059835
50573219,192.3082,79853981,5671073320029865
50575849,192.3182,79853981,5671283335999895
50578479,192.3282,79853981,5671493351969925
50581109,192.3382,79853981,5671703367939955
50583739,192.3482,79853981,5671913383909985
50586369,192.3582,79853981,5672123399880015
50588999,192.3682,79853981,5672333415850045
50591629,192.3782,79853981,5672543431820075
50594259,192.3882,79853981,5672753447790105
50596889,192.3982,79853981,5672963463760135
50599519,192.4082,79853981,5673173479730165
50602149,192.4182,79853981,5673383495700195
50604779,192.4282,79853981,5673593511670225
50607409,192.4382,79853981,5673803527640255
50610039,192.4482,79853981,5674013543610285
50612669,192.4582,79853981,5674223559580315
50615299,192.4682,79853981,5674433575550345
50617929,192.4782,79853981,5674643591520375
50620559,192.4882,79853981,5674853607490405
50623189,192.4982,79853981,5675063623460435
50625819,192.5082,79853981,5675273639430465
50628449,192.5182,79853981,5675483655400495
50631079,192.5282,79853981,5675693671370525
50633709,192.5383,79853981,5675903687340555
50636339,192.5483,79853981,5676113703310585
50638969,192.5583,79853981,5676323719280615
50641599,192.5683,79853981,5676533735250645
50644229,192.5783,79853981,5676743751220675
50646859,192.5883,79853981,5676953767190705
50649489,192.5983,79853981,5677163783160735
50652119,192.6083,79853981,5677373799130765
50654749,192.6183,79853981,5677583815100795
50657379,192.6283,79853981,5677793831070825
50660009,192.6383,79853981,5678003847040855
50662639,192.6483,79853981,5678213863010885
50665269,192.6583,79853981,5678423878980915
50667899,192.6683,79853981,5678633894950945
50670529,192.6783,79853981,5678843910920975
50673159,192.6883,79853981,5679053926891005
50675789,192.6983,79853981,5679263942861035
50678419,192.7083,79853981,5679473958831065
50681049,192.7183,79853981,5679683974801095
50683679,192.7283,79853981,5679893990771125
50686309,192.7383,79853981,5680104006741155
50688939,192.7483,79853981,5680314022711185
50691569,192.7583,79853981,5680524038681215
50694199,192.7683,79853981,5680734054651245
50696829,192.7783,79853981,5680944070621275
50699459,192.7883,79853981,5681154086591305
50702089,192.7983,79853981,5681364102561335
50704719,192.8083,79853981,5681574118531365
50707349,192.8183,79853981,5681784134501395
50709979,192.8283,79853981,5681994150471425
50712609,192.8383,79853981,5682204166441455
50715239,192.8483,79853981,5682414182411485
50717869,192.8583,79853981,5682624198381515
50720499,192.8683,79853981,5682834214351545
50723129,192.8783,79853981,5683044230321575
50725759,192.8883,79853981,5683254246291605
50728389,192.8983,79853981,5683464262261635
50731019,192.9083,79853981,5683674278231665
50733649,192.9183,79853981,5683884294201695
50736279,192.9283,79853981,5684094310171725
50738909,192.9383,79853981,5684304326141755
50741539,192.9483,79853981,5684514342111785
50744169,192.9583,79853981,5684724358081815
50746799,192.9683,79853981,5684934374051845
50749429,192.9783,79853981,5685144390021875
50752059,192.9883,79853981,5685354405991905
50754689,192.9983,79853981,5685564421961935
50757319,193.0083,79853981,5685774437931965
50759949,193.0183,79853981,5685984453901995
50762579,193.0283,79853981,5686194469872025
50765209,193.0383,79853981,5686404485842055
50767839,193.0483,79853981,5686614501812085
50770469,193.0583,79853981,5686824517782115
50773099,193.0683,79853981,5687034533752145
50775729,193.0783,79853981,5687244549722175
50778359,193.0883,79853981,5687454565692205
50780989,193.0983,79853981,5687664581662235
50783619,193.1083,79853981,5687874597632265
50786249,193.1183,79853981,5688084613602295
50788879,193.1283,79853981,5688294629572325
50791509,193.1383,79853981,5688504645542355
50794139,193.1483,79853981,5688714661512385
50796769,193.1583,79853981,5688924677482415
50799399,193.1683,79853981,5689134693452445
50802029,193.1783,79853981,5689344709422475
50804659,193.1883,79853981,5689554725392505
50807289,193.1983,79853981,5689764741362535
50809919,193.2083,79853981,5689974757332565
50812549,193.2183,79853981,5690184773302595
50815179,193.2283,79853981,5690394789272625
50817809,193.2383,79853981,5690604805242655
50820439,193.2483,79853981,5690814821212685
50823069,193.2583,79853981,5691024837182715
50825699,193.2683,79853981,5691234853152745
50828329,193.2783,79853981,5691444869122775
50830959,193.2883,79853981,5691654885092805
50833589,193.2983,79853981,5691864901062835
50836219,193.3083,79853981,5692074917032865
50838849,193.3183,79853981,5692284933002895
50841479,193.3283,79853981,5692494948972925
50844109,193.3383,79853981,5692704964942955
50846739,193.3483,79853981,5692914980912985
50849369,193.3583,79853981,5693124996883015
50851999,193.3683,79853981,5693335012853045
50854629,193.3783,79853981,5693545028823075
50857259,193.3883,79853981,5693755044793105
50859889,193.3983,79853981,5693965060763135
50862519,193.4083,79853981,5694175076733165
50865149,193.4183,79853981,5694385092703195
50867779,193.4283,79853981,5694595108673225
50870409,193.4383,79853981,5694805124643255
50873039,193.4483,79853981,5695015140613285
50875669,193.4583,79853981,5695225156583315
50878299,193.4683,79853981,5695435172553345
50880929,193.4783,79853981,5695645188523375
50883559,193.4883,79853981,5695855204493405
50886189,193.4983,79853981,5696065220463435
50888819,193.5083,79853981,5696275236433465
50891449,193.5183,79853981,5696485252403495
50894079,193.5283,79853981,5696695268373525
50896709,193.5383,79853981,5696905284343555
50899339,193.5483,79853981,5697115300313585
50901969,193.5583,79853981,5697325316283615
50904599,193.5683,79853981,5697535332253645
50907229,193.5783,79853981,5697745348223675
50909859,193.5883,79853981,5697955364193705
50912489,193.5983,79853981,5698165380163735
50915119,193.6083,79853981,5698375396133765
50917749,193.6183,79853981,5698585412103795
50920379,193.6283,79853981,5698795428073825
50923009,193.6383,79853981,5699005444043855
50925639,193.6483,79853981,5699215460013885
50928269,193.6583,79853981,5699425475983915
50930899,193.6683,79853981,5699635491953945
50933529,193.6783,79853981,5699845507923975
50936159,193.6883,79853981,5700055523894005
50938789,193.6983,79853981,5700265539864035
50941419,193.7083,79853981,5700475555834065
50944049,193.7183,79853981,5700685571804095
50946679,193.7283,79853981,5700895587774125
50949309,193.7383,79853981,5701105603744155
50951939,193.7483,79853981,5701315619714185
50954569,193.7583,79853981,5701525635684215
50957199,193.7683,79853981,5701735651654245
50959829,193.7783,79853981,5701945667624275
50962459,193.7883,79853981,5702155683594305
50965089,193.7983,79853981,5702365699564335
50967719,193.8083,79853981,5702575715534365
50970349,193.8183,79853981,5702785731504395
50972979,193.8283,79853981,5702995747474425
50975609,193.8383,79853981,5703205763444455
50978239,193.8483,79853981,5703415779414485
50980869,193.8584,79853981,5703625795384515
50983499,193.8684,79853981,5703835811354545
50986129,193.8784,79853981,5704045827324575
50988759,193.8884,79853981,5704255843294605
50991389,193.8984,79853981,5704465859264635
50994019,193.9084,79853981,5704675875234665
50996649,193.9184,79853981,5704885891204695
50999279,193.9284,79853981,5705095907174725
51001909,193.9384,79853981,5705305923144755
51004539,193.9484,79853981,5705515939114785
51007169,193.9584,79853981,5705725955084815
51009799,193.9684,79853981,5705935971054845
51012429,193.9784,79853981,5706145987024875
51015059,193.9884,79853981,5706356002994905
51017689,193.9984,79853981,5706566018964935
51020319,194.0084,79853981,5706776034934965
51022949,194.0184,79853981,5706986050904995
51025579,194.0284,79853981,5707196066875025
51028209,194.0384,79853981,5707406082845055
51030839,194.0484,79853981,5707616098815085
51033469,194.0584,79853981,5707826114785115
51036099,194.0684,79853981,5708036130755145
51038729,194.0784,79853981,5708246146725175
51041359,194.0884,79853981,5708456162695205
51043989,194.0984,79853981,5708666178665235
51046619,194.1084,79853981,5708876194635265
51049249,194.1184,79853981,5709086210605295
51051879,194.1284,79853981,5709296226575325
51054509,194.1384,79853981,5709506242545355
51057139,194.1484,79853981,5709716258515385
51059769,194.1584,79853981,5709926274485415
51062399,194.1684,79853981,5710136290455445
51065029,194.1784,79853981,5710346306425475
51067659,194.1884,79853981,5710556322395505
51070289,194.1984,79853981,5710766338365535
51072919,194.2084,79853981,5710976354335565
51075549,194.2184,79853981,5711186370305595
51078179,194.2284,79853981,5711396386275625
51080809,194.2384,79853981,5711606402245655
51083439,194.2484,79853981,5711816418215685
51086069,194.2584,79853981,5712026434185715
51088699,194.2684,79853981,5712236450155745
51091329,194.2784,79853981,5712446466125775
51093959,194.2884,79853981,5712656482095805
51096589,194.2984,79853981,5712866498065835
51099219,194.3084,79853981,5713076514035865
51101849,194.3184,79853981,5713286530005895
51104479,194.3284,79853981,5713496545975925
51107109,194.3384,79853981,5713706561945955
51109739,194.3484,79853981,5713916577915985
51112369,194.3584,79853981,5714126593886015
51114999,194.3684,79853981,5714336609856045
51117629,194.3784,79853981,5714546625826075
51120259,194.3884,79853981,5714756641796105
51122889,194.3984,79853981,5714966657766135
51125519,194.4084,79853981,5715176673736165
51128149,194.4184,79853981,5715386689706195
51130779,194.4284,79853981,5715596705676225
51133409,194.4384,79853981,5715806721646255
51136039,194.4484,79853981,5716016737616285
51138669,194.4584,79853981,5716226753586315
51141299,194.4684,79853981,5716436769556345
51143929,194.4784,79853981,5716646785526375
51146559,194.4884,79853981,5716856801496405
51149189,194.4984,79853981,5717066817466435
51151819,194.5084,79853981,5717276833436465
51154449,194.5184,79853981,5717486849406495
51157079,194.5284,79853981,5717696865376525
51159709,194.5384,79853981,5717906881346555
51162339,194.5484,79853981,5718116897316585
51164969,194.5584,79853981,5718326913286615
51167599,194.5684,79853981,5718536929256645
51170229,194.5784,79853981,5718746945226675
51172859,194.5884,79853981,5718956961196705
51175489,194.5984,79853981,5719166977166735
51178119,194.6084,79853981,5719376993136765
51180749,194.6184,79853981,5719587009106795
51183379,194.6284,79853981,5719797025076825
51186009,194.6384,79853981,5720007041046855
51188639,194.6484,79853981,5720217057016885
51191269,194.6584,79853981,5720427072986915
51193899,194.6684,79853981,5720637088956945
51196529,194.6784,79853981,5720847104926975
51199159,194.6884,79853981,5721057120897005
51201789,194.6984,79853981,5721267136867035
51204419,194.7084,79853981,5721477152837065
51207049,194.7184,79853981,5721687168807095
51209679,194.7284,79853981,5721897184777125
51212309,194.7384,79853981,5722107200747155
51214939,194.7484,79853981,5722317216717185
51217569,194.7584,79853981,5722527232687215
51220199,194.7684,79853981,5722737248657245
51222829,194.7784,79853981,5722947264627275
51225459,194.7884,79853981,5723157280597305
51228089,194.7984,79853981,5723367296567335
51230719,194.8084,79853981,5723577312537365
51233349,194.8184,79853981,5723787328507395
51235979,194.8284,79853981,5723997344477425
51238609,194.8384,79853981,5724207360447455
51241239,194.8484,79853981,5724417376417485
51243869,194.8584,79853981,5724627392387515
51246499,194.8684,79853981,5724837408357545
51249129,194.8784,79853981,5725047424327575
51251759,194.8884,79853981,5725257440297605
51254389,194.8984,79853981,5725467456267635
51257019,194.9084,79853981,5725677472237665
51259649,194.9184,79853981,5725887488207695
51262279,194.9284,79853981,5726097504177725
51264909,194.9384,79853981,5726307520147755
51267539,194.9484,79853981,5726517536117785
51270169,194.9584,79853981,5726727552087815
51272799,194.9684,79853981,5726937568057845
51275429,194.9784,79853981,5727147584027875
51278059,194.9884,79853981,5727357599997905
51280689,194.9984,79853981,5727567615967935
51283319,195.0084,79853981,5727777631937965
51285949,195.0184,79853981,5727987647907995
51288579,195.0284,79853981,5728197663878025
51291209,195.0384,79853981,5728407679848055
51293839,195.0484,79853981,5728617695818085
51296469,195.0584,79853981,5728827711788115
51299099,195.0684,79853981,5729037727758145
51301729,195.0784,79853981,5729247743728175
51304359,195.0884,79853981,5729457759698205
51306989,195.0984,79853981,5729667775668235
51309619,195.1084,79853981,5729877791638265
51312249,195.1184,79853981,5730087807608295
51314879,195.1284,79853981,5730297823578325
51317509,195.1384,79853981,5730507839548355
51320139,195.1484,79853981,5730717855518385
51322769,195.1584,79853981,5730927871488415
51325399,195.1685,79853981,5731137887458445
51328029,195.1785,79853981,5731347903428475
51330659,195.1885,79853981,5731557919398505
51333289,195.1985,79853981,5731767935368535
51335919,195.2085,79853981,5731977951338565
51338549,195.2185,79853981,5732187967308595
51341179,195.2285,79853981,5732397983278625
51343809,195.2385,79853981,5732607999248655
51346439,195.2485,79853981,5732818015218685
51349069,195.2585,79853981,5733028031188715
51351699,195.2685,79853981,5733238047158745
51354329,195.2785,79853981,5733448063128775
51356959,195.2885,79853981,5733658079098805
51359589,195.2985,79853981,5733868095068835
51362219,195.3085,79853981,5734078111038865
51364849,195.3185,79853981,5734288127008895
51367479,195.3285,79853981,5734498142978925
51370109,195.3385,79853981,5734708158948955
51372739,195.3485,79853981,5734918174918985
51375369,195.3585,79853981,5735128190889015
51377999,195.3685,79853981,5735338206859045
51380629,195.3785,79853981,5735548222829075
51383259,195.3885,79853981,5735758238799105
51385889,195.3985,79853981,5735968254769135
51388519,195.4085,79853981,5736178270739165
51391149,195.4185,79853981,5736388286709195
51393779,195.4285,79853981,5736598302679225
51396409,195.4385,79853981,5736808318649255
51399039,195.4485,79853981,5737018334619285
51401669,195.4585,79853981,5737228350589315
51404299,195.4685,79853981,5737438366559345
51406929,195.4785,79853981,5737648382529375
51409559,195.4885,79853981,5737858398499405
51412189,195.4985,79853981,5738068414469435
51414819,195.5085,79853981,5738278430439465
51417449,195.5185,79853981,5738488446409495
51420079,195.5285,79853981,5738698462379525
51422709,195.5385,79853981,5738908478349555
51425339,195.5485,79853981,5739118494319585
51427969,195.5585,79853981,5739328510289615
51430599,195.5685,79853981,5739538526259645
51433229,195.5785,79853981,5739748542229675
51435859,195.5885,79853981,5739958558199705
51438489,195.5985,79853981,5740168574169735
51441119,195.6085,79853981,5740378590139765
51443749,195.6185,79853981,5740588606109795
51446379,195.6285,79853981,5740798622079825
51449009,195.6385,79853981,5741008638049855
51451639,195.6485,79853981,5741218654019885
51454269,195.6585,79853981,5741428669989915
51456899,195.6685,79853981,5741638685959945
51459529,195.6785,79853981,5741848701929975
51462159,195.6885,79853981,5742058717900005
51464789,195.6985,79853981,5742268733870035
51467419,195.7085,79853981,5742478749840065
51470049,195.7185,79853981,5742688765810095
51472679,195.7285,79853981,5742898781780125
51475309,195.7385,79853981,5743108797750155
51477939,195.7485,79853981,5743318813720185
51480569,195.7585,79853981,5743528829690215
51483199,195.7685,79853981,5743738845660245
51485829,195.7785,79853981,5743948861630275
51488459,195.7885,79853981,5744158877600305
51491089,195.7985,79853981,5744368893570335
51493719,195.8085,79853981,5744578909540365
51496349,195.8185,79853981,5744788925510395
51498979,195.8285,79853981,5744998941480425
51501609,195.8385,79853981,5745208957450455
51504239,195.8485,79853981,5745418973420485
51506869,195.8585,79853981,5745628989390515
51509499,195.8685,79853981,5745839005360545
51512129,195.8785,79853981,5746049021330575
51514759,195.8885,79853981,5746259037300605
51517389,195.8985,79853981,5746469053270635
51520019,195.9085,79853981,5746679069240665
51522649,195.9185,79853981,5746889085210695
51525279,195.9285,79853981,5747099101180725
51527909,195.9385,79853981,5747309117150755
51530539,195.9485,79853981,5747519133120785
51533169,195.9585,79853981,5747729149090815
51535799,195.9685,79853981,5747939165060845
51538429,195.9785,79853981,5748149181030875
51541059,195.9885,79853981,5748359197000905
51543689,195.9985,79853981,5748569212970935
51546319,196.0085,79853981,5748779228940965
51548949,196.0185,79853981,5748989244910995
51551579,196.0285,79853981,5749199260881025
51554209,196.0385,79853981,5749409276851055
51556839,196.0485,79853981,5749619292821085
51559469,196.0585,79853981,5749829308791115
51562099,196.0685,79853981,5750039324761145
51564729,196.0785,79853981,5750249340731175
51567359,196.0885,79853981,5750459356701205
51569989,196.0985,79853981,5750669372671235
51572619,196.1085,79853981,5750879388641265
51575249,196.1185,79853981,5751089404611295
51577879,196.1285,79853981,5751299420581325
51580509,196.1385,79853981,5751509436551355
51583139,196.1485,79853981,5751719452521385
51585769,196.1585,79853981,5751929468491415
51588399,196.1685,79853981,5752139484461445
51591029,196.1785,79853981,5752349500431475
51593659,196.1885,79853981,5752559516401505
51596289,196.1985,79853981,5752769532371535
51598919,196.2085,79853981,5752979548341565
51601549,196.2185,79853981,5753189564311595
51604179,196.2285,79853981,5753399580281625
51606809,196.2385,79853981,5753609596251655
51609439,196.2485,79853981,5753819612221685
51612069,196.2585,79853981,5754029628191715
51614699,196.2685,79853981,5754239644161745
51617329,196.2785,79853981,5754449660131775
51619959,196.2885,79853981,5754659676101805
51622589,196.2985,79853981,5754869692071835
51625219,196.3085,79853981,5755079708041865
51627849,196.3185,79853981,5755289724011895
51630479,196.3285,79853981,5755499739981925
51633109,196.3385,79853981,5755709755951955
51635739,196.3485,79853981,5755919771921985
51638369,196.3585,79853981,5756129787892015
51640999,196.3685,79853981,5756339803862045
51643629,196.3785,79853981,5756549819832075
51646259,196.3885,79853981,5756759835802105
51648889,196.3985,79853981,5756969851772135
51651519,196.4085,79853981,5757179867742165
51654149,196.4185,79853981,5757389883712195
51656779,196.4285,79853981,5757599899682225
51659409,196.4385,79853981,5757809915652255
51662039,196.4485,79853981,5758019931622285
51664669,196.4585,79853981,5758229947592315
51667299,196.4685,79853981,5758439963562345
51669929,196.4785,79853981,5758649979532375
51672559,196.4886,79853981,5758859995502405
51675189,196.4986,79853981,5759070011472435
51677819,196.5086,79853981,5759280027442465
51680449,196.5186,79853981,5759490043412495
51683079,196.5286,79853981,5759700059382525
51685709,196.5386,79853981,5759910075352555
51688339,196.5486,79853981,5760120091322585
51690969,196.5586,79853981,5760330107292615
51693599,196.5686,79853981,5760540123262645
51696229,196.5786,79853981,5760750139232675
51698859,196.5886,79853981,5760960155202705
51701489,196.5986,79853981,5761170171172735
51704119,196.6086,79853981,5761380187142765
51706749,196.6186,79853981,5761590203112795
51709379,196.6286,79853981,5761800219082825
51712009,196.6386,79853981,5762010235052855
51714639,196.6486,79853981,5762220251022885
51717269,196.6586,79853981,5762430266992915
51719899,196.6686,79853981,5762640282962945
51722529,196.6786,79853981,5762850298932975
51725159,196.6886,79853981,5763060314903005
51727789,196.6986,79853981,5763270330873035
51730419,196.7086,79853981,5763480346843065
51733049,196.7186,79853981,5763690362813095
51735679,196.7286,79853981,5763900378783125
51738309,196.7386,79853981,5764110394753155
51740939,196.7486,79853981,5764320410723185
51743569,196.7586,79853981,5764530426693215
51746199,196.7686,79853981,5764740442663245
51748829,196.7786,79853981,5764950458633275
51751459,196.7886,79853981,5765160474603305
51754089,196.7986,79853981,5765370490573335
51756719,196.8086,79853981,5765580506543365
51759349,196.8186,79853981,5765790522513395
51761979,196.8286,79853981,5766000538483425
51764609,196.8386,79853981,5766210554453455
51767239,196.8486,79853981,5766420570423485
51769869,196.8586,79853981,5766630586393515
51772499,196.8686,79853981,5766840602363545
51775129,196.8786,79853981,5767050618333575
51777759,196.8886,79853981,5767260634303605
51780389,196.8986,79853981,5767470650273635
51783019,196.9086,79853981,5767680666243665
51785649,196.9186,79853981,5767890682213695
51788279,196.9286,79853981,5768100698183725
51790909,196.9386,79853981,5768310714153755
51793539,196.9486,79853981,5768520730123785
51796169,196.9586,79853981,5768730746093815
51798799,196.9686,79853981,5768940762063845
51801429,196.9786,79853981,5769150778033875
51804059,196.9886,79853981,5769360794003905
51806689,196.9986,79853981,5769570809973935
51809319,197.0086,79853981,5769780825943965
51811949,197.0186,79853981,5769990841913995
51814579,197.0286,79853981,5770200857884025
51817209,197.0386,79853981,5770410873854055
51819839,197.0486,79853981,5770620889824085
51822469,197.0586,79853981,5770830905794115
51825099,197.0686,79853981,5771040921764145
51827729,197.0786,79853981,5771250937734175
51830359,197.0886,79853981,5771460953704205
51832989,197.0986,79853981,5771670969674235
51835619,197.1086,79853981,5771880985644265
51838249,197.1186,79853981,5772091001614295
51840879,197.1286,79853981,5772301017584325
51843509,197.1386,79853981,5772511033554355
51846139,197.1486,79853981,5772721049524385
51848769,197.1586,79853981,5772931065494415
51851399,197.1686,79853981,5773141081464445
51854029,197.1786,79853981,5773351097434475
51856659,197.1886,79853981,5773561113404505
51859289,197.1986,79853981,5773771129374535
51861919,197.2086,79853981,5773981145344565
51864549,197.2186,79853981,5774191161314595
51867179,197.2286,79853981,5774401177284625
51869809,197.2386,79853981,5774611193254655
51872439,197.2486,79853981,5774821209224685
51875069,197.2586,79853981,5775031225194715
51877699,197.2686,79853981,5775241241164745
51880329,197.2786,79853981,5775451257134775
51882959,197.2886,79853981,5775661273104805
51885589,197.2986,79853981,5775871289074835
51888219,197.3086,79853981,5776081305044865
51890849,197.3186,79853981,5776291321014895
51893479,197.3286,79853981,5776501336984925
51896109,197.3386,79853981,5776711352954955
51898739,197.3486,79853981,5776921368924985
51901369,197.3586,79853981,5777131384895015
51903999,197.3686,79853981,5777341400865045
51906629,197.3786,79853981,5777551416835075
51909259,197.3886,79853981,5777761432805105
51911889,197.3986,79853981,5777971448775135
51914519,197.4086,79853981,5778181464745165
51917149,197.4186,79853981,5778391480715195
51919779,197.4286,79853981,5778601496685225
51922409,197.4386,79853981,5778811512655255
51925039,197.4486,79853981,5779021528625285
51927669,197.4586,79853981,5779231544595315
51930299,197.4686,79853981,5779441560565345
51932929,197.4786,79853981,5779651576535375
51935559,197.4886,79853981,5779861592505405
51938189,197.4986,79853981,5780071608475435
51940819,197.5086,79853981,5780281624445465
51943449,197.5186,79853981,5780491640415495
51946079,197.5286,79853981,5780701656385525
51948709,197.5386,79853981,5780911672355555
51951339,197.5486,79853981,5781121688325585
51953969,197.5586,79853981,5781331704295615
51956599,197.5686,79853981,5781541720265645
51959229,197.5786,79853981,5781751736235675
51961859,197.5886,79853981,5781961752205705
51964489,197.5986,79853981,5782171768175735
51967119,197.6086,79853981,5782381784145765
51969749,197.6186,79853981,5782591800115795
51972379,197.6286,79853981,5782801816085825
51975009,197.6386,79853981,5783011832055855
51977639,197.6486,79853981,5783221848025885
51980269,197.6586,79853981,5783431863995915
51982899,197.6686,79853981,5783641879965945
51985529,197.6786,79853981,5783851895935975
51988159,197.6886,79853981,5784061911906005
51990789,197.6986,79853981,5784271927876035
51993419,197.7086,79853981,5784481943846065
51996049,197.7186,79853981,5784691959816095
51998679,197.7286,79853981,5784901975786125
52001309,197.7386,79853981,5785111991756155
52003939,197.7486,79853981,5785322007726185
52006569,197.7586,79853981,5785532023696215
52009199,197.7686,79853981,5785742039666245
52011829,197.7786,79853981,5785952055636275
52014459,197.7886,79853981,5786162071606305
52017089,197.7987,79853981,5786372087576335
52019719,197.8087,79853981,5786582103546365
52022349,197.8187,79853981,5786792119516395
52024979,197.8287,79853981,5787002135486425
52027609,197.8387,79853981,5787212151456455
52030239,197.8487,79853981,5787422167426485
52032869,197.8587,79853981,5787632183396515
52035499,197.8687,79853981,5787842199366545
52038129,197.8787,79853981,5788052215336575
52040759,197.8887,79853981,5788262231306605
52043389,197.8987,79853981,5788472247276635
52046019,197.9087,79853981,5788682263246665
52048649,197.9187,79853981,5788892279216695
52051279,197.9287,79853981,5789102295186725
52053909,197.9387,79853981,5789312311156755
52056539,197.9487,79853981,5789522327126785
52059169,197.9587,79853981,5789732343096815
52061799,197.9687,79853981,5789942359066845
52064429,197.9787,79853981,5790152375036875
52067059,197.9887,79853981,5790362391006905
52069689,197.9987,79853981,5790572406976935
52072319,198.0087,79853981,5790782422946965
52074949,198.0187,79853981,5790992438916995
52077579,198.0287,79853981,5791202454887025
52080209,198.0387,79853981,5791412470857055
52082839,198.0487,79853981,5791622486827085
52085469,198.0587,79853981,5791832502797115
52088099,198.0687,79853981,5792042518767145
52090729,198.0787,79853981,5792252534737175
52093359,198.0887,79853981,5792462550707205
52095989,198.0987,79853981,5792672566677235
52098619,198.1087,79853981,5792882582647265
52101249,198.1187,79853981,5793092598617295
52103879,198.1287,79853981,5793302614587325
52106509,198.1387,79853981,5793512630557355
52109139,198.1487,79853981,5793722646527385
52111769,198.1587,79853981,5793932662497415
52114399,198.1687,79853981,5794142678467445
52117029,198.1787,79853981,5794352694437475
52119659,198.1887,79853981,5794562710407505
52122289,198.1987,79853981,5794772726377535
52124919,198.2087,79853981,5794982742347565
52127549,198.2187,79853981,5795192758317595
52130179,198.2287,79853981,5795402774287625
52132809,198.2387,79853981,5795612790257655
52135439,198.2487,79853981,5795822806227685
52138069,198.2587,79853981,5796032822197715
52140699,198.2687,79853981,5796242838167745
52143329,198.2787,79853981,5796452854137775
52145959,198.2887,79853981,5796662870107805
52148589,198.2987,79853981,5796872886077835
52151219,198.3087,79853981,5797082902047865
52153849,198.3187,79853981,5797292918017895
52156479,198.3287,79853981,5797502933987925
52159109,198.3387,79853981,5797712949957955
52161739,198.3487,79853981,5797922965927985
52164369,198.3587,79853981,5798132981898015
52166999,198.3687,79853981,5798342997868045
52169629,198.3787,79853981,5798553013838075
52172259,198.3887,79853981,5798763029808105
52174889,198.3987,79853981,5798973045778135
52177519,198.4087,79853981,5799183061748165
52180149,198.4187,79853981,5799393077718195
52182779,198.4287,79853981,5799603093688225
52185409,198.4387,79853981,5799813109658255
52188039,198.4487,79853981,5800023125628285
52190669,198.4587,79853981,5800233141598315
52193299,198.4687,79853981,5800443157568345
52195929,198.4787,79853981,5800653173538375
52198559,198.4887,79853981,5800863189508405
52201189,198.4987,79853981,5801073205478435
52203819,198.5087,79853981,5801283221448465
52206449,198.5187,79853981,5801493237418495
52209079,198.5287,79853981,5801703253388525
52211709,198.5387,79853981,5801913269358555
52214339,198.5487,79853981,5802123285328585
52216969,198.5587,79853981,5802333301298615
52219599,198.5687,79853981,5802543317268645
52222229,198.5787,79853981,5802753333238675
52224859,198.5887,79853981,5802963349208705
52227489,198.5987,79853981,5803173365178735
52230119,198.6087,79853981,5803383381148765
52232749,198.6187,79853981,5803593397118795
52235379,198.6287,79853981,5803803413088825
52238009,198.6387,79853981,5804013429058855
52240639,198.6487,79853981,5804223445028885
52243269,198.6587,79853981,5804433460998915
52245899,198.6687,79853981,5804643476968945
52248529,198.6787,79853981,5804853492938975
52251159,198.6887,79853981,5805063508909005
52253789,198.6987,79853981,5805273524879035
52256419,198.7087,79853981,5805483540849065
52259049,198.7187,79853981,5805693556819095
52261679,198.7287,79853981,5805903572789125
52264309,198.7387,79853981,5806113588759155
52266939,198.7487,79853981,5806323604729185
52269569,198.7587,79853981,5806533620699215
52272199,198.7687,79853981,5806743636669245
52274829,198.7787,79853981,5806953652639275
52277459,198.7887,79853981,5807163668609305
52280089,198.7987,79853981,5807373684579335
52282719,198.8087,79853981,5807583700549365
52285349,198.8187,79853981,5807793716519395
52287979,198.8287,79853981,5808003732489425
52290609,198.8387,79853981,5808213748459455
52293239,198.8487,79853981,5808423764429485
52295869,198.8587,79853981,5808633780399515
52298499,198.8687,79853981,5808843796369545
52301129,198.8787,79853981,5809053812339575
52303759,198.8887,79853981,5809263828309605
52306389,198.8987,79853981,5809473844279635
52309019,198.9087,79853981,5809683860249665
52311649,198.9187,79853981,5809893876219695
52314279,198.9287,79853981,5810103892189725
52316909,198.9387,79853981,5810313908159755
52319539,198.9487,79853981,5810523924129785
52322169,198.9587,79853981,5810733940099815
52324799,198.9687,79853981,5810943956069845
52327429,198.9787,79853981,5811153972039875
52330059,198.9887,79853981,5811363988009905
52332689,198.9987,79853981,5811574003979935
52335319,199.0087,79853981,5811784019949965
52337949,199.0187,79853981,5811994035919995
52340579,199.0287,79853981,5812204051890025
52343209,199.0387,79853981,5812414067860055
52345839,199.0487,79853981,5812624083830085
52348469,199.0587,79853981,5812834099800115
52351099,199.0687,79853981,5813044115770145
52353729,199.0787,79853981,5813254131740175
52356359,199.0887,79853981,5813464147710205
52358989,199.0987,79853981,5813674163680235
52361619,199.1087,79853981,5813884179650265
52364249,199.1188,79853981,5814094195620295
52366879,199.1288,79853981,5814304211590325
52369509,199.1388,79853981,5814514227560355
52372139,199.1488,79853981,5814724243530385
52374769,199.1588,79853981,5814934259500415
52377399,199.1688,79853981,5815144275470445
52380029,199.1788,79853981,5815354291440475
52382659,199.1888,79853981,5815564307410505
52385289,199.1988,79853981,5815774323380535
52387919,199.2088,79853981,5815984339350565
52390549,199.2188,79853981,5816194355320595
52393179,199.2288,79853981,5816404371290625
52395809,199.2388,79853981,5816614387260655
52398439,199.2488,79853981,5816824403230685
52401069,199.2588,79853981,5817034419200715
52403699,199.2688,79853981,5817244435170745
52406329,199.2788,79853981,5817454451140775
52408959,199.2888,79853981,5817664467110805
52411589,199.2988,79853981,5817874483080835
52414219,199.3088,79853981,5818084499050865
52416849,199.3188,79853981,5818294515020895
52419479,199.3288,79853981,5818504530990925
52422109,199.3388,79853981,5818714546960955
52424739,199.3488,79853981,5818924562930985
52427369,199.3588,79853981,5819134578901015
52429999,199.3688,79853981,5819344594871045
52432629,199.3788,79853981,5819554610841075
52435259,199.3888,79853981,5819764626811105
52437889,199.3988,79853981,5819974642781135
52440519,199.4088,79853981,5820184658751165
52443149,199.4188,79853981,5820394674721195
52445779,199.4288,79853981,5820604690691225
52448409,199.4388,79853981,5820814706661255
52451039,199.4488,79853981,5821024722631285
52453669,199.4588,79853981,5821234738601315
52456299,199.4688,79853981,5821444754571345
52458929,199.4788,79853981,5821654770541375
52461559,199.4888,79853981,5821864786511405
52464189,199.4988,79853981,5822074802481435
52466819,199.5088,79853981,5822284818451465
52469449,199.5188,79853981,5822494834421495
52472079,199.5288,79853981,5822704850391525
52474709,199.5388,79853981,5822914866361555
52477339,199.5488,79853981,5823124882331585
52479969,199.5588,79853981,5823334898301615
52482599,199.5688,79853981,5823544914271645
52485229,199.5788,79853981,5823754930241675
52487859,199.5888,79853981,5823964946211705
52490489,199.5988,79853981,5824174962181735
52493119,199.6088,79853981,5824384978151765
52495749,199.6188,79853981,5824594994121795
52498379,199.6288,79853981,5824805010091825
52501009,199.6388,79853981,5825015026061855
52503639,199.6488,79853981,5825225042031885
52506269,199.6588,79853981,5825435058001915
52508899,199.6688,79853981,5825645073971945
52511529,199.6788,79853981,5825855089941975
52514159,199.6888,79853981,5826065105912005
52516789,199.6988,79853981,5826275121882035
52519419,199.7088,79853981,5826485137852065
52522049,199.7188,79853981,5826695153822095
52524679,199.7288,79853981,5826905169792125
52527309,199.7388,79853981,5827115185762155
52529939,199.7488,79853981,5827325201732185
52532569,199.7588,79853981,5827535217702215
52535199,199.7688,79853981,5827745233672245
52537829,199.7788,79853981,5827955249642275
52540459,199.7888,79853981,5828165265612305
52543089,199.7988,79853981,5828375281582335
52545719,199.8088,79853981,5828585297552365
52548349,199.8188,79853981,5828795313522395
52550979,199.8288,79853981,5829005329492425
52553609,199.8388,79853981,5829215345462455
52556239,199.8488,79853981,5829425361432485
52558869,199.8588,79853981,5829635377402515
52561499,199.8688,79853981,5829845393372545
52564129,199.8788,79853981,5830055409342575
52566759,199.8888,79853981,5830265425312605
52569389,199.8988,79853981,5830475441282635
52572019,199.9088,79853981,5830685457252665
52574649,199.9188,79853981,5830895473222695
52577279,199.9288,79853981,5831105489192725
52579909,199.9388,79853981,5831315505162755
52582539,199.9488,79853981,5831525521132785
52585169,199.9588,79853981,5831735537102815
52587799,199.9688,79853981,5831945553072845
52590429,199.9788,79853981,5832155569042875
52593059,199.9888,79853981,5832365585012905
52595689,199.9988,79853981,5832575600982935
52596000,200.0000,79853981,5832600435571026
